2025-10-25 08:51:25.154 | DEBUG    | scripts.xloto.adapter.xloto:__init__:211 - XLOTO adapter initialized
2025-10-25 08:51:25.155 | INFO     | scripts.xloto.adapter.xloto:run:316 - ================================================================================
2025-10-25 08:51:25.156 | INFO     | scripts.xloto.adapter.xloto:run:317 - XLOTO Pipeline Starting
2025-10-25 08:51:25.157 | INFO     | scripts.xloto.adapter.xloto:run:318 - ================================================================================
2025-10-25 08:51:25.157 | INFO     | scripts.xloto.adapter.xloto:run:323 - [1/4] Loading Excel file...
2025-10-25 08:51:25.158 | DEBUG    | scripts.xloto.adapter.xloto:run:327 -   Excel path from policy: M:/CALife/CAShop - 구매대행/_code/scripts/xloto/test/01.All Product List.xlsx
2025-10-25 08:51:25.171 | INFO     | xl_utils.adapter.excel_load:__init__:118 - ExcelLoad initialized (app mode)
2025-10-25 08:51:25.172 | DEBUG    | xl_utils.adapter.excel_load:open:172 - Opening Excel App (app mode)
2025-10-25 08:51:26.746 | INFO     | xl_utils.adapter.excel_load:open:198 - Excel App opened (app mode)
2025-10-25 08:51:26.748 | DEBUG    | xl_utils.adapter.excel_load:open_workbook:230 - Opening workbook: 01.All Product List.xlsx
2025-10-25 08:51:27.251 | INFO     | xl_utils.adapter.excel_load:open_workbook:240 - Workbook opened: 01.All Product List.xlsx
2025-10-25 08:51:27.252 | DEBUG    | xl_utils.adapter.excel_load:get_worksheet:298 - Accessing worksheet: Purchase
2025-10-25 08:51:27.494 | INFO     | xl_utils.adapter.excel_load:get_worksheet:312 - Worksheet accessed: Purchase
2025-10-25 08:51:27.529 | SUCCESS  | scripts.xloto.adapter.xloto:run:348 -   Loaded DataFrame: 4 rows
2025-10-25 08:51:27.530 | INFO     | scripts.xloto.adapter.xloto:run:353 - [2/4] Extracting CAS No...
2025-10-25 08:51:27.970 | DEBUG    | xl_utils.adapter.excel_load:close:330 - Excel file closed
2025-10-25 08:51:27.970 | ERROR    | scripts.xloto.adapter.xloto:run:462 - AttributeError: 'XlOTO' object has no attribute '_cas_extractor'
2025-10-25 08:51:27.974 | ERROR    | scripts.xloto.adapter.xloto:run:465 - Traceback (most recent call last):
  File "M:\CALife\CAShop - 구매대행\_code\scripts\xloto\adapter\xloto.py", line 359, in run
    cas_list = self.cas_extractor.extract(df, ws.column_resolver)
               ^^^^^^^^^^^^^^^^^^
  File "M:\CALife\CAShop - 구매대행\_code\scripts\xloto\adapter\xloto.py", line 255, in cas_extractor
    if self._cas_extractor is None:
       ^^^^^^^^^^^^^^^^^^^
AttributeError: 'XlOTO' object has no attribute '_cas_extractor'. Did you mean: 'cas_extractor'?

2025-10-25 08:51:48.862 | DEBUG    | scripts.xloto.adapter.xloto:__init__:214 - XLOTO adapter initialized
2025-10-25 08:51:48.863 | INFO     | scripts.xloto.adapter.xloto:run:319 - ================================================================================
2025-10-25 08:51:48.863 | INFO     | scripts.xloto.adapter.xloto:run:320 - XLOTO Pipeline Starting
2025-10-25 08:51:48.864 | INFO     | scripts.xloto.adapter.xloto:run:321 - ================================================================================
2025-10-25 08:51:48.865 | INFO     | scripts.xloto.adapter.xloto:run:326 - [1/4] Loading Excel file...
2025-10-25 08:51:48.866 | DEBUG    | scripts.xloto.adapter.xloto:run:330 -   Excel path from policy: M:/CALife/CAShop - 구매대행/_code/scripts/xloto/test/01.All Product List.xlsx
2025-10-25 08:51:48.881 | INFO     | xl_utils.adapter.excel_load:__init__:118 - ExcelLoad initialized (app mode)
2025-10-25 08:51:48.882 | DEBUG    | xl_utils.adapter.excel_load:open:172 - Opening Excel App (app mode)
2025-10-25 08:51:50.196 | INFO     | xl_utils.adapter.excel_load:open:198 - Excel App opened (app mode)
2025-10-25 08:51:50.197 | DEBUG    | xl_utils.adapter.excel_load:open_workbook:230 - Opening workbook: 01.All Product List.xlsx
2025-10-25 08:51:50.653 | INFO     | xl_utils.adapter.excel_load:open_workbook:240 - Workbook opened: 01.All Product List.xlsx
2025-10-25 08:51:50.654 | DEBUG    | xl_utils.adapter.excel_load:get_worksheet:298 - Accessing worksheet: Purchase
2025-10-25 08:51:50.905 | INFO     | xl_utils.adapter.excel_load:get_worksheet:312 - Worksheet accessed: Purchase
2025-10-25 08:51:50.949 | SUCCESS  | scripts.xloto.adapter.xloto:run:351 -   Loaded DataFrame: 4 rows
2025-10-25 08:51:50.949 | INFO     | scripts.xloto.adapter.xloto:run:356 - [2/4] Extracting CAS No...
2025-10-25 08:51:51.386 | DEBUG    | xl_utils.adapter.excel_load:close:330 - Excel file closed
2025-10-25 08:51:51.386 | ERROR    | scripts.xloto.adapter.xloto:run:465 - NotImplementedError: FilterMixin must implement _default_policy()
2025-10-25 08:51:51.389 | ERROR    | scripts.xloto.adapter.xloto:run:468 - Traceback (most recent call last):
  File "M:\CALife\CAShop - 구매대행\_code\scripts\xloto\adapter\xloto.py", line 362, in run
    cas_list = self.cas_extractor.extract(df, ws.column_resolver)
               ^^^^^^^^^^^^^^^^^^
  File "M:\CALife\CAShop - 구매대행\_code\scripts\xloto\adapter\xloto.py", line 259, in cas_extractor
    self._cas_extractor = CasExtractor(
                          ^^^^^^^^^^^^^
  File "M:\CALife\CAShop - 구매대행\_code\scripts\xloto\services\cas_extractor.py", line 72, in __init__
    self.df_filter = FilterMixin()
                     ^^^^^^^^^^^^^
  File "M:\CALife\CAShop - 구매대행\_code\modules\structured_data\core\mixin.py", line 35, in __init__
    self.policy: PolicyT = policy if policy is not None else self._default_policy()
                                                             ^^^^^^^^^^^^^^^^^^^^^^
  File "M:\CALife\CAShop - 구매대행\_code\modules\structured_data\core\mixin.py", line 49, in _default_policy
    raise NotImplementedError(
NotImplementedError: FilterMixin must implement _default_policy()

2025-10-25 08:54:55.011 | DEBUG    | scripts.xloto.adapter.xloto:__init__:214 - XLOTO adapter initialized
2025-10-25 08:54:55.011 | INFO     | scripts.xloto.adapter.xloto:run:319 - ================================================================================
2025-10-25 08:54:55.012 | INFO     | scripts.xloto.adapter.xloto:run:320 - XLOTO Pipeline Starting
2025-10-25 08:54:55.013 | INFO     | scripts.xloto.adapter.xloto:run:321 - ================================================================================
2025-10-25 08:54:55.014 | INFO     | scripts.xloto.adapter.xloto:run:326 - [1/4] Loading Excel file...
2025-10-25 08:54:55.015 | DEBUG    | scripts.xloto.adapter.xloto:run:330 -   Excel path from policy: M:/CALife/CAShop - 구매대행/_code/scripts/xloto/test/01.All Product List.xlsx
2025-10-25 08:54:55.026 | INFO     | xl_utils.adapter.excel_load:__init__:118 - ExcelLoad initialized (app mode)
2025-10-25 08:54:55.027 | DEBUG    | xl_utils.adapter.excel_load:open:172 - Opening Excel App (app mode)
2025-10-25 08:54:56.217 | INFO     | xl_utils.adapter.excel_load:open:198 - Excel App opened (app mode)
2025-10-25 08:54:56.218 | DEBUG    | xl_utils.adapter.excel_load:open_workbook:230 - Opening workbook: 01.All Product List.xlsx
2025-10-25 08:54:56.677 | INFO     | xl_utils.adapter.excel_load:open_workbook:240 - Workbook opened: 01.All Product List.xlsx
2025-10-25 08:54:56.677 | DEBUG    | xl_utils.adapter.excel_load:get_worksheet:298 - Accessing worksheet: Purchase
2025-10-25 08:54:56.901 | INFO     | xl_utils.adapter.excel_load:get_worksheet:312 - Worksheet accessed: Purchase
2025-10-25 08:54:56.932 | SUCCESS  | scripts.xloto.adapter.xloto:run:351 -   Loaded DataFrame: 4 rows
2025-10-25 08:54:56.933 | INFO     | scripts.xloto.adapter.xloto:run:356 - [2/4] Extracting CAS No...
2025-10-25 08:54:57.333 | DEBUG    | xl_utils.adapter.excel_load:close:330 - Excel file closed
2025-10-25 08:54:57.334 | ERROR    | scripts.xloto.adapter.xloto:run:465 - NotImplementedError: FilterMixin must implement _default_policy()
2025-10-25 08:54:57.337 | ERROR    | scripts.xloto.adapter.xloto:run:468 - Traceback (most recent call last):
  File "M:\CALife\CAShop - 구매대행\_code\scripts\xloto\adapter\xloto.py", line 362, in run
    cas_list = self.cas_extractor.extract(df, ws.column_resolver)
               ^^^^^^^^^^^^^^^^^^
  File "M:\CALife\CAShop - 구매대행\_code\scripts\xloto\adapter\xloto.py", line 259, in cas_extractor
    self._cas_extractor = CasExtractor(
                          ^^^^^^^^^^^^^
  File "M:\CALife\CAShop - 구매대행\_code\scripts\xloto\services\cas_extractor.py", line 72, in __init__
    self.df_filter = FilterMixin()
                     ^^^^^^^^^^^^^
  File "M:\CALife\CAShop - 구매대행\_code\modules\structured_data\core\mixin.py", line 35, in __init__
    self.policy: PolicyT = policy if policy is not None else self._default_policy()
                                                             ^^^^^^^^^^^^^^^^^^^^^^
  File "M:\CALife\CAShop - 구매대행\_code\modules\structured_data\core\mixin.py", line 49, in _default_policy
    raise NotImplementedError(
NotImplementedError: FilterMixin must implement _default_policy()

2025-10-25 08:57:09.347 | DEBUG    | scripts.xloto.adapter.xloto:__init__:214 - XLOTO adapter initialized
2025-10-25 08:57:09.347 | INFO     | scripts.xloto.adapter.xloto:run:319 - ================================================================================
2025-10-25 08:57:09.348 | INFO     | scripts.xloto.adapter.xloto:run:320 - XLOTO Pipeline Starting
2025-10-25 08:57:09.349 | INFO     | scripts.xloto.adapter.xloto:run:321 - ================================================================================
2025-10-25 08:57:09.350 | INFO     | scripts.xloto.adapter.xloto:run:326 - [1/4] Loading Excel file...
2025-10-25 08:57:09.351 | DEBUG    | scripts.xloto.adapter.xloto:run:330 -   Excel path from policy: M:/CALife/CAShop - 구매대행/_code/scripts/xloto/test/01.All Product List.xlsx
2025-10-25 08:57:09.362 | INFO     | xl_utils.adapter.excel_load:__init__:118 - ExcelLoad initialized (app mode)
2025-10-25 08:57:09.363 | DEBUG    | xl_utils.adapter.excel_load:open:172 - Opening Excel App (app mode)
2025-10-25 08:57:10.642 | INFO     | xl_utils.adapter.excel_load:open:198 - Excel App opened (app mode)
2025-10-25 08:57:10.644 | DEBUG    | xl_utils.adapter.excel_load:open_workbook:230 - Opening workbook: 01.All Product List.xlsx
2025-10-25 08:57:11.117 | INFO     | xl_utils.adapter.excel_load:open_workbook:240 - Workbook opened: 01.All Product List.xlsx
2025-10-25 08:57:11.119 | DEBUG    | xl_utils.adapter.excel_load:get_worksheet:298 - Accessing worksheet: Purchase
2025-10-25 08:57:11.360 | INFO     | xl_utils.adapter.excel_load:get_worksheet:312 - Worksheet accessed: Purchase
2025-10-25 08:57:11.398 | SUCCESS  | scripts.xloto.adapter.xloto:run:351 -   Loaded DataFrame: 4 rows
2025-10-25 08:57:11.399 | INFO     | scripts.xloto.adapter.xloto:run:356 - [2/4] Extracting CAS No...
2025-10-25 08:57:11.831 | DEBUG    | xl_utils.adapter.excel_load:close:330 - Excel file closed
2025-10-25 08:57:11.831 | ERROR    | scripts.xloto.adapter.xloto:run:465 - NotImplementedError: FilterMixin must implement _default_policy()
2025-10-25 08:57:11.835 | ERROR    | scripts.xloto.adapter.xloto:run:468 - Traceback (most recent call last):
  File "M:\CALife\CAShop - 구매대행\_code\scripts\xloto\adapter\xloto.py", line 362, in run
    cas_list = self.cas_extractor.extract(df, ws.column_resolver)
               ^^^^^^^^^^^^^^^^^^
  File "M:\CALife\CAShop - 구매대행\_code\scripts\xloto\adapter\xloto.py", line 259, in cas_extractor
    self._cas_extractor = CasExtractor(
                          ^^^^^^^^^^^^^
  File "M:\CALife\CAShop - 구매대행\_code\scripts\xloto\services\cas_extractor.py", line 72, in __init__
    self.df_filter = FilterMixin()
                     ^^^^^^^^^^^^^
  File "M:\CALife\CAShop - 구매대행\_code\modules\structured_data\core\mixin.py", line 35, in __init__
    self.policy: PolicyT = policy if policy is not None else self._default_policy()
                                                             ^^^^^^^^^^^^^^^^^^^^^^
  File "M:\CALife\CAShop - 구매대행\_code\modules\structured_data\core\mixin.py", line 49, in _default_policy
    raise NotImplementedError(
NotImplementedError: FilterMixin must implement _default_policy()

2025-10-25 08:58:47.426 | DEBUG    | scripts.xloto.adapter.xloto:__init__:214 - XLOTO adapter initialized
2025-10-25 08:58:47.427 | INFO     | scripts.xloto.adapter.xloto:run:319 - ================================================================================
2025-10-25 08:58:47.427 | INFO     | scripts.xloto.adapter.xloto:run:320 - XLOTO Pipeline Starting
2025-10-25 08:58:47.429 | INFO     | scripts.xloto.adapter.xloto:run:321 - ================================================================================
2025-10-25 08:58:47.430 | INFO     | scripts.xloto.adapter.xloto:run:326 - [1/4] Loading Excel file...
2025-10-25 08:58:47.431 | DEBUG    | scripts.xloto.adapter.xloto:run:330 -   Excel path from policy: M:/CALife/CAShop - 구매대행/_code/scripts/xloto/test/01.All Product List.xlsx
2025-10-25 08:58:47.441 | INFO     | xl_utils.adapter.excel_load:__init__:118 - ExcelLoad initialized (app mode)
2025-10-25 08:58:47.442 | DEBUG    | xl_utils.adapter.excel_load:open:172 - Opening Excel App (app mode)
2025-10-25 08:58:48.711 | INFO     | xl_utils.adapter.excel_load:open:198 - Excel App opened (app mode)
2025-10-25 08:58:48.713 | DEBUG    | xl_utils.adapter.excel_load:open_workbook:230 - Opening workbook: 01.All Product List.xlsx
2025-10-25 08:58:49.173 | INFO     | xl_utils.adapter.excel_load:open_workbook:240 - Workbook opened: 01.All Product List.xlsx
2025-10-25 08:58:49.175 | DEBUG    | xl_utils.adapter.excel_load:get_worksheet:298 - Accessing worksheet: Purchase
2025-10-25 08:58:49.445 | INFO     | xl_utils.adapter.excel_load:get_worksheet:312 - Worksheet accessed: Purchase
2025-10-25 08:58:49.493 | SUCCESS  | scripts.xloto.adapter.xloto:run:351 -   Loaded DataFrame: 4 rows
2025-10-25 08:58:49.494 | INFO     | scripts.xloto.adapter.xloto:run:356 - [2/4] Extracting CAS No...
2025-10-25 08:58:49.495 | DEBUG    | scripts.xloto.adapter.xloto:cas_extractor:263 - CasExtractor created
2025-10-25 08:58:49.501 | SUCCESS  | scripts.xloto.adapter.xloto:run:364 -   Extracted 1 CAS No
2025-10-25 08:58:49.503 | INFO     | scripts.xloto.adapter.xloto:run:375 - [3/4] Processing 1 CAS No...
2025-10-25 08:58:49.504 | INFO     | scripts.xloto.adapter.xloto:run:382 -   [1/1] Processing: CAPEA-001
2025-10-25 08:58:49.505 | DEBUG    | scripts.xloto.adapter.xloto:image_manager:252 - ImageFileManager created
2025-10-25 08:58:49.506 | INFO     | scripts.xloto.adapter.xloto:run:387 -     No images to process
2025-10-25 08:58:49.934 | DEBUG    | xl_utils.adapter.excel_load:close:330 - Excel file closed
2025-10-25 08:58:49.936 | INFO     | scripts.xloto.adapter.xloto:run:457 - ================================================================================
2025-10-25 08:58:49.937 | SUCCESS  | scripts.xloto.adapter.xloto:run:458 - XLOTO Pipeline Completed
2025-10-25 08:58:49.938 | INFO     | scripts.xloto.adapter.xloto:run:459 -    Total: 1
2025-10-25 08:58:49.938 | INFO     | scripts.xloto.adapter.xloto:run:460 -    Processed: 0
2025-10-25 08:58:49.939 | INFO     | scripts.xloto.adapter.xloto:run:461 - ================================================================================
2025-10-25 09:02:51.359 | DEBUG    | scripts.xloto.adapter.xloto:__init__:214 - XLOTO adapter initialized
2025-10-25 09:02:51.359 | INFO     | scripts.xloto.adapter.xloto:run:319 - ================================================================================
2025-10-25 09:02:51.360 | INFO     | scripts.xloto.adapter.xloto:run:320 - XLOTO Pipeline Starting
2025-10-25 09:02:51.361 | INFO     | scripts.xloto.adapter.xloto:run:321 - ================================================================================
2025-10-25 09:02:51.361 | INFO     | scripts.xloto.adapter.xloto:run:326 - [1/4] Loading Excel file...
2025-10-25 09:02:51.362 | DEBUG    | scripts.xloto.adapter.xloto:run:330 -   Excel path from policy: M:/CALife/CAShop - 구매대행/_code/scripts/xloto/test/01.All Product List.xlsx
2025-10-25 09:02:51.374 | INFO     | xl_utils.adapter.excel_load:__init__:118 - ExcelLoad initialized (app mode)
2025-10-25 09:02:51.375 | DEBUG    | xl_utils.adapter.excel_load:open:172 - Opening Excel App (app mode)
2025-10-25 09:02:52.601 | INFO     | xl_utils.adapter.excel_load:open:198 - Excel App opened (app mode)
2025-10-25 09:02:52.603 | DEBUG    | xl_utils.adapter.excel_load:open_workbook:230 - Opening workbook: 01.All Product List.xlsx
2025-10-25 09:02:53.057 | INFO     | xl_utils.adapter.excel_load:open_workbook:240 - Workbook opened: 01.All Product List.xlsx
2025-10-25 09:02:53.058 | DEBUG    | xl_utils.adapter.excel_load:get_worksheet:298 - Accessing worksheet: Purchase
2025-10-25 09:02:53.286 | INFO     | xl_utils.adapter.excel_load:get_worksheet:312 - Worksheet accessed: Purchase
2025-10-25 09:02:53.324 | SUCCESS  | scripts.xloto.adapter.xloto:run:351 -   Loaded DataFrame: 4 rows
2025-10-25 09:02:53.324 | INFO     | scripts.xloto.adapter.xloto:run:356 - [2/4] Extracting CAS No...
2025-10-25 09:02:53.325 | DEBUG    | scripts.xloto.adapter.xloto:cas_extractor:263 - CasExtractor created
2025-10-25 09:02:53.331 | SUCCESS  | scripts.xloto.adapter.xloto:run:364 -   Extracted 1 CAS No
2025-10-25 09:02:53.331 | INFO     | scripts.xloto.adapter.xloto:run:375 - [3/4] Processing 1 CAS No...
2025-10-25 09:02:53.333 | INFO     | scripts.xloto.adapter.xloto:run:382 -   [1/1] Processing: CAPEA-001
2025-10-25 09:02:53.334 | DEBUG    | scripts.xloto.adapter.xloto:image_manager:252 - ImageFileManager created
2025-10-25 09:02:53.335 | INFO     | scripts.xloto.adapter.xloto:run:387 -     No images to process
2025-10-25 09:02:53.758 | DEBUG    | xl_utils.adapter.excel_load:close:330 - Excel file closed
2025-10-25 09:02:53.759 | INFO     | scripts.xloto.adapter.xloto:run:457 - ================================================================================
2025-10-25 09:02:53.760 | SUCCESS  | scripts.xloto.adapter.xloto:run:458 - XLOTO Pipeline Completed
2025-10-25 09:02:53.760 | INFO     | scripts.xloto.adapter.xloto:run:459 -    Total: 1
2025-10-25 09:02:53.761 | INFO     | scripts.xloto.adapter.xloto:run:460 -    Processed: 0
2025-10-25 09:02:53.762 | INFO     | scripts.xloto.adapter.xloto:run:461 - ================================================================================
2025-10-25 09:09:46.562 | DEBUG    | scripts.xloto.adapter.xloto:__init__:214 - XLOTO adapter initialized
2025-10-25 09:09:46.562 | INFO     | scripts.xloto.adapter.xloto:run:319 - ================================================================================
2025-10-25 09:09:46.563 | INFO     | scripts.xloto.adapter.xloto:run:320 - XLOTO Pipeline Starting
2025-10-25 09:09:46.564 | INFO     | scripts.xloto.adapter.xloto:run:321 - ================================================================================
2025-10-25 09:09:46.565 | INFO     | scripts.xloto.adapter.xloto:run:326 - [1/4] Loading Excel file...
2025-10-25 09:09:46.565 | DEBUG    | scripts.xloto.adapter.xloto:run:330 -   Excel path from policy: M:/CALife/CAShop - 구매대행/_code/scripts/xloto/test/01.All Product List.xlsx
2025-10-25 09:09:46.576 | INFO     | xl_utils.adapter.excel_load:__init__:118 - ExcelLoad initialized (app mode)
2025-10-25 09:09:46.577 | DEBUG    | xl_utils.adapter.excel_load:open:172 - Opening Excel App (app mode)
2025-10-25 09:09:47.922 | INFO     | xl_utils.adapter.excel_load:open:198 - Excel App opened (app mode)
2025-10-25 09:09:47.924 | DEBUG    | xl_utils.adapter.excel_load:open_workbook:230 - Opening workbook: 01.All Product List.xlsx
2025-10-25 09:09:48.440 | INFO     | xl_utils.adapter.excel_load:open_workbook:240 - Workbook opened: 01.All Product List.xlsx
2025-10-25 09:09:48.441 | DEBUG    | xl_utils.adapter.excel_load:get_worksheet:298 - Accessing worksheet: Purchase
2025-10-25 09:09:48.707 | INFO     | xl_utils.adapter.excel_load:get_worksheet:312 - Worksheet accessed: Purchase
2025-10-25 09:09:48.751 | SUCCESS  | scripts.xloto.adapter.xloto:run:351 -   Loaded DataFrame: 4 rows
2025-10-25 09:09:48.752 | INFO     | scripts.xloto.adapter.xloto:run:356 - [2/4] Extracting CAS No...
2025-10-25 09:09:48.753 | DEBUG    | scripts.xloto.adapter.xloto:cas_extractor:263 - CasExtractor created
2025-10-25 09:09:48.760 | SUCCESS  | scripts.xloto.adapter.xloto:run:364 -   Extracted 1 CAS No
2025-10-25 09:09:48.761 | INFO     | scripts.xloto.adapter.xloto:run:375 - [3/4] Processing 1 CAS No...
2025-10-25 09:09:48.762 | INFO     | scripts.xloto.adapter.xloto:run:382 -   [1/1] Processing: CAPEA-001
2025-10-25 09:09:48.763 | DEBUG    | scripts.xloto.adapter.xloto:image_manager:252 - ImageFileManager created
2025-10-25 09:09:48.767 | INFO     | scripts.xloto.adapter.xloto:run:395 -     Found 4 images
2025-10-25 09:09:48.768 | INFO     | scripts.xloto.adapter.xloto:run:404 -     [1/4] 01.jpg
2025-10-25 09:09:48.769 | DEBUG    | oto.adapter.oto:__init__:238 - Oto adapter initialized (parent logger only)
2025-10-25 09:09:48.770 | DEBUG    | scripts.xloto.adapter.xloto:OTO:240 - OTO adapter created
2025-10-25 09:09:48.770 | INFO     | oto.adapter.oto:run:375 - ================================================================================
2025-10-25 09:09:48.771 | INFO     | oto.adapter.oto:run:376 - 🖼️  Oto Pipeline: 01.jpg
2025-10-25 09:09:48.771 | INFO     | oto.adapter.oto:run:377 - ================================================================================

2025-10-25 09:09:48.772 | INFO     | oto.adapter.oto:run:382 - [0/5] ImageLoad: Loading image...
2025-10-25 09:09:48.777 | DEBUG    | image_utils.adapter.load:__init__:63 - ImageLoad initialized with dual logging
2025-10-25 09:09:48.779 | INFO     | image_utils.adapter.load:_log_both:88 - Loading from: M:\CALife\CAShop - 구매대행\_code\scripts\xloto\test\images\CAPEA-001\input\01.jpg
2025-10-25 09:09:48.832 | SUCCESS  | image_utils.adapter.load:_log_both:88 - Completed: (1500, 2322) -> (1500, 2322)
2025-10-25 09:09:48.850 | INFO     | image_utils.adapter.load:_log_both:88 - Image saved: M:\CALife\CAShop - 구매대행\_code\scripts\xloto\test\images\01_copy_01_2025-10-25_09-09-48.jpg
2025-10-25 09:09:48.854 | INFO     | image_utils.adapter.load:_log_both:88 - Metadata saved: M:\CALife\CAShop - 구매대행\_code\scripts\xloto\test\images\01_image_meta_01_2025-10-25_09-09-48
2025-10-25 09:09:48.858 | SUCCESS  | oto.adapter.oto:run:408 - ✅ Image loaded: (1500, 2322) RGB
2025-10-25 09:09:48.859 | INFO     | oto.adapter.oto:run:413 - 
[1/5] ImageTextRecognize: Running OCR...
2025-10-25 09:09:48.867 | DEBUG    | image_utils.adapter.text_recognize:__init__:96 - ImageTextRecognize initialized with dual logging
2025-10-25 09:09:48.867 | INFO     | image_utils.adapter.text_recognize:run:226 - Running OCR on image: (1500, 2322) RGB
2025-10-25 09:09:59.739 | INFO     | image_utils.adapter.text_recognize:_load_ocr_engine:150 - Initializing PaddleOCR: langs=['ch', 'en']
2025-10-25 09:09:59.741 | INFO     | image_utils.adapter.text_recognize:_load_ocr_engine:161 -   use_doc_orientation_classify: False
2025-10-25 09:09:59.741 | INFO     | image_utils.adapter.text_recognize:_load_ocr_engine:162 -   use_doc_unwarping: False
2025-10-25 09:10:13.643 | SUCCESS  | image_utils.adapter.text_recognize:_load_ocr_engine:165 - PaddleOCR initialized successfully
2025-10-25 09:10:24.850 | INFO     | image_utils.adapter.text_recognize:run:254 - OCR detected 13 items
2025-10-25 09:10:24.853 | DEBUG    | image_utils.adapter.text_recognize:_postprocess_items:464 - Stripped special chars: '200W/PD快充新高度' -> '200W PD快充新高度'
2025-10-25 09:10:24.856 | INFO     | image_utils.adapter.text_recognize:_postprocess_items:474 - Filtered alphanumeric-only items: 13 -> 12
2025-10-25 09:10:24.857 | SUCCESS  | image_utils.adapter.text_recognize:run:259 - OCR completed: 12 items after postprocessing
2025-10-25 09:10:24.873 | INFO     | image_utils.adapter.text_recognize:_log_both:125 - OCR image saved: M:\CALife\CAShop - 구매대행\_code\scripts\xloto\test\images\01_text_recognize_001.jpg
2025-10-25 09:10:24.879 | INFO     | image_utils.adapter.text_recognize:_log_both:125 - OCR metadata saved: M:\CALife\CAShop - 구매대행\_code\scripts\xloto\test\images\01_text_recognize_meta.json
2025-10-25 09:10:24.881 | SUCCESS  | oto.adapter.oto:run:434 - ✅ OCR completed: 12 items
2025-10-25 09:10:24.883 | INFO     | oto.adapter.oto:run:444 - 
[2/5] Translate: Translating texts...
2025-10-25 09:10:24.884 | INFO     | oto.adapter.oto:run:454 -   Original texts: 12
2025-10-25 09:10:24.893 | DEBUG    | translate_utils.adapter.translate:__init__:106 - Translate initialized with dual logging
2025-10-25 09:10:24.895 | INFO     | translate_utils.adapter.translate:run:251 - [Translate] Translating 12 texts
2025-10-25 09:10:24.896 | DEBUG    | translate_utils.adapter.translate:pipeline:177 - Creating translation pipeline
2025-10-25 09:10:24.901 | DEBUG    | translate_utils.adapter.translate:provider:161 - Creating provider: deepl
2025-10-25 09:10:24.904 | SUCCESS  | translate_utils.adapter.translate:run:302 - [Translate] Completed: 9 translations
2025-10-25 09:10:24.905 | SUCCESS  | oto.adapter.oto:run:487 - ✅ Translation completed: 9 texts
2025-10-25 09:10:24.906 | INFO     | oto.adapter.oto:run:492 - 
[3/5] Conversion: OCRItem → OverlayItem...
2025-10-25 09:10:24.908 | SUCCESS  | oto.adapter.oto:run:508 - ✅ Converted: 12 overlay items
2025-10-25 09:10:24.908 | INFO     | oto.adapter.oto:run:513 - 
[4/5] ImageOverlay: Rendering overlay + saving...
2025-10-25 09:10:24.917 | DEBUG    | image_utils.adapter.overlay:__init__:88 - ImageOverlay initialized with dual logging
2025-10-25 09:10:24.919 | INFO     | image_utils.adapter.overlay:run:206 - Overlaying 12 items on image (1500, 2322)...
2025-10-25 09:10:24.975 | DEBUG    | image_utils.adapter.overlay:run:253 - Compositing layers...
2025-10-25 09:10:25.007 | SUCCESS  | image_utils.adapter.overlay:run:274 - Overlay completed: 12 items rendered
2025-10-25 09:10:25.265 | ERROR    | image_utils.adapter.overlay:_log_both:117 - Failed to save overlaid image: unknown file extension: 
2025-10-25 09:10:25.271 | INFO     | image_utils.adapter.overlay:_log_both:117 - Overlay metadata saved: M:\CALife\CAShop - 구매대행\_code\scripts\xloto\test\images\01_overlay_meta.json
2025-10-25 09:10:25.276 | SUCCESS  | oto.adapter.oto:run:538 - ✅ Overlay completed (Adapter handled save/meta)
2025-10-25 09:10:25.277 | INFO     | oto.adapter.oto:run:542 - 
================================================================================
2025-10-25 09:10:25.278 | SUCCESS  | oto.adapter.oto:run:543 - ✅ Oto Pipeline Completed: 01.jpg
2025-10-25 09:10:25.279 | INFO     | oto.adapter.oto:run:544 - ================================================================================

2025-10-25 09:10:25.281 | SUCCESS  | scripts.xloto.adapter.xloto:run:415 -       Saved to: M:\CALife\CAShop - 구매대행\_code\scripts\xloto\test\images\CAPEA-001\output\01.jpg
2025-10-25 09:10:25.282 | INFO     | scripts.xloto.adapter.xloto:run:404 -     [2/4] 02.jpg
2025-10-25 09:10:25.283 | INFO     | oto.adapter.oto:run:375 - ================================================================================
2025-10-25 09:10:25.284 | INFO     | oto.adapter.oto:run:376 - 🖼️  Oto Pipeline: 02.jpg
2025-10-25 09:10:25.285 | INFO     | oto.adapter.oto:run:377 - ================================================================================

2025-10-25 09:10:25.286 | INFO     | oto.adapter.oto:run:382 - [0/5] ImageLoad: Loading image...
2025-10-25 09:10:25.288 | INFO     | image_utils.adapter.load:_log_both:88 - Loading from: M:\CALife\CAShop - 구매대행\_code\scripts\xloto\test\images\CAPEA-001\input\02.jpg
2025-10-25 09:10:25.313 | SUCCESS  | image_utils.adapter.load:_log_both:88 - Completed: (1500, 2322) -> (1500, 2322)
2025-10-25 09:10:25.329 | INFO     | image_utils.adapter.load:_log_both:88 - Image saved: M:\CALife\CAShop - 구매대행\_code\scripts\xloto\test\images\02_copy_01_2025-10-25_09-10-25.jpg
2025-10-25 09:10:25.332 | INFO     | image_utils.adapter.load:_log_both:88 - Metadata saved: M:\CALife\CAShop - 구매대행\_code\scripts\xloto\test\images\02_image_meta_01_2025-10-25_09-10-25
2025-10-25 09:10:25.335 | SUCCESS  | oto.adapter.oto:run:408 - ✅ Image loaded: (1500, 2322) RGB
2025-10-25 09:10:25.336 | INFO     | oto.adapter.oto:run:413 - 
[1/5] ImageTextRecognize: Running OCR...
2025-10-25 09:10:25.337 | INFO     | image_utils.adapter.text_recognize:run:226 - Running OCR on image: (1500, 2322) RGB
2025-10-25 09:10:35.891 | INFO     | image_utils.adapter.text_recognize:run:254 - OCR detected 13 items
2025-10-25 09:10:35.892 | DEBUG    | image_utils.adapter.text_recognize:_postprocess_items:464 - Stripped special chars: '200W/PD快充新高度' -> '200W PD快充新高度'
2025-10-25 09:10:35.893 | INFO     | image_utils.adapter.text_recognize:_postprocess_items:474 - Filtered alphanumeric-only items: 13 -> 12
2025-10-25 09:10:35.894 | SUCCESS  | image_utils.adapter.text_recognize:run:259 - OCR completed: 12 items after postprocessing
2025-10-25 09:10:35.908 | INFO     | image_utils.adapter.text_recognize:_log_both:125 - OCR image saved: M:\CALife\CAShop - 구매대행\_code\scripts\xloto\test\images\02_text_recognize_001.jpg
2025-10-25 09:10:35.912 | INFO     | image_utils.adapter.text_recognize:_log_both:125 - OCR metadata saved: M:\CALife\CAShop - 구매대행\_code\scripts\xloto\test\images\02_text_recognize_meta.json
2025-10-25 09:10:35.913 | SUCCESS  | oto.adapter.oto:run:434 - ✅ OCR completed: 12 items
2025-10-25 09:10:35.914 | INFO     | oto.adapter.oto:run:444 - 
[2/5] Translate: Translating texts...
2025-10-25 09:10:35.915 | INFO     | oto.adapter.oto:run:454 -   Original texts: 12
2025-10-25 09:10:35.915 | INFO     | translate_utils.adapter.translate:run:251 - [Translate] Translating 12 texts
2025-10-25 09:10:35.916 | INFO     | translate_utils.services.pipeline:run:89 - [Pipeline] Translating 9 uncached segments (bulk)
2025-10-25 09:10:36.815 | SUCCESS  | translate_utils.adapter.translate:run:302 - [Translate] Completed: 9 translations
2025-10-25 09:10:36.815 | SUCCESS  | oto.adapter.oto:run:487 - ✅ Translation completed: 9 texts
2025-10-25 09:10:36.817 | INFO     | oto.adapter.oto:run:492 - 
[3/5] Conversion: OCRItem → OverlayItem...
2025-10-25 09:10:36.819 | SUCCESS  | oto.adapter.oto:run:508 - ✅ Converted: 12 overlay items
2025-10-25 09:10:36.820 | INFO     | oto.adapter.oto:run:513 - 
[4/5] ImageOverlay: Rendering overlay + saving...
2025-10-25 09:10:36.822 | INFO     | image_utils.adapter.overlay:run:206 - Overlaying 12 items on image (1500, 2322)...
2025-10-25 09:10:36.873 | DEBUG    | image_utils.adapter.overlay:run:253 - Compositing layers...
2025-10-25 09:10:36.910 | SUCCESS  | image_utils.adapter.overlay:run:274 - Overlay completed: 12 items rendered
2025-10-25 09:10:36.912 | ERROR    | image_utils.adapter.overlay:_log_both:117 - Failed to save overlaid image: unknown file extension: 
2025-10-25 09:10:36.920 | INFO     | image_utils.adapter.overlay:_log_both:117 - Overlay metadata saved: M:\CALife\CAShop - 구매대행\_code\scripts\xloto\test\images\02_overlay_meta.json
2025-10-25 09:10:36.924 | SUCCESS  | oto.adapter.oto:run:538 - ✅ Overlay completed (Adapter handled save/meta)
2025-10-25 09:10:36.925 | INFO     | oto.adapter.oto:run:542 - 
================================================================================
2025-10-25 09:10:36.926 | SUCCESS  | oto.adapter.oto:run:543 - ✅ Oto Pipeline Completed: 02.jpg
2025-10-25 09:10:36.926 | INFO     | oto.adapter.oto:run:544 - ================================================================================

2025-10-25 09:10:36.929 | SUCCESS  | scripts.xloto.adapter.xloto:run:415 -       Saved to: M:\CALife\CAShop - 구매대행\_code\scripts\xloto\test\images\CAPEA-001\output\02.jpg
2025-10-25 09:10:36.930 | INFO     | scripts.xloto.adapter.xloto:run:404 -     [3/4] 01.jpg
2025-10-25 09:10:36.931 | INFO     | oto.adapter.oto:run:375 - ================================================================================
2025-10-25 09:10:36.931 | INFO     | oto.adapter.oto:run:376 - 🖼️  Oto Pipeline: 01.jpg
2025-10-25 09:10:36.932 | INFO     | oto.adapter.oto:run:377 - ================================================================================

2025-10-25 09:10:36.932 | INFO     | oto.adapter.oto:run:382 - [0/5] ImageLoad: Loading image...
2025-10-25 09:10:36.934 | INFO     | image_utils.adapter.load:_log_both:88 - Loading from: M:\CALife\CAShop - 구매대행\_code\scripts\xloto\test\images\CAPEA-001\input\01.jpg
2025-10-25 09:10:36.957 | SUCCESS  | image_utils.adapter.load:_log_both:88 - Completed: (1500, 2322) -> (1500, 2322)
2025-10-25 09:10:36.976 | INFO     | image_utils.adapter.load:_log_both:88 - Image saved: M:\CALife\CAShop - 구매대행\_code\scripts\xloto\test\images\01_copy_01_2025-10-25_09-10-36.jpg
2025-10-25 09:10:36.979 | INFO     | image_utils.adapter.load:_log_both:88 - Metadata saved: M:\CALife\CAShop - 구매대행\_code\scripts\xloto\test\images\01_image_meta_01_2025-10-25_09-10-36
2025-10-25 09:10:36.983 | SUCCESS  | oto.adapter.oto:run:408 - ✅ Image loaded: (1500, 2322) RGB
2025-10-25 09:10:36.984 | INFO     | oto.adapter.oto:run:413 - 
[1/5] ImageTextRecognize: Running OCR...
2025-10-25 09:10:36.985 | INFO     | image_utils.adapter.text_recognize:run:226 - Running OCR on image: (1500, 2322) RGB
2025-10-25 09:10:48.657 | INFO     | image_utils.adapter.text_recognize:run:254 - OCR detected 13 items
2025-10-25 09:10:48.659 | DEBUG    | image_utils.adapter.text_recognize:_postprocess_items:464 - Stripped special chars: '200W/PD快充新高度' -> '200W PD快充新高度'
2025-10-25 09:10:48.659 | INFO     | image_utils.adapter.text_recognize:_postprocess_items:474 - Filtered alphanumeric-only items: 13 -> 12
2025-10-25 09:10:48.660 | SUCCESS  | image_utils.adapter.text_recognize:run:259 - OCR completed: 12 items after postprocessing
2025-10-25 09:10:48.676 | INFO     | image_utils.adapter.text_recognize:_log_both:125 - OCR image saved: M:\CALife\CAShop - 구매대행\_code\scripts\xloto\test\images\01_text_recognize_002.jpg
2025-10-25 09:10:48.681 | INFO     | image_utils.adapter.text_recognize:_log_both:125 - OCR metadata saved: M:\CALife\CAShop - 구매대행\_code\scripts\xloto\test\images\01_text_recognize_meta.json
2025-10-25 09:10:48.682 | SUCCESS  | oto.adapter.oto:run:434 - ✅ OCR completed: 12 items
2025-10-25 09:10:48.683 | INFO     | oto.adapter.oto:run:444 - 
[2/5] Translate: Translating texts...
2025-10-25 09:10:48.684 | INFO     | oto.adapter.oto:run:454 -   Original texts: 12
2025-10-25 09:10:48.684 | INFO     | translate_utils.adapter.translate:run:251 - [Translate] Translating 12 texts
2025-10-25 09:10:48.685 | INFO     | translate_utils.services.pipeline:run:89 - [Pipeline] Translating 9 uncached segments (bulk)
2025-10-25 09:10:48.993 | SUCCESS  | translate_utils.adapter.translate:run:302 - [Translate] Completed: 9 translations
2025-10-25 09:10:48.994 | SUCCESS  | oto.adapter.oto:run:487 - ✅ Translation completed: 9 texts
2025-10-25 09:10:48.995 | INFO     | oto.adapter.oto:run:492 - 
[3/5] Conversion: OCRItem → OverlayItem...
2025-10-25 09:10:48.996 | SUCCESS  | oto.adapter.oto:run:508 - ✅ Converted: 12 overlay items
2025-10-25 09:10:48.997 | INFO     | oto.adapter.oto:run:513 - 
[4/5] ImageOverlay: Rendering overlay + saving...
2025-10-25 09:10:49.000 | INFO     | image_utils.adapter.overlay:run:206 - Overlaying 12 items on image (1500, 2322)...
2025-10-25 09:10:49.064 | DEBUG    | image_utils.adapter.overlay:run:253 - Compositing layers...
2025-10-25 09:10:49.095 | SUCCESS  | image_utils.adapter.overlay:run:274 - Overlay completed: 12 items rendered
2025-10-25 09:10:49.099 | ERROR    | image_utils.adapter.overlay:_log_both:117 - Failed to save overlaid image: unknown file extension: 
2025-10-25 09:10:49.104 | INFO     | image_utils.adapter.overlay:_log_both:117 - Overlay metadata saved: M:\CALife\CAShop - 구매대행\_code\scripts\xloto\test\images\01_overlay_meta.json
2025-10-25 09:10:49.109 | SUCCESS  | oto.adapter.oto:run:538 - ✅ Overlay completed (Adapter handled save/meta)
2025-10-25 09:10:49.109 | INFO     | oto.adapter.oto:run:542 - 
================================================================================
2025-10-25 09:10:49.111 | SUCCESS  | oto.adapter.oto:run:543 - ✅ Oto Pipeline Completed: 01.jpg
2025-10-25 09:10:49.111 | INFO     | oto.adapter.oto:run:544 - ================================================================================

2025-10-25 09:10:49.113 | SUCCESS  | scripts.xloto.adapter.xloto:run:415 -       Saved to: M:\CALife\CAShop - 구매대행\_code\scripts\xloto\test\images\CAPEA-001\output\01.jpg
2025-10-25 09:10:49.114 | INFO     | scripts.xloto.adapter.xloto:run:404 -     [4/4] 02.jpg
2025-10-25 09:10:49.115 | INFO     | oto.adapter.oto:run:375 - ================================================================================
2025-10-25 09:10:49.115 | INFO     | oto.adapter.oto:run:376 - 🖼️  Oto Pipeline: 02.jpg
2025-10-25 09:10:49.116 | INFO     | oto.adapter.oto:run:377 - ================================================================================

2025-10-25 09:10:49.117 | INFO     | oto.adapter.oto:run:382 - [0/5] ImageLoad: Loading image...
2025-10-25 09:10:49.119 | INFO     | image_utils.adapter.load:_log_both:88 - Loading from: M:\CALife\CAShop - 구매대행\_code\scripts\xloto\test\images\CAPEA-001\input\02.jpg
2025-10-25 09:10:49.143 | SUCCESS  | image_utils.adapter.load:_log_both:88 - Completed: (1500, 2322) -> (1500, 2322)
2025-10-25 09:10:49.156 | INFO     | image_utils.adapter.load:_log_both:88 - Image saved: M:\CALife\CAShop - 구매대행\_code\scripts\xloto\test\images\02_copy_01_2025-10-25_09-10-49.jpg
2025-10-25 09:10:49.162 | INFO     | image_utils.adapter.load:_log_both:88 - Metadata saved: M:\CALife\CAShop - 구매대행\_code\scripts\xloto\test\images\02_image_meta_01_2025-10-25_09-10-49
2025-10-25 09:10:49.165 | SUCCESS  | oto.adapter.oto:run:408 - ✅ Image loaded: (1500, 2322) RGB
2025-10-25 09:10:49.166 | INFO     | oto.adapter.oto:run:413 - 
[1/5] ImageTextRecognize: Running OCR...
2025-10-25 09:10:49.167 | INFO     | image_utils.adapter.text_recognize:run:226 - Running OCR on image: (1500, 2322) RGB
2025-10-25 09:10:59.317 | INFO     | image_utils.adapter.text_recognize:run:254 - OCR detected 13 items
2025-10-25 09:10:59.319 | DEBUG    | image_utils.adapter.text_recognize:_postprocess_items:464 - Stripped special chars: '200W/PD快充新高度' -> '200W PD快充新高度'
2025-10-25 09:10:59.320 | INFO     | image_utils.adapter.text_recognize:_postprocess_items:474 - Filtered alphanumeric-only items: 13 -> 12
2025-10-25 09:10:59.321 | SUCCESS  | image_utils.adapter.text_recognize:run:259 - OCR completed: 12 items after postprocessing
2025-10-25 09:10:59.332 | INFO     | image_utils.adapter.text_recognize:_log_both:125 - OCR image saved: M:\CALife\CAShop - 구매대행\_code\scripts\xloto\test\images\02_text_recognize_002.jpg
2025-10-25 09:10:59.337 | INFO     | image_utils.adapter.text_recognize:_log_both:125 - OCR metadata saved: M:\CALife\CAShop - 구매대행\_code\scripts\xloto\test\images\02_text_recognize_meta.json
2025-10-25 09:10:59.340 | SUCCESS  | oto.adapter.oto:run:434 - ✅ OCR completed: 12 items
2025-10-25 09:10:59.340 | INFO     | oto.adapter.oto:run:444 - 
[2/5] Translate: Translating texts...
2025-10-25 09:10:59.340 | INFO     | oto.adapter.oto:run:454 -   Original texts: 12
2025-10-25 09:10:59.341 | INFO     | translate_utils.adapter.translate:run:251 - [Translate] Translating 12 texts
2025-10-25 09:10:59.341 | INFO     | translate_utils.services.pipeline:run:89 - [Pipeline] Translating 9 uncached segments (bulk)
2025-10-25 09:10:59.653 | SUCCESS  | translate_utils.adapter.translate:run:302 - [Translate] Completed: 9 translations
2025-10-25 09:10:59.654 | SUCCESS  | oto.adapter.oto:run:487 - ✅ Translation completed: 9 texts
2025-10-25 09:10:59.655 | INFO     | oto.adapter.oto:run:492 - 
[3/5] Conversion: OCRItem → OverlayItem...
2025-10-25 09:10:59.657 | SUCCESS  | oto.adapter.oto:run:508 - ✅ Converted: 12 overlay items
2025-10-25 09:10:59.659 | INFO     | oto.adapter.oto:run:513 - 
[4/5] ImageOverlay: Rendering overlay + saving...
2025-10-25 09:10:59.660 | INFO     | image_utils.adapter.overlay:run:206 - Overlaying 12 items on image (1500, 2322)...
2025-10-25 09:10:59.711 | DEBUG    | image_utils.adapter.overlay:run:253 - Compositing layers...
2025-10-25 09:10:59.744 | SUCCESS  | image_utils.adapter.overlay:run:274 - Overlay completed: 12 items rendered
2025-10-25 09:10:59.746 | ERROR    | image_utils.adapter.overlay:_log_both:117 - Failed to save overlaid image: unknown file extension: 
2025-10-25 09:10:59.751 | INFO     | image_utils.adapter.overlay:_log_both:117 - Overlay metadata saved: M:\CALife\CAShop - 구매대행\_code\scripts\xloto\test\images\02_overlay_meta.json
2025-10-25 09:10:59.755 | SUCCESS  | oto.adapter.oto:run:538 - ✅ Overlay completed (Adapter handled save/meta)
2025-10-25 09:10:59.756 | INFO     | oto.adapter.oto:run:542 - 
================================================================================
2025-10-25 09:10:59.757 | SUCCESS  | oto.adapter.oto:run:543 - ✅ Oto Pipeline Completed: 02.jpg
2025-10-25 09:10:59.759 | INFO     | oto.adapter.oto:run:544 - ================================================================================

2025-10-25 09:10:59.763 | SUCCESS  | scripts.xloto.adapter.xloto:run:415 -       Saved to: M:\CALife\CAShop - 구매대행\_code\scripts\xloto\test\images\CAPEA-001\output\02.jpg
2025-10-25 09:10:59.765 | SUCCESS  | scripts.xloto.adapter.xloto:run:423 -     Processed: 4/4
2025-10-25 09:10:59.765 | INFO     | scripts.xloto.adapter.xloto:run:442 - [4/4] Updating Excel...
2025-10-25 09:10:59.766 | DEBUG    | scripts.xloto.adapter.xloto:excel_updater:271 - ExcelUpdater created
2025-10-25 09:10:59.804 | SUCCESS  | scripts.xloto.adapter.xloto:run:450 -   Updated 0 cells
2025-10-25 09:11:00.226 | DEBUG    | xl_utils.adapter.excel_load:close:330 - Excel file closed
2025-10-25 09:11:00.228 | INFO     | scripts.xloto.adapter.xloto:run:454 - ================================================================================
2025-10-25 09:11:00.228 | SUCCESS  | scripts.xloto.adapter.xloto:run:455 - XLOTO Pipeline Completed
2025-10-25 09:11:00.229 | INFO     | scripts.xloto.adapter.xloto:run:456 -    Total: 1
2025-10-25 09:11:00.230 | INFO     | scripts.xloto.adapter.xloto:run:457 -    Processed: 1
2025-10-25 09:11:00.230 | INFO     | scripts.xloto.adapter.xloto:run:458 - ================================================================================
2025-10-25 09:11:00.275 | DEBUG    | translate_utils.adapter.translate:close:315 - Provider closed
2025-10-25 09:12:33.832 | DEBUG    | scripts.xloto.adapter.xloto:__init__:214 - XLOTO adapter initialized
2025-10-25 09:12:33.833 | INFO     | scripts.xloto.adapter.xloto:run:319 - ================================================================================
2025-10-25 09:12:33.834 | INFO     | scripts.xloto.adapter.xloto:run:320 - XLOTO Pipeline Starting
2025-10-25 09:12:33.834 | INFO     | scripts.xloto.adapter.xloto:run:321 - ================================================================================
2025-10-25 09:12:33.834 | INFO     | scripts.xloto.adapter.xloto:run:326 - [1/4] Loading Excel file...
2025-10-25 09:12:33.835 | DEBUG    | scripts.xloto.adapter.xloto:run:330 -   Excel path from policy: M:/CALife/CAShop - 구매대행/_code/scripts/xloto/test/01.All Product List.xlsx
2025-10-25 09:12:33.847 | INFO     | xl_utils.adapter.excel_load:__init__:118 - ExcelLoad initialized (app mode)
2025-10-25 09:12:33.849 | DEBUG    | xl_utils.adapter.excel_load:open:172 - Opening Excel App (app mode)
2025-10-25 09:12:35.144 | INFO     | xl_utils.adapter.excel_load:open:198 - Excel App opened (app mode)
2025-10-25 09:12:35.145 | DEBUG    | xl_utils.adapter.excel_load:open_workbook:230 - Opening workbook: 01.All Product List.xlsx
2025-10-25 09:12:35.640 | INFO     | xl_utils.adapter.excel_load:open_workbook:240 - Workbook opened: 01.All Product List.xlsx
2025-10-25 09:12:35.641 | DEBUG    | xl_utils.adapter.excel_load:get_worksheet:298 - Accessing worksheet: Purchase
2025-10-25 09:12:35.892 | INFO     | xl_utils.adapter.excel_load:get_worksheet:312 - Worksheet accessed: Purchase
2025-10-25 09:12:35.930 | SUCCESS  | scripts.xloto.adapter.xloto:run:351 -   Loaded DataFrame: 4 rows
2025-10-25 09:12:35.931 | INFO     | scripts.xloto.adapter.xloto:run:356 - [2/4] Extracting CAS No...
2025-10-25 09:12:35.932 | DEBUG    | scripts.xloto.adapter.xloto:cas_extractor:263 - CasExtractor created
2025-10-25 09:12:35.937 | SUCCESS  | scripts.xloto.adapter.xloto:run:364 -   Extracted 1 CAS No
2025-10-25 09:12:35.938 | INFO     | scripts.xloto.adapter.xloto:run:375 - [3/4] Processing 1 CAS No...
2025-10-25 09:12:35.938 | INFO     | scripts.xloto.adapter.xloto:run:382 -   [1/1] Processing: CAPEA-001
2025-10-25 09:12:35.940 | DEBUG    | scripts.xloto.adapter.xloto:image_manager:252 - ImageFileManager created
2025-10-25 09:12:35.944 | INFO     | scripts.xloto.adapter.xloto:run:395 -     Found 4 images
2025-10-25 09:12:35.945 | INFO     | scripts.xloto.adapter.xloto:run:404 -     [1/4] 01.jpg
2025-10-25 09:12:35.946 | DEBUG    | oto.adapter.oto:__init__:238 - Oto adapter initialized (parent logger only)
2025-10-25 09:12:35.947 | DEBUG    | scripts.xloto.adapter.xloto:OTO:240 - OTO adapter created
2025-10-25 09:12:35.947 | INFO     | oto.adapter.oto:run:375 - ================================================================================
2025-10-25 09:12:35.947 | INFO     | oto.adapter.oto:run:376 - 🖼️  Oto Pipeline: 01.jpg
2025-10-25 09:12:35.949 | INFO     | oto.adapter.oto:run:377 - ================================================================================

2025-10-25 09:12:35.949 | INFO     | oto.adapter.oto:run:382 - [0/5] ImageLoad: Loading image...
2025-10-25 09:12:35.953 | DEBUG    | image_utils.adapter.load:__init__:63 - ImageLoad initialized with dual logging
2025-10-25 09:12:35.955 | INFO     | image_utils.adapter.load:_log_both:88 - Loading from: M:\CALife\CAShop - 구매대행\_code\scripts\xloto\test\images\CAPEA-001\input\01.jpg
2025-10-25 09:12:36.006 | SUCCESS  | image_utils.adapter.load:_log_both:88 - Completed: (1500, 2322) -> (1500, 2322)
2025-10-25 09:12:36.022 | INFO     | image_utils.adapter.load:_log_both:88 - Image saved: M:\CALife\CAShop - 구매대행\_code\scripts\xloto\test\images\01_copy_01_2025-10-25_09-12-36.jpg
2025-10-25 09:12:36.027 | INFO     | image_utils.adapter.load:_log_both:88 - Metadata saved: M:\CALife\CAShop - 구매대행\_code\scripts\xloto\test\images\01_image_meta_01_2025-10-25_09-12-36
2025-10-25 09:12:36.030 | SUCCESS  | oto.adapter.oto:run:408 - ✅ Image loaded: (1500, 2322) RGB
2025-10-25 09:12:36.031 | INFO     | oto.adapter.oto:run:413 - 
[1/5] ImageTextRecognize: Running OCR...
2025-10-25 09:12:36.036 | DEBUG    | image_utils.adapter.text_recognize:__init__:96 - ImageTextRecognize initialized with dual logging
2025-10-25 09:12:36.037 | INFO     | image_utils.adapter.text_recognize:run:226 - Running OCR on image: (1500, 2322) RGB
2025-10-25 09:12:44.772 | INFO     | image_utils.adapter.text_recognize:_load_ocr_engine:150 - Initializing PaddleOCR: langs=['ch', 'en']
2025-10-25 09:12:44.773 | INFO     | image_utils.adapter.text_recognize:_load_ocr_engine:161 -   use_doc_orientation_classify: False
2025-10-25 09:12:44.773 | INFO     | image_utils.adapter.text_recognize:_load_ocr_engine:162 -   use_doc_unwarping: False
2025-10-25 09:13:00.902 | SUCCESS  | image_utils.adapter.text_recognize:_load_ocr_engine:165 - PaddleOCR initialized successfully
2025-10-25 09:13:18.916 | INFO     | image_utils.adapter.text_recognize:run:254 - OCR detected 13 items
2025-10-25 09:13:18.918 | DEBUG    | image_utils.adapter.text_recognize:_postprocess_items:464 - Stripped special chars: '200W/PD快充新高度' -> '200W PD快充新高度'
2025-10-25 09:13:18.921 | INFO     | image_utils.adapter.text_recognize:_postprocess_items:474 - Filtered alphanumeric-only items: 13 -> 12
2025-10-25 09:13:18.922 | SUCCESS  | image_utils.adapter.text_recognize:run:259 - OCR completed: 12 items after postprocessing
2025-10-25 09:13:18.941 | INFO     | image_utils.adapter.text_recognize:_log_both:125 - OCR image saved: M:\CALife\CAShop - 구매대행\_code\scripts\xloto\test\images\01_text_recognize_003.jpg
2025-10-25 09:13:18.946 | INFO     | image_utils.adapter.text_recognize:_log_both:125 - OCR metadata saved: M:\CALife\CAShop - 구매대행\_code\scripts\xloto\test\images\01_text_recognize_meta.json
2025-10-25 09:13:18.948 | SUCCESS  | oto.adapter.oto:run:434 - ✅ OCR completed: 12 items
2025-10-25 09:13:18.949 | INFO     | oto.adapter.oto:run:444 - 
[2/5] Translate: Translating texts...
2025-10-25 09:13:18.950 | INFO     | oto.adapter.oto:run:454 -   Original texts: 12
2025-10-25 09:13:18.960 | DEBUG    | translate_utils.adapter.translate:__init__:106 - Translate initialized with dual logging
2025-10-25 09:13:18.960 | INFO     | translate_utils.adapter.translate:run:251 - [Translate] Translating 12 texts
2025-10-25 09:13:18.962 | DEBUG    | translate_utils.adapter.translate:pipeline:177 - Creating translation pipeline
2025-10-25 09:13:18.965 | DEBUG    | translate_utils.adapter.translate:provider:161 - Creating provider: deepl
2025-10-25 09:13:18.967 | SUCCESS  | translate_utils.adapter.translate:run:302 - [Translate] Completed: 9 translations
2025-10-25 09:13:18.968 | SUCCESS  | oto.adapter.oto:run:487 - ✅ Translation completed: 9 texts
2025-10-25 09:13:18.969 | INFO     | oto.adapter.oto:run:492 - 
[3/5] Conversion: OCRItem → OverlayItem...
2025-10-25 09:13:18.970 | SUCCESS  | oto.adapter.oto:run:508 - ✅ Converted: 12 overlay items
2025-10-25 09:13:18.972 | INFO     | oto.adapter.oto:run:513 - 
[4/5] ImageOverlay: Rendering overlay + saving...
2025-10-25 09:13:18.980 | DEBUG    | image_utils.adapter.overlay:__init__:88 - ImageOverlay initialized with dual logging
2025-10-25 09:13:18.982 | INFO     | image_utils.adapter.overlay:run:206 - Overlaying 12 items on image (1500, 2322)...
2025-10-25 09:13:19.047 | DEBUG    | image_utils.adapter.overlay:run:253 - Compositing layers...
2025-10-25 09:13:19.090 | SUCCESS  | image_utils.adapter.overlay:run:274 - Overlay completed: 12 items rendered
2025-10-25 09:13:19.165 | ERROR    | image_utils.adapter.overlay:_log_both:117 - Failed to save overlaid image: unknown file extension: 
2025-10-25 09:13:19.169 | INFO     | image_utils.adapter.overlay:_log_both:117 - Overlay metadata saved: M:\CALife\CAShop - 구매대행\_code\scripts\xloto\test\images\01_overlay_meta.json
2025-10-25 09:13:19.173 | SUCCESS  | oto.adapter.oto:run:538 - ✅ Overlay completed (Adapter handled save/meta)
2025-10-25 09:13:19.174 | INFO     | oto.adapter.oto:run:542 - 
================================================================================
2025-10-25 09:13:19.175 | SUCCESS  | oto.adapter.oto:run:543 - ✅ Oto Pipeline Completed: 01.jpg
2025-10-25 09:13:19.176 | INFO     | oto.adapter.oto:run:544 - ================================================================================

2025-10-25 09:13:19.178 | SUCCESS  | scripts.xloto.adapter.xloto:run:415 -       Saved to: M:\CALife\CAShop - 구매대행\_code\scripts\xloto\test\images\CAPEA-001\output\01.jpg
2025-10-25 09:13:19.179 | INFO     | scripts.xloto.adapter.xloto:run:404 -     [2/4] 02.jpg
2025-10-25 09:13:19.179 | INFO     | oto.adapter.oto:run:375 - ================================================================================
2025-10-25 09:13:19.179 | INFO     | oto.adapter.oto:run:376 - 🖼️  Oto Pipeline: 02.jpg
2025-10-25 09:13:19.180 | INFO     | oto.adapter.oto:run:377 - ================================================================================

2025-10-25 09:13:19.180 | INFO     | oto.adapter.oto:run:382 - [0/5] ImageLoad: Loading image...
2025-10-25 09:13:19.181 | INFO     | image_utils.adapter.load:_log_both:88 - Loading from: M:\CALife\CAShop - 구매대행\_code\scripts\xloto\test\images\CAPEA-001\input\02.jpg
2025-10-25 09:13:19.205 | SUCCESS  | image_utils.adapter.load:_log_both:88 - Completed: (1500, 2322) -> (1500, 2322)
2025-10-25 09:13:19.221 | INFO     | image_utils.adapter.load:_log_both:88 - Image saved: M:\CALife\CAShop - 구매대행\_code\scripts\xloto\test\images\02_copy_01_2025-10-25_09-13-19.jpg
2025-10-25 09:13:19.226 | INFO     | image_utils.adapter.load:_log_both:88 - Metadata saved: M:\CALife\CAShop - 구매대행\_code\scripts\xloto\test\images\02_image_meta_01_2025-10-25_09-13-19
2025-10-25 09:13:19.229 | SUCCESS  | oto.adapter.oto:run:408 - ✅ Image loaded: (1500, 2322) RGB
2025-10-25 09:13:19.230 | INFO     | oto.adapter.oto:run:413 - 
[1/5] ImageTextRecognize: Running OCR...
2025-10-25 09:13:19.230 | INFO     | image_utils.adapter.text_recognize:run:226 - Running OCR on image: (1500, 2322) RGB
2025-10-25 09:13:39.691 | INFO     | image_utils.adapter.text_recognize:run:254 - OCR detected 13 items
2025-10-25 09:13:39.693 | DEBUG    | image_utils.adapter.text_recognize:_postprocess_items:464 - Stripped special chars: '200W/PD快充新高度' -> '200W PD快充新高度'
2025-10-25 09:13:39.694 | INFO     | image_utils.adapter.text_recognize:_postprocess_items:474 - Filtered alphanumeric-only items: 13 -> 12
2025-10-25 09:13:39.695 | SUCCESS  | image_utils.adapter.text_recognize:run:259 - OCR completed: 12 items after postprocessing
2025-10-25 09:13:39.711 | INFO     | image_utils.adapter.text_recognize:_log_both:125 - OCR image saved: M:\CALife\CAShop - 구매대행\_code\scripts\xloto\test\images\02_text_recognize_003.jpg
2025-10-25 09:13:39.718 | INFO     | image_utils.adapter.text_recognize:_log_both:125 - OCR metadata saved: M:\CALife\CAShop - 구매대행\_code\scripts\xloto\test\images\02_text_recognize_meta.json
2025-10-25 09:13:39.719 | SUCCESS  | oto.adapter.oto:run:434 - ✅ OCR completed: 12 items
2025-10-25 09:13:39.719 | INFO     | oto.adapter.oto:run:444 - 
[2/5] Translate: Translating texts...
2025-10-25 09:13:39.721 | INFO     | oto.adapter.oto:run:454 -   Original texts: 12
2025-10-25 09:13:39.721 | INFO     | translate_utils.adapter.translate:run:251 - [Translate] Translating 12 texts
2025-10-25 09:13:39.722 | INFO     | translate_utils.services.pipeline:run:89 - [Pipeline] Translating 9 uncached segments (bulk)
2025-10-25 09:13:40.536 | SUCCESS  | translate_utils.adapter.translate:run:302 - [Translate] Completed: 9 translations
2025-10-25 09:13:40.537 | SUCCESS  | oto.adapter.oto:run:487 - ✅ Translation completed: 9 texts
2025-10-25 09:13:40.538 | INFO     | oto.adapter.oto:run:492 - 
[3/5] Conversion: OCRItem → OverlayItem...
2025-10-25 09:13:40.539 | SUCCESS  | oto.adapter.oto:run:508 - ✅ Converted: 12 overlay items
2025-10-25 09:13:40.540 | INFO     | oto.adapter.oto:run:513 - 
[4/5] ImageOverlay: Rendering overlay + saving...
2025-10-25 09:13:40.543 | INFO     | image_utils.adapter.overlay:run:206 - Overlaying 12 items on image (1500, 2322)...
2025-10-25 09:13:40.613 | DEBUG    | image_utils.adapter.overlay:run:253 - Compositing layers...
2025-10-25 09:13:40.659 | SUCCESS  | image_utils.adapter.overlay:run:274 - Overlay completed: 12 items rendered
2025-10-25 09:13:40.661 | ERROR    | image_utils.adapter.overlay:_log_both:117 - Failed to save overlaid image: unknown file extension: 
2025-10-25 09:13:40.665 | INFO     | image_utils.adapter.overlay:_log_both:117 - Overlay metadata saved: M:\CALife\CAShop - 구매대행\_code\scripts\xloto\test\images\02_overlay_meta.json
2025-10-25 09:13:40.669 | SUCCESS  | oto.adapter.oto:run:538 - ✅ Overlay completed (Adapter handled save/meta)
2025-10-25 09:13:40.670 | INFO     | oto.adapter.oto:run:542 - 
================================================================================
2025-10-25 09:13:40.671 | SUCCESS  | oto.adapter.oto:run:543 - ✅ Oto Pipeline Completed: 02.jpg
2025-10-25 09:13:40.671 | INFO     | oto.adapter.oto:run:544 - ================================================================================

2025-10-25 09:13:40.676 | SUCCESS  | scripts.xloto.adapter.xloto:run:415 -       Saved to: M:\CALife\CAShop - 구매대행\_code\scripts\xloto\test\images\CAPEA-001\output\02.jpg
2025-10-25 09:13:40.677 | INFO     | scripts.xloto.adapter.xloto:run:404 -     [3/4] 01.jpg
2025-10-25 09:13:40.678 | INFO     | oto.adapter.oto:run:375 - ================================================================================
2025-10-25 09:13:40.679 | INFO     | oto.adapter.oto:run:376 - 🖼️  Oto Pipeline: 01.jpg
2025-10-25 09:13:40.680 | INFO     | oto.adapter.oto:run:377 - ================================================================================

2025-10-25 09:13:40.681 | INFO     | oto.adapter.oto:run:382 - [0/5] ImageLoad: Loading image...
2025-10-25 09:13:40.682 | INFO     | image_utils.adapter.load:_log_both:88 - Loading from: M:\CALife\CAShop - 구매대행\_code\scripts\xloto\test\images\CAPEA-001\input\01.jpg
2025-10-25 09:13:40.710 | SUCCESS  | image_utils.adapter.load:_log_both:88 - Completed: (1500, 2322) -> (1500, 2322)
2025-10-25 09:13:40.730 | INFO     | image_utils.adapter.load:_log_both:88 - Image saved: M:\CALife\CAShop - 구매대행\_code\scripts\xloto\test\images\01_copy_01_2025-10-25_09-13-40.jpg
2025-10-25 09:13:40.734 | INFO     | image_utils.adapter.load:_log_both:88 - Metadata saved: M:\CALife\CAShop - 구매대행\_code\scripts\xloto\test\images\01_image_meta_01_2025-10-25_09-13-40
2025-10-25 09:13:40.737 | SUCCESS  | oto.adapter.oto:run:408 - ✅ Image loaded: (1500, 2322) RGB
2025-10-25 09:13:40.738 | INFO     | oto.adapter.oto:run:413 - 
[1/5] ImageTextRecognize: Running OCR...
2025-10-25 09:13:40.738 | INFO     | image_utils.adapter.text_recognize:run:226 - Running OCR on image: (1500, 2322) RGB
2025-10-25 09:13:57.316 | INFO     | image_utils.adapter.text_recognize:run:254 - OCR detected 13 items
2025-10-25 09:13:57.318 | DEBUG    | image_utils.adapter.text_recognize:_postprocess_items:464 - Stripped special chars: '200W/PD快充新高度' -> '200W PD快充新高度'
2025-10-25 09:13:57.318 | INFO     | image_utils.adapter.text_recognize:_postprocess_items:474 - Filtered alphanumeric-only items: 13 -> 12
2025-10-25 09:13:57.319 | SUCCESS  | image_utils.adapter.text_recognize:run:259 - OCR completed: 12 items after postprocessing
2025-10-25 09:13:57.335 | INFO     | image_utils.adapter.text_recognize:_log_both:125 - OCR image saved: M:\CALife\CAShop - 구매대행\_code\scripts\xloto\test\images\01_text_recognize_004.jpg
2025-10-25 09:13:57.340 | INFO     | image_utils.adapter.text_recognize:_log_both:125 - OCR metadata saved: M:\CALife\CAShop - 구매대행\_code\scripts\xloto\test\images\01_text_recognize_meta.json
2025-10-25 09:13:57.343 | SUCCESS  | oto.adapter.oto:run:434 - ✅ OCR completed: 12 items
2025-10-25 09:13:57.344 | INFO     | oto.adapter.oto:run:444 - 
[2/5] Translate: Translating texts...
2025-10-25 09:13:57.345 | INFO     | oto.adapter.oto:run:454 -   Original texts: 12
2025-10-25 09:13:57.346 | INFO     | translate_utils.adapter.translate:run:251 - [Translate] Translating 12 texts
2025-10-25 09:13:57.347 | INFO     | translate_utils.services.pipeline:run:89 - [Pipeline] Translating 9 uncached segments (bulk)
2025-10-25 09:13:57.654 | SUCCESS  | translate_utils.adapter.translate:run:302 - [Translate] Completed: 9 translations
2025-10-25 09:13:57.655 | SUCCESS  | oto.adapter.oto:run:487 - ✅ Translation completed: 9 texts
2025-10-25 09:13:57.656 | INFO     | oto.adapter.oto:run:492 - 
[3/5] Conversion: OCRItem → OverlayItem...
2025-10-25 09:13:57.657 | SUCCESS  | oto.adapter.oto:run:508 - ✅ Converted: 12 overlay items
2025-10-25 09:13:57.657 | INFO     | oto.adapter.oto:run:513 - 
[4/5] ImageOverlay: Rendering overlay + saving...
2025-10-25 09:13:57.659 | INFO     | image_utils.adapter.overlay:run:206 - Overlaying 12 items on image (1500, 2322)...
2025-10-25 09:13:57.721 | DEBUG    | image_utils.adapter.overlay:run:253 - Compositing layers...
2025-10-25 09:13:57.759 | SUCCESS  | image_utils.adapter.overlay:run:274 - Overlay completed: 12 items rendered
2025-10-25 09:13:57.763 | ERROR    | image_utils.adapter.overlay:_log_both:117 - Failed to save overlaid image: unknown file extension: 
2025-10-25 09:13:57.766 | INFO     | image_utils.adapter.overlay:_log_both:117 - Overlay metadata saved: M:\CALife\CAShop - 구매대행\_code\scripts\xloto\test\images\01_overlay_meta.json
2025-10-25 09:13:57.770 | SUCCESS  | oto.adapter.oto:run:538 - ✅ Overlay completed (Adapter handled save/meta)
2025-10-25 09:13:57.771 | INFO     | oto.adapter.oto:run:542 - 
================================================================================
2025-10-25 09:13:57.771 | SUCCESS  | oto.adapter.oto:run:543 - ✅ Oto Pipeline Completed: 01.jpg
2025-10-25 09:13:57.772 | INFO     | oto.adapter.oto:run:544 - ================================================================================

2025-10-25 09:13:57.775 | SUCCESS  | scripts.xloto.adapter.xloto:run:415 -       Saved to: M:\CALife\CAShop - 구매대행\_code\scripts\xloto\test\images\CAPEA-001\output\01.jpg
2025-10-25 09:13:57.775 | INFO     | scripts.xloto.adapter.xloto:run:404 -     [4/4] 02.jpg
2025-10-25 09:13:57.776 | INFO     | oto.adapter.oto:run:375 - ================================================================================
2025-10-25 09:13:57.777 | INFO     | oto.adapter.oto:run:376 - 🖼️  Oto Pipeline: 02.jpg
2025-10-25 09:13:57.778 | INFO     | oto.adapter.oto:run:377 - ================================================================================

2025-10-25 09:13:57.780 | INFO     | oto.adapter.oto:run:382 - [0/5] ImageLoad: Loading image...
2025-10-25 09:13:57.781 | INFO     | image_utils.adapter.load:_log_both:88 - Loading from: M:\CALife\CAShop - 구매대행\_code\scripts\xloto\test\images\CAPEA-001\input\02.jpg
2025-10-25 09:13:57.809 | SUCCESS  | image_utils.adapter.load:_log_both:88 - Completed: (1500, 2322) -> (1500, 2322)
2025-10-25 09:13:57.828 | INFO     | image_utils.adapter.load:_log_both:88 - Image saved: M:\CALife\CAShop - 구매대행\_code\scripts\xloto\test\images\02_copy_01_2025-10-25_09-13-57.jpg
2025-10-25 09:13:57.833 | INFO     | image_utils.adapter.load:_log_both:88 - Metadata saved: M:\CALife\CAShop - 구매대행\_code\scripts\xloto\test\images\02_image_meta_01_2025-10-25_09-13-57
2025-10-25 09:13:57.836 | SUCCESS  | oto.adapter.oto:run:408 - ✅ Image loaded: (1500, 2322) RGB
2025-10-25 09:13:57.837 | INFO     | oto.adapter.oto:run:413 - 
[1/5] ImageTextRecognize: Running OCR...
2025-10-25 09:13:57.837 | INFO     | image_utils.adapter.text_recognize:run:226 - Running OCR on image: (1500, 2322) RGB
2025-10-25 09:14:10.200 | INFO     | image_utils.adapter.text_recognize:run:254 - OCR detected 13 items
2025-10-25 09:14:10.201 | DEBUG    | image_utils.adapter.text_recognize:_postprocess_items:464 - Stripped special chars: '200W/PD快充新高度' -> '200W PD快充新高度'
2025-10-25 09:14:10.202 | INFO     | image_utils.adapter.text_recognize:_postprocess_items:474 - Filtered alphanumeric-only items: 13 -> 12
2025-10-25 09:14:10.202 | SUCCESS  | image_utils.adapter.text_recognize:run:259 - OCR completed: 12 items after postprocessing
2025-10-25 09:14:10.218 | INFO     | image_utils.adapter.text_recognize:_log_both:125 - OCR image saved: M:\CALife\CAShop - 구매대행\_code\scripts\xloto\test\images\02_text_recognize_004.jpg
2025-10-25 09:14:10.224 | INFO     | image_utils.adapter.text_recognize:_log_both:125 - OCR metadata saved: M:\CALife\CAShop - 구매대행\_code\scripts\xloto\test\images\02_text_recognize_meta.json
2025-10-25 09:14:10.227 | SUCCESS  | oto.adapter.oto:run:434 - ✅ OCR completed: 12 items
2025-10-25 09:14:10.228 | INFO     | oto.adapter.oto:run:444 - 
[2/5] Translate: Translating texts...
2025-10-25 09:14:10.230 | INFO     | oto.adapter.oto:run:454 -   Original texts: 12
2025-10-25 09:14:10.231 | INFO     | translate_utils.adapter.translate:run:251 - [Translate] Translating 12 texts
2025-10-25 09:14:10.232 | INFO     | translate_utils.services.pipeline:run:89 - [Pipeline] Translating 9 uncached segments (bulk)
2025-10-25 09:14:10.548 | SUCCESS  | translate_utils.adapter.translate:run:302 - [Translate] Completed: 9 translations
2025-10-25 09:14:10.548 | SUCCESS  | oto.adapter.oto:run:487 - ✅ Translation completed: 9 texts
2025-10-25 09:14:10.550 | INFO     | oto.adapter.oto:run:492 - 
[3/5] Conversion: OCRItem → OverlayItem...
2025-10-25 09:14:10.550 | SUCCESS  | oto.adapter.oto:run:508 - ✅ Converted: 12 overlay items
2025-10-25 09:14:10.551 | INFO     | oto.adapter.oto:run:513 - 
[4/5] ImageOverlay: Rendering overlay + saving...
2025-10-25 09:14:10.553 | INFO     | image_utils.adapter.overlay:run:206 - Overlaying 12 items on image (1500, 2322)...
2025-10-25 09:14:10.634 | DEBUG    | image_utils.adapter.overlay:run:253 - Compositing layers...
2025-10-25 09:14:10.682 | SUCCESS  | image_utils.adapter.overlay:run:274 - Overlay completed: 12 items rendered
2025-10-25 09:14:10.684 | ERROR    | image_utils.adapter.overlay:_log_both:117 - Failed to save overlaid image: unknown file extension: 
2025-10-25 09:14:10.690 | INFO     | image_utils.adapter.overlay:_log_both:117 - Overlay metadata saved: M:\CALife\CAShop - 구매대행\_code\scripts\xloto\test\images\02_overlay_meta.json
2025-10-25 09:14:10.695 | SUCCESS  | oto.adapter.oto:run:538 - ✅ Overlay completed (Adapter handled save/meta)
2025-10-25 09:14:10.696 | INFO     | oto.adapter.oto:run:542 - 
================================================================================
2025-10-25 09:14:10.697 | SUCCESS  | oto.adapter.oto:run:543 - ✅ Oto Pipeline Completed: 02.jpg
2025-10-25 09:14:10.698 | INFO     | oto.adapter.oto:run:544 - ================================================================================

2025-10-25 09:14:10.701 | SUCCESS  | scripts.xloto.adapter.xloto:run:415 -       Saved to: M:\CALife\CAShop - 구매대행\_code\scripts\xloto\test\images\CAPEA-001\output\02.jpg
2025-10-25 09:14:10.701 | SUCCESS  | scripts.xloto.adapter.xloto:run:423 -     Processed: 4/4
2025-10-25 09:14:10.702 | INFO     | scripts.xloto.adapter.xloto:run:442 - [4/4] Updating Excel...
2025-10-25 09:14:10.703 | DEBUG    | scripts.xloto.adapter.xloto:excel_updater:271 - ExcelUpdater created
2025-10-25 09:14:10.749 | SUCCESS  | scripts.xloto.adapter.xloto:run:450 -   Updated 0 cells
2025-10-25 09:14:11.215 | DEBUG    | xl_utils.adapter.excel_load:close:330 - Excel file closed
2025-10-25 09:14:11.216 | INFO     | scripts.xloto.adapter.xloto:run:454 - ================================================================================
2025-10-25 09:14:11.217 | SUCCESS  | scripts.xloto.adapter.xloto:run:455 - XLOTO Pipeline Completed
2025-10-25 09:14:11.218 | INFO     | scripts.xloto.adapter.xloto:run:456 -    Total: 1
2025-10-25 09:14:11.219 | INFO     | scripts.xloto.adapter.xloto:run:457 -    Processed: 1
2025-10-25 09:14:11.219 | INFO     | scripts.xloto.adapter.xloto:run:458 - ================================================================================
2025-10-25 09:14:11.267 | DEBUG    | translate_utils.adapter.translate:close:315 - Provider closed
2025-10-25 09:18:13.214 | DEBUG    | scripts.xloto.adapter.xloto:__init__:214 - XLOTO adapter initialized
2025-10-25 09:18:13.215 | INFO     | scripts.xloto.adapter.xloto:run:319 - ================================================================================
2025-10-25 09:18:13.216 | INFO     | scripts.xloto.adapter.xloto:run:320 - XLOTO Pipeline Starting
2025-10-25 09:18:13.217 | INFO     | scripts.xloto.adapter.xloto:run:321 - ================================================================================
2025-10-25 09:18:13.217 | INFO     | scripts.xloto.adapter.xloto:run:326 - [1/4] Loading Excel file...
2025-10-25 09:18:13.219 | DEBUG    | scripts.xloto.adapter.xloto:run:330 -   Excel path from policy: M:/CALife/CAShop - 구매대행/_code/scripts/xloto/test/01.All Product List.xlsx
2025-10-25 09:18:13.232 | INFO     | xl_utils.adapter.excel_load:__init__:118 - ExcelLoad initialized (app mode)
2025-10-25 09:18:13.233 | DEBUG    | xl_utils.adapter.excel_load:open:172 - Opening Excel App (app mode)
2025-10-25 09:18:14.507 | INFO     | xl_utils.adapter.excel_load:open:198 - Excel App opened (app mode)
2025-10-25 09:18:14.509 | DEBUG    | xl_utils.adapter.excel_load:open_workbook:230 - Opening workbook: 01.All Product List.xlsx
2025-10-25 09:18:15.046 | INFO     | xl_utils.adapter.excel_load:open_workbook:240 - Workbook opened: 01.All Product List.xlsx
2025-10-25 09:18:15.046 | DEBUG    | xl_utils.adapter.excel_load:get_worksheet:298 - Accessing worksheet: Purchase
2025-10-25 09:18:15.302 | INFO     | xl_utils.adapter.excel_load:get_worksheet:312 - Worksheet accessed: Purchase
2025-10-25 09:18:15.347 | SUCCESS  | scripts.xloto.adapter.xloto:run:351 -   Loaded DataFrame: 4 rows
2025-10-25 09:18:15.348 | INFO     | scripts.xloto.adapter.xloto:run:356 - [2/4] Extracting CAS No...
2025-10-25 09:18:15.349 | DEBUG    | scripts.xloto.adapter.xloto:cas_extractor:263 - CasExtractor created
2025-10-25 09:18:15.356 | SUCCESS  | scripts.xloto.adapter.xloto:run:364 -   Extracted 1 CAS No
2025-10-25 09:18:15.357 | INFO     | scripts.xloto.adapter.xloto:run:375 - [3/4] Processing 1 CAS No...
2025-10-25 09:18:15.359 | INFO     | scripts.xloto.adapter.xloto:run:382 -   [1/1] Processing: CAPEA-001
2025-10-25 09:18:15.360 | DEBUG    | scripts.xloto.adapter.xloto:image_manager:252 - ImageFileManager created
2025-10-25 09:18:15.364 | INFO     | scripts.xloto.adapter.xloto:run:397 -     Found 4 images
2025-10-25 09:18:15.365 | INFO     | scripts.xloto.adapter.xloto:run:406 -     [1/4] 01.jpg
2025-10-25 09:18:15.366 | DEBUG    | oto.adapter.oto:__init__:238 - Oto adapter initialized (parent logger only)
2025-10-25 09:18:15.367 | DEBUG    | scripts.xloto.adapter.xloto:OTO:240 - OTO adapter created
2025-10-25 09:18:15.367 | INFO     | oto.adapter.oto:run:375 - ================================================================================
2025-10-25 09:18:15.369 | INFO     | oto.adapter.oto:run:376 - 🖼️  Oto Pipeline: 01.jpg
2025-10-25 09:18:15.369 | INFO     | oto.adapter.oto:run:377 - ================================================================================

2025-10-25 09:18:15.370 | INFO     | oto.adapter.oto:run:382 - [0/5] ImageLoad: Loading image...
2025-10-25 09:18:15.375 | DEBUG    | image_utils.adapter.load:__init__:63 - ImageLoad initialized with dual logging
2025-10-25 09:18:15.377 | INFO     | image_utils.adapter.load:_log_both:88 - Loading from: M:\CALife\CAShop - 구매대행\_code\scripts\xloto\test\images\CAPEA-001\input\01.jpg
2025-10-25 09:18:15.429 | SUCCESS  | image_utils.adapter.load:_log_both:88 - Completed: (1500, 2322) -> (1500, 2322)
2025-10-25 09:18:15.433 | SUCCESS  | oto.adapter.oto:run:408 - ✅ Image loaded: (1500, 2322) RGB
2025-10-25 09:18:15.434 | INFO     | oto.adapter.oto:run:413 - 
[1/5] ImageTextRecognize: Running OCR...
2025-10-25 09:18:15.441 | DEBUG    | image_utils.adapter.text_recognize:__init__:96 - ImageTextRecognize initialized with dual logging
2025-10-25 09:18:15.442 | INFO     | image_utils.adapter.text_recognize:run:226 - Running OCR on image: (1500, 2322) RGB
2025-10-25 09:18:23.533 | INFO     | image_utils.adapter.text_recognize:_load_ocr_engine:150 - Initializing PaddleOCR: langs=['ch', 'en']
2025-10-25 09:18:23.534 | INFO     | image_utils.adapter.text_recognize:_load_ocr_engine:161 -   use_doc_orientation_classify: False
2025-10-25 09:18:23.534 | INFO     | image_utils.adapter.text_recognize:_load_ocr_engine:162 -   use_doc_unwarping: False
2025-10-25 09:18:37.775 | SUCCESS  | image_utils.adapter.text_recognize:_load_ocr_engine:165 - PaddleOCR initialized successfully
2025-10-25 09:18:49.995 | INFO     | image_utils.adapter.text_recognize:run:254 - OCR detected 13 items
2025-10-25 09:18:49.999 | DEBUG    | image_utils.adapter.text_recognize:_postprocess_items:464 - Stripped special chars: '200W/PD快充新高度' -> '200W PD快充新高度'
2025-10-25 09:18:50.003 | INFO     | image_utils.adapter.text_recognize:_postprocess_items:474 - Filtered alphanumeric-only items: 13 -> 12
2025-10-25 09:18:50.005 | SUCCESS  | image_utils.adapter.text_recognize:run:259 - OCR completed: 12 items after postprocessing
2025-10-25 09:18:50.006 | SUCCESS  | oto.adapter.oto:run:434 - ✅ OCR completed: 12 items
2025-10-25 09:18:50.007 | INFO     | oto.adapter.oto:run:444 - 
[2/5] Translate: Translating texts...
2025-10-25 09:18:50.009 | INFO     | oto.adapter.oto:run:454 -   Original texts: 12
2025-10-25 09:18:50.017 | DEBUG    | translate_utils.adapter.translate:__init__:106 - Translate initialized with dual logging
2025-10-25 09:18:50.018 | INFO     | translate_utils.adapter.translate:run:251 - [Translate] Translating 12 texts
2025-10-25 09:18:50.019 | DEBUG    | translate_utils.adapter.translate:pipeline:177 - Creating translation pipeline
2025-10-25 09:18:50.026 | DEBUG    | translate_utils.adapter.translate:provider:161 - Creating provider: deepl
2025-10-25 09:18:50.028 | SUCCESS  | translate_utils.adapter.translate:run:302 - [Translate] Completed: 9 translations
2025-10-25 09:18:50.029 | SUCCESS  | oto.adapter.oto:run:487 - ✅ Translation completed: 9 texts
2025-10-25 09:18:50.030 | INFO     | oto.adapter.oto:run:492 - 
[3/5] Conversion: OCRItem → OverlayItem...
2025-10-25 09:18:50.031 | SUCCESS  | oto.adapter.oto:run:508 - ✅ Converted: 12 overlay items
2025-10-25 09:18:50.031 | INFO     | oto.adapter.oto:run:513 - 
[4/5] ImageOverlay: Rendering overlay + saving...
2025-10-25 09:18:50.041 | DEBUG    | image_utils.adapter.overlay:__init__:88 - ImageOverlay initialized with dual logging
2025-10-25 09:18:50.044 | INFO     | image_utils.adapter.overlay:run:206 - Overlaying 12 items on image (1500, 2322)...
2025-10-25 09:18:50.101 | DEBUG    | image_utils.adapter.overlay:run:253 - Compositing layers...
2025-10-25 09:18:50.137 | SUCCESS  | image_utils.adapter.overlay:run:274 - Overlay completed: 12 items rendered
2025-10-25 09:18:50.228 | ERROR    | image_utils.adapter.overlay:_log_both:117 - Failed to save overlaid image: unknown file extension: 
2025-10-25 09:18:50.232 | INFO     | image_utils.adapter.overlay:_log_both:117 - Overlay metadata saved: M:\CALife\CAShop - 구매대행\_code\scripts\xloto\test\images\01_overlay_meta.json
2025-10-25 09:18:50.236 | SUCCESS  | oto.adapter.oto:run:538 - ✅ Overlay completed (Adapter handled save/meta)
2025-10-25 09:18:50.237 | INFO     | oto.adapter.oto:run:542 - 
================================================================================
2025-10-25 09:18:50.238 | SUCCESS  | oto.adapter.oto:run:543 - ✅ Oto Pipeline Completed: 01.jpg
2025-10-25 09:18:50.239 | INFO     | oto.adapter.oto:run:544 - ================================================================================

2025-10-25 09:18:50.240 | SUCCESS  | scripts.xloto.adapter.xloto:run:418 -       Saved to: M:\CALife\CAShop - 구매대행\_code\scripts\xloto\test\images\CAPEA-001\output\01.jpg
2025-10-25 09:18:50.241 | INFO     | scripts.xloto.adapter.xloto:run:406 -     [2/4] 02.jpg
2025-10-25 09:18:50.241 | INFO     | oto.adapter.oto:run:375 - ================================================================================
2025-10-25 09:18:50.242 | INFO     | oto.adapter.oto:run:376 - 🖼️  Oto Pipeline: 02.jpg
2025-10-25 09:18:50.243 | INFO     | oto.adapter.oto:run:377 - ================================================================================

2025-10-25 09:18:50.243 | INFO     | oto.adapter.oto:run:382 - [0/5] ImageLoad: Loading image...
2025-10-25 09:18:50.244 | INFO     | image_utils.adapter.load:_log_both:88 - Loading from: M:\CALife\CAShop - 구매대행\_code\scripts\xloto\test\images\CAPEA-001\input\02.jpg
2025-10-25 09:18:50.270 | SUCCESS  | image_utils.adapter.load:_log_both:88 - Completed: (1500, 2322) -> (1500, 2322)
2025-10-25 09:18:50.273 | SUCCESS  | oto.adapter.oto:run:408 - ✅ Image loaded: (1500, 2322) RGB
2025-10-25 09:18:50.273 | INFO     | oto.adapter.oto:run:413 - 
[1/5] ImageTextRecognize: Running OCR...
2025-10-25 09:18:50.274 | INFO     | image_utils.adapter.text_recognize:run:226 - Running OCR on image: (1500, 2322) RGB
2025-10-25 09:19:02.211 | INFO     | image_utils.adapter.text_recognize:run:254 - OCR detected 13 items
2025-10-25 09:19:02.212 | DEBUG    | image_utils.adapter.text_recognize:_postprocess_items:464 - Stripped special chars: '200W/PD快充新高度' -> '200W PD快充新高度'
2025-10-25 09:19:02.212 | INFO     | image_utils.adapter.text_recognize:_postprocess_items:474 - Filtered alphanumeric-only items: 13 -> 12
2025-10-25 09:19:02.213 | SUCCESS  | image_utils.adapter.text_recognize:run:259 - OCR completed: 12 items after postprocessing
2025-10-25 09:19:02.213 | SUCCESS  | oto.adapter.oto:run:434 - ✅ OCR completed: 12 items
2025-10-25 09:19:02.214 | INFO     | oto.adapter.oto:run:444 - 
[2/5] Translate: Translating texts...
2025-10-25 09:19:02.214 | INFO     | oto.adapter.oto:run:454 -   Original texts: 12
2025-10-25 09:19:02.215 | INFO     | translate_utils.adapter.translate:run:251 - [Translate] Translating 12 texts
2025-10-25 09:19:02.215 | INFO     | translate_utils.services.pipeline:run:89 - [Pipeline] Translating 9 uncached segments (bulk)
2025-10-25 09:19:03.021 | SUCCESS  | translate_utils.adapter.translate:run:302 - [Translate] Completed: 9 translations
2025-10-25 09:19:03.023 | SUCCESS  | oto.adapter.oto:run:487 - ✅ Translation completed: 9 texts
2025-10-25 09:19:03.024 | INFO     | oto.adapter.oto:run:492 - 
[3/5] Conversion: OCRItem → OverlayItem...
2025-10-25 09:19:03.025 | SUCCESS  | oto.adapter.oto:run:508 - ✅ Converted: 12 overlay items
2025-10-25 09:19:03.027 | INFO     | oto.adapter.oto:run:513 - 
[4/5] ImageOverlay: Rendering overlay + saving...
2025-10-25 09:19:03.030 | INFO     | image_utils.adapter.overlay:run:206 - Overlaying 12 items on image (1500, 2322)...
2025-10-25 09:19:03.084 | DEBUG    | image_utils.adapter.overlay:run:253 - Compositing layers...
2025-10-25 09:19:03.123 | SUCCESS  | image_utils.adapter.overlay:run:274 - Overlay completed: 12 items rendered
2025-10-25 09:19:03.126 | ERROR    | image_utils.adapter.overlay:_log_both:117 - Failed to save overlaid image: unknown file extension: 
2025-10-25 09:19:03.130 | INFO     | image_utils.adapter.overlay:_log_both:117 - Overlay metadata saved: M:\CALife\CAShop - 구매대행\_code\scripts\xloto\test\images\02_overlay_meta.json
2025-10-25 09:19:03.134 | SUCCESS  | oto.adapter.oto:run:538 - ✅ Overlay completed (Adapter handled save/meta)
2025-10-25 09:19:03.135 | INFO     | oto.adapter.oto:run:542 - 
================================================================================
2025-10-25 09:19:03.136 | SUCCESS  | oto.adapter.oto:run:543 - ✅ Oto Pipeline Completed: 02.jpg
2025-10-25 09:19:03.137 | INFO     | oto.adapter.oto:run:544 - ================================================================================

2025-10-25 09:19:03.139 | SUCCESS  | scripts.xloto.adapter.xloto:run:418 -       Saved to: M:\CALife\CAShop - 구매대행\_code\scripts\xloto\test\images\CAPEA-001\output\02.jpg
2025-10-25 09:19:03.140 | INFO     | scripts.xloto.adapter.xloto:run:406 -     [3/4] 01.jpg
2025-10-25 09:19:03.141 | INFO     | oto.adapter.oto:run:375 - ================================================================================
2025-10-25 09:19:03.141 | INFO     | oto.adapter.oto:run:376 - 🖼️  Oto Pipeline: 01.jpg
2025-10-25 09:19:03.142 | INFO     | oto.adapter.oto:run:377 - ================================================================================

2025-10-25 09:19:03.143 | INFO     | oto.adapter.oto:run:382 - [0/5] ImageLoad: Loading image...
2025-10-25 09:19:03.144 | INFO     | image_utils.adapter.load:_log_both:88 - Loading from: M:\CALife\CAShop - 구매대행\_code\scripts\xloto\test\images\CAPEA-001\input\01.jpg
2025-10-25 09:19:03.170 | SUCCESS  | image_utils.adapter.load:_log_both:88 - Completed: (1500, 2322) -> (1500, 2322)
2025-10-25 09:19:03.173 | SUCCESS  | oto.adapter.oto:run:408 - ✅ Image loaded: (1500, 2322) RGB
2025-10-25 09:19:03.174 | INFO     | oto.adapter.oto:run:413 - 
[1/5] ImageTextRecognize: Running OCR...
2025-10-25 09:19:03.175 | INFO     | image_utils.adapter.text_recognize:run:226 - Running OCR on image: (1500, 2322) RGB
2025-10-25 09:19:14.977 | INFO     | image_utils.adapter.text_recognize:run:254 - OCR detected 13 items
2025-10-25 09:19:14.979 | DEBUG    | image_utils.adapter.text_recognize:_postprocess_items:464 - Stripped special chars: '200W/PD快充新高度' -> '200W PD快充新高度'
2025-10-25 09:19:14.979 | INFO     | image_utils.adapter.text_recognize:_postprocess_items:474 - Filtered alphanumeric-only items: 13 -> 12
2025-10-25 09:19:14.979 | SUCCESS  | image_utils.adapter.text_recognize:run:259 - OCR completed: 12 items after postprocessing
2025-10-25 09:19:14.980 | SUCCESS  | oto.adapter.oto:run:434 - ✅ OCR completed: 12 items
2025-10-25 09:19:14.981 | INFO     | oto.adapter.oto:run:444 - 
[2/5] Translate: Translating texts...
2025-10-25 09:19:14.981 | INFO     | oto.adapter.oto:run:454 -   Original texts: 12
2025-10-25 09:19:14.982 | INFO     | translate_utils.adapter.translate:run:251 - [Translate] Translating 12 texts
2025-10-25 09:19:14.983 | INFO     | translate_utils.services.pipeline:run:89 - [Pipeline] Translating 9 uncached segments (bulk)
2025-10-25 09:19:15.297 | SUCCESS  | translate_utils.adapter.translate:run:302 - [Translate] Completed: 9 translations
2025-10-25 09:19:15.299 | SUCCESS  | oto.adapter.oto:run:487 - ✅ Translation completed: 9 texts
2025-10-25 09:19:15.300 | INFO     | oto.adapter.oto:run:492 - 
[3/5] Conversion: OCRItem → OverlayItem...
2025-10-25 09:19:15.300 | SUCCESS  | oto.adapter.oto:run:508 - ✅ Converted: 12 overlay items
2025-10-25 09:19:15.301 | INFO     | oto.adapter.oto:run:513 - 
[4/5] ImageOverlay: Rendering overlay + saving...
2025-10-25 09:19:15.302 | INFO     | image_utils.adapter.overlay:run:206 - Overlaying 12 items on image (1500, 2322)...
2025-10-25 09:19:15.369 | DEBUG    | image_utils.adapter.overlay:run:253 - Compositing layers...
2025-10-25 09:19:15.404 | SUCCESS  | image_utils.adapter.overlay:run:274 - Overlay completed: 12 items rendered
2025-10-25 09:19:15.407 | ERROR    | image_utils.adapter.overlay:_log_both:117 - Failed to save overlaid image: unknown file extension: 
2025-10-25 09:19:15.411 | INFO     | image_utils.adapter.overlay:_log_both:117 - Overlay metadata saved: M:\CALife\CAShop - 구매대행\_code\scripts\xloto\test\images\01_overlay_meta.json
2025-10-25 09:19:15.415 | SUCCESS  | oto.adapter.oto:run:538 - ✅ Overlay completed (Adapter handled save/meta)
2025-10-25 09:19:15.415 | INFO     | oto.adapter.oto:run:542 - 
================================================================================
2025-10-25 09:19:15.416 | SUCCESS  | oto.adapter.oto:run:543 - ✅ Oto Pipeline Completed: 01.jpg
2025-10-25 09:19:15.417 | INFO     | oto.adapter.oto:run:544 - ================================================================================

2025-10-25 09:19:15.420 | SUCCESS  | scripts.xloto.adapter.xloto:run:418 -       Saved to: M:\CALife\CAShop - 구매대행\_code\scripts\xloto\test\images\CAPEA-001\output\01.jpg
2025-10-25 09:19:15.420 | INFO     | scripts.xloto.adapter.xloto:run:406 -     [4/4] 02.jpg
2025-10-25 09:19:15.421 | INFO     | oto.adapter.oto:run:375 - ================================================================================
2025-10-25 09:19:15.422 | INFO     | oto.adapter.oto:run:376 - 🖼️  Oto Pipeline: 02.jpg
2025-10-25 09:19:15.423 | INFO     | oto.adapter.oto:run:377 - ================================================================================

2025-10-25 09:19:15.423 | INFO     | oto.adapter.oto:run:382 - [0/5] ImageLoad: Loading image...
2025-10-25 09:19:15.425 | INFO     | image_utils.adapter.load:_log_both:88 - Loading from: M:\CALife\CAShop - 구매대행\_code\scripts\xloto\test\images\CAPEA-001\input\02.jpg
2025-10-25 09:19:15.450 | SUCCESS  | image_utils.adapter.load:_log_both:88 - Completed: (1500, 2322) -> (1500, 2322)
2025-10-25 09:19:15.452 | SUCCESS  | oto.adapter.oto:run:408 - ✅ Image loaded: (1500, 2322) RGB
2025-10-25 09:19:15.453 | INFO     | oto.adapter.oto:run:413 - 
[1/5] ImageTextRecognize: Running OCR...
2025-10-25 09:19:15.453 | INFO     | image_utils.adapter.text_recognize:run:226 - Running OCR on image: (1500, 2322) RGB
2025-10-25 09:19:27.289 | INFO     | image_utils.adapter.text_recognize:run:254 - OCR detected 13 items
2025-10-25 09:19:27.289 | DEBUG    | image_utils.adapter.text_recognize:_postprocess_items:464 - Stripped special chars: '200W/PD快充新高度' -> '200W PD快充新高度'
2025-10-25 09:19:27.290 | INFO     | image_utils.adapter.text_recognize:_postprocess_items:474 - Filtered alphanumeric-only items: 13 -> 12
2025-10-25 09:19:27.291 | SUCCESS  | image_utils.adapter.text_recognize:run:259 - OCR completed: 12 items after postprocessing
2025-10-25 09:19:27.292 | SUCCESS  | oto.adapter.oto:run:434 - ✅ OCR completed: 12 items
2025-10-25 09:19:27.292 | INFO     | oto.adapter.oto:run:444 - 
[2/5] Translate: Translating texts...
2025-10-25 09:19:27.293 | INFO     | oto.adapter.oto:run:454 -   Original texts: 12
2025-10-25 09:19:27.293 | INFO     | translate_utils.adapter.translate:run:251 - [Translate] Translating 12 texts
2025-10-25 09:19:27.294 | INFO     | translate_utils.services.pipeline:run:89 - [Pipeline] Translating 9 uncached segments (bulk)
2025-10-25 09:19:27.605 | SUCCESS  | translate_utils.adapter.translate:run:302 - [Translate] Completed: 9 translations
2025-10-25 09:19:27.607 | SUCCESS  | oto.adapter.oto:run:487 - ✅ Translation completed: 9 texts
2025-10-25 09:19:27.607 | INFO     | oto.adapter.oto:run:492 - 
[3/5] Conversion: OCRItem → OverlayItem...
2025-10-25 09:19:27.609 | SUCCESS  | oto.adapter.oto:run:508 - ✅ Converted: 12 overlay items
2025-10-25 09:19:27.609 | INFO     | oto.adapter.oto:run:513 - 
[4/5] ImageOverlay: Rendering overlay + saving...
2025-10-25 09:19:27.610 | INFO     | image_utils.adapter.overlay:run:206 - Overlaying 12 items on image (1500, 2322)...
2025-10-25 09:19:27.668 | DEBUG    | image_utils.adapter.overlay:run:253 - Compositing layers...
2025-10-25 09:19:27.703 | SUCCESS  | image_utils.adapter.overlay:run:274 - Overlay completed: 12 items rendered
2025-10-25 09:19:27.705 | ERROR    | image_utils.adapter.overlay:_log_both:117 - Failed to save overlaid image: unknown file extension: 
2025-10-25 09:19:27.710 | INFO     | image_utils.adapter.overlay:_log_both:117 - Overlay metadata saved: M:\CALife\CAShop - 구매대행\_code\scripts\xloto\test\images\02_overlay_meta.json
2025-10-25 09:19:27.714 | SUCCESS  | oto.adapter.oto:run:538 - ✅ Overlay completed (Adapter handled save/meta)
2025-10-25 09:19:27.715 | INFO     | oto.adapter.oto:run:542 - 
================================================================================
2025-10-25 09:19:27.716 | SUCCESS  | oto.adapter.oto:run:543 - ✅ Oto Pipeline Completed: 02.jpg
2025-10-25 09:19:27.717 | INFO     | oto.adapter.oto:run:544 - ================================================================================

2025-10-25 09:19:27.720 | SUCCESS  | scripts.xloto.adapter.xloto:run:418 -       Saved to: M:\CALife\CAShop - 구매대행\_code\scripts\xloto\test\images\CAPEA-001\output\02.jpg
2025-10-25 09:19:27.721 | SUCCESS  | scripts.xloto.adapter.xloto:run:426 -     Processed: 4/4
2025-10-25 09:19:27.721 | INFO     | scripts.xloto.adapter.xloto:run:445 - [4/4] Updating Excel...
2025-10-25 09:19:27.722 | DEBUG    | scripts.xloto.adapter.xloto:excel_updater:271 - ExcelUpdater created
2025-10-25 09:19:27.764 | SUCCESS  | scripts.xloto.adapter.xloto:run:453 -   Updated 0 cells
2025-10-25 09:19:28.167 | DEBUG    | xl_utils.adapter.excel_load:close:330 - Excel file closed
2025-10-25 09:19:28.167 | INFO     | scripts.xloto.adapter.xloto:run:457 - ================================================================================
2025-10-25 09:19:28.168 | SUCCESS  | scripts.xloto.adapter.xloto:run:458 - XLOTO Pipeline Completed
2025-10-25 09:19:28.169 | INFO     | scripts.xloto.adapter.xloto:run:459 -    Total: 1
2025-10-25 09:19:28.169 | INFO     | scripts.xloto.adapter.xloto:run:460 -    Processed: 1
2025-10-25 09:19:28.170 | INFO     | scripts.xloto.adapter.xloto:run:461 - ================================================================================
2025-10-25 09:19:28.221 | DEBUG    | translate_utils.adapter.translate:close:315 - Provider closed
2025-10-25 09:20:29.256 | DEBUG    | scripts.xloto.adapter.xloto:__init__:214 - XLOTO adapter initialized
2025-10-25 09:20:29.256 | INFO     | scripts.xloto.adapter.xloto:run:319 - ================================================================================
2025-10-25 09:20:29.257 | INFO     | scripts.xloto.adapter.xloto:run:320 - XLOTO Pipeline Starting
2025-10-25 09:20:29.258 | INFO     | scripts.xloto.adapter.xloto:run:321 - ================================================================================
2025-10-25 09:20:29.258 | INFO     | scripts.xloto.adapter.xloto:run:326 - [1/4] Loading Excel file...
2025-10-25 09:20:29.258 | DEBUG    | scripts.xloto.adapter.xloto:run:330 -   Excel path from policy: M:/CALife/CAShop - 구매대행/_code/scripts/xloto/test/01.All Product List.xlsx
2025-10-25 09:20:29.276 | INFO     | xl_utils.adapter.excel_load:__init__:118 - ExcelLoad initialized (app mode)
2025-10-25 09:20:29.276 | DEBUG    | xl_utils.adapter.excel_load:open:172 - Opening Excel App (app mode)
2025-10-25 09:20:30.804 | INFO     | xl_utils.adapter.excel_load:open:198 - Excel App opened (app mode)
2025-10-25 09:20:30.805 | DEBUG    | xl_utils.adapter.excel_load:open_workbook:230 - Opening workbook: 01.All Product List.xlsx
2025-10-25 09:20:31.316 | INFO     | xl_utils.adapter.excel_load:open_workbook:240 - Workbook opened: 01.All Product List.xlsx
2025-10-25 09:20:31.317 | DEBUG    | xl_utils.adapter.excel_load:get_worksheet:298 - Accessing worksheet: Purchase
2025-10-25 09:20:31.551 | INFO     | xl_utils.adapter.excel_load:get_worksheet:312 - Worksheet accessed: Purchase
2025-10-25 09:20:31.589 | SUCCESS  | scripts.xloto.adapter.xloto:run:351 -   Loaded DataFrame: 4 rows
2025-10-25 09:20:31.589 | INFO     | scripts.xloto.adapter.xloto:run:356 - [2/4] Extracting CAS No...
2025-10-25 09:20:31.590 | DEBUG    | scripts.xloto.adapter.xloto:cas_extractor:263 - CasExtractor created
2025-10-25 09:20:31.594 | SUCCESS  | scripts.xloto.adapter.xloto:run:364 -   Extracted 1 CAS No
2025-10-25 09:20:31.595 | DEBUG    | scripts.xloto.adapter.xloto:run:365 -   CAS List: [{'cas_no': 'CAPEA-001', 'translation_row': 3, 'translation_col': None}]
2025-10-25 09:20:31.595 | INFO     | scripts.xloto.adapter.xloto:run:376 - [3/4] Processing 1 CAS No...
2025-10-25 09:20:31.596 | INFO     | scripts.xloto.adapter.xloto:run:383 -   [1/1] Processing: CAPEA-001
2025-10-25 09:20:31.596 | DEBUG    | scripts.xloto.adapter.xloto:image_manager:252 - ImageFileManager created
2025-10-25 09:20:31.599 | INFO     | scripts.xloto.adapter.xloto:run:398 -     Found 4 images
2025-10-25 09:20:31.599 | INFO     | scripts.xloto.adapter.xloto:run:407 -     [1/4] 01.jpg
2025-10-25 09:20:31.601 | DEBUG    | scripts.xloto.adapter.xloto:run:411 -       Override: directory=M:\CALife\CAShop - 구매대행\_code\scripts\xloto\test\images\CAPEA-001\output, filename=01.jpg
2025-10-25 09:20:31.602 | DEBUG    | oto.adapter.oto:__init__:238 - Oto adapter initialized (parent logger only)
2025-10-25 09:20:31.602 | DEBUG    | scripts.xloto.adapter.xloto:OTO:240 - OTO adapter created
2025-10-25 09:20:31.603 | INFO     | oto.adapter.oto:run:375 - ================================================================================
2025-10-25 09:20:31.604 | INFO     | oto.adapter.oto:run:376 - 🖼️  Oto Pipeline: 01.jpg
2025-10-25 09:20:31.604 | INFO     | oto.adapter.oto:run:377 - ================================================================================

2025-10-25 09:20:31.605 | INFO     | oto.adapter.oto:run:382 - [0/5] ImageLoad: Loading image...
2025-10-25 09:20:31.610 | DEBUG    | image_utils.adapter.load:__init__:63 - ImageLoad initialized with dual logging
2025-10-25 09:20:31.612 | INFO     | image_utils.adapter.load:_log_both:88 - Loading from: M:\CALife\CAShop - 구매대행\_code\scripts\xloto\test\images\CAPEA-001\input\01.jpg
2025-10-25 09:20:31.660 | SUCCESS  | image_utils.adapter.load:_log_both:88 - Completed: (1500, 2322) -> (1500, 2322)
2025-10-25 09:20:31.663 | SUCCESS  | oto.adapter.oto:run:408 - ✅ Image loaded: (1500, 2322) RGB
2025-10-25 09:20:31.664 | INFO     | oto.adapter.oto:run:413 - 
[1/5] ImageTextRecognize: Running OCR...
2025-10-25 09:20:31.671 | DEBUG    | image_utils.adapter.text_recognize:__init__:96 - ImageTextRecognize initialized with dual logging
2025-10-25 09:20:31.672 | INFO     | image_utils.adapter.text_recognize:run:226 - Running OCR on image: (1500, 2322) RGB
2025-10-25 09:20:40.463 | INFO     | image_utils.adapter.text_recognize:_load_ocr_engine:150 - Initializing PaddleOCR: langs=['ch', 'en']
2025-10-25 09:20:40.464 | INFO     | image_utils.adapter.text_recognize:_load_ocr_engine:161 -   use_doc_orientation_classify: False
2025-10-25 09:20:40.464 | INFO     | image_utils.adapter.text_recognize:_load_ocr_engine:162 -   use_doc_unwarping: False
2025-10-25 09:20:55.439 | SUCCESS  | image_utils.adapter.text_recognize:_load_ocr_engine:165 - PaddleOCR initialized successfully
2025-10-25 09:21:10.033 | INFO     | image_utils.adapter.text_recognize:run:254 - OCR detected 13 items
2025-10-25 09:21:10.035 | DEBUG    | image_utils.adapter.text_recognize:_postprocess_items:464 - Stripped special chars: '200W/PD快充新高度' -> '200W PD快充新高度'
2025-10-25 09:21:10.039 | INFO     | image_utils.adapter.text_recognize:_postprocess_items:474 - Filtered alphanumeric-only items: 13 -> 12
2025-10-25 09:21:10.039 | SUCCESS  | image_utils.adapter.text_recognize:run:259 - OCR completed: 12 items after postprocessing
2025-10-25 09:21:10.041 | SUCCESS  | oto.adapter.oto:run:434 - ✅ OCR completed: 12 items
2025-10-25 09:21:10.041 | INFO     | oto.adapter.oto:run:444 - 
[2/5] Translate: Translating texts...
2025-10-25 09:21:10.041 | INFO     | oto.adapter.oto:run:454 -   Original texts: 12
2025-10-25 09:21:10.048 | DEBUG    | translate_utils.adapter.translate:__init__:106 - Translate initialized with dual logging
2025-10-25 09:21:10.049 | INFO     | translate_utils.adapter.translate:run:251 - [Translate] Translating 12 texts
2025-10-25 09:21:10.049 | DEBUG    | translate_utils.adapter.translate:pipeline:177 - Creating translation pipeline
2025-10-25 09:21:10.052 | DEBUG    | translate_utils.adapter.translate:provider:161 - Creating provider: deepl
2025-10-25 09:21:10.054 | SUCCESS  | translate_utils.adapter.translate:run:302 - [Translate] Completed: 9 translations
2025-10-25 09:21:10.054 | SUCCESS  | oto.adapter.oto:run:487 - ✅ Translation completed: 9 texts
2025-10-25 09:21:10.054 | INFO     | oto.adapter.oto:run:492 - 
[3/5] Conversion: OCRItem → OverlayItem...
2025-10-25 09:21:10.056 | SUCCESS  | oto.adapter.oto:run:508 - ✅ Converted: 12 overlay items
2025-10-25 09:21:10.056 | INFO     | oto.adapter.oto:run:513 - 
[4/5] ImageOverlay: Rendering overlay + saving...
2025-10-25 09:21:10.064 | DEBUG    | image_utils.adapter.overlay:__init__:88 - ImageOverlay initialized with dual logging
2025-10-25 09:21:10.066 | INFO     | image_utils.adapter.overlay:run:206 - Overlaying 12 items on image (1500, 2322)...
2025-10-25 09:21:10.125 | DEBUG    | image_utils.adapter.overlay:run:253 - Compositing layers...
2025-10-25 09:21:10.161 | SUCCESS  | image_utils.adapter.overlay:run:274 - Overlay completed: 12 items rendered
2025-10-25 09:21:10.237 | ERROR    | image_utils.adapter.overlay:_log_both:117 - Failed to save overlaid image: unknown file extension: 
2025-10-25 09:21:10.240 | INFO     | image_utils.adapter.overlay:_log_both:117 - Overlay metadata saved: M:\CALife\CAShop - 구매대행\_code\scripts\xloto\test\images\01_overlay_meta.json
2025-10-25 09:21:10.244 | SUCCESS  | oto.adapter.oto:run:538 - ✅ Overlay completed (Adapter handled save/meta)
2025-10-25 09:21:10.245 | INFO     | oto.adapter.oto:run:542 - 
================================================================================
2025-10-25 09:21:10.246 | SUCCESS  | oto.adapter.oto:run:543 - ✅ Oto Pipeline Completed: 01.jpg
2025-10-25 09:21:10.246 | INFO     | oto.adapter.oto:run:544 - ================================================================================

2025-10-25 09:21:10.247 | SUCCESS  | scripts.xloto.adapter.xloto:run:420 -       Saved to: M:\CALife\CAShop - 구매대행\_code\scripts\xloto\test\images\CAPEA-001\output\01.jpg
2025-10-25 09:21:10.247 | INFO     | scripts.xloto.adapter.xloto:run:407 -     [2/4] 02.jpg
2025-10-25 09:21:10.248 | DEBUG    | scripts.xloto.adapter.xloto:run:411 -       Override: directory=M:\CALife\CAShop - 구매대행\_code\scripts\xloto\test\images\CAPEA-001\output, filename=02.jpg
2025-10-25 09:21:10.248 | INFO     | oto.adapter.oto:run:375 - ================================================================================
2025-10-25 09:21:10.248 | INFO     | oto.adapter.oto:run:376 - 🖼️  Oto Pipeline: 02.jpg
2025-10-25 09:21:10.248 | INFO     | oto.adapter.oto:run:377 - ================================================================================

2025-10-25 09:21:10.249 | INFO     | oto.adapter.oto:run:382 - [0/5] ImageLoad: Loading image...
2025-10-25 09:21:10.249 | INFO     | image_utils.adapter.load:_log_both:88 - Loading from: M:\CALife\CAShop - 구매대행\_code\scripts\xloto\test\images\CAPEA-001\input\02.jpg
2025-10-25 09:21:10.273 | SUCCESS  | image_utils.adapter.load:_log_both:88 - Completed: (1500, 2322) -> (1500, 2322)
2025-10-25 09:21:10.276 | SUCCESS  | oto.adapter.oto:run:408 - ✅ Image loaded: (1500, 2322) RGB
2025-10-25 09:21:10.276 | INFO     | oto.adapter.oto:run:413 - 
[1/5] ImageTextRecognize: Running OCR...
2025-10-25 09:21:10.276 | INFO     | image_utils.adapter.text_recognize:run:226 - Running OCR on image: (1500, 2322) RGB
2025-10-25 09:21:26.741 | INFO     | image_utils.adapter.text_recognize:run:254 - OCR detected 13 items
2025-10-25 09:21:26.741 | DEBUG    | image_utils.adapter.text_recognize:_postprocess_items:464 - Stripped special chars: '200W/PD快充新高度' -> '200W PD快充新高度'
2025-10-25 09:21:26.742 | INFO     | image_utils.adapter.text_recognize:_postprocess_items:474 - Filtered alphanumeric-only items: 13 -> 12
2025-10-25 09:21:26.742 | SUCCESS  | image_utils.adapter.text_recognize:run:259 - OCR completed: 12 items after postprocessing
2025-10-25 09:21:26.742 | SUCCESS  | oto.adapter.oto:run:434 - ✅ OCR completed: 12 items
2025-10-25 09:21:26.743 | INFO     | oto.adapter.oto:run:444 - 
[2/5] Translate: Translating texts...
2025-10-25 09:21:26.743 | INFO     | oto.adapter.oto:run:454 -   Original texts: 12
2025-10-25 09:21:26.743 | INFO     | translate_utils.adapter.translate:run:251 - [Translate] Translating 12 texts
2025-10-25 09:21:26.743 | INFO     | translate_utils.services.pipeline:run:89 - [Pipeline] Translating 9 uncached segments (bulk)
2025-10-25 09:21:27.536 | SUCCESS  | translate_utils.adapter.translate:run:302 - [Translate] Completed: 9 translations
2025-10-25 09:21:27.536 | SUCCESS  | oto.adapter.oto:run:487 - ✅ Translation completed: 9 texts
2025-10-25 09:21:27.536 | INFO     | oto.adapter.oto:run:492 - 
[3/5] Conversion: OCRItem → OverlayItem...
2025-10-25 09:21:27.536 | SUCCESS  | oto.adapter.oto:run:508 - ✅ Converted: 12 overlay items
2025-10-25 09:21:27.537 | INFO     | oto.adapter.oto:run:513 - 
[4/5] ImageOverlay: Rendering overlay + saving...
2025-10-25 09:21:27.539 | INFO     | image_utils.adapter.overlay:run:206 - Overlaying 12 items on image (1500, 2322)...
2025-10-25 09:21:27.590 | DEBUG    | image_utils.adapter.overlay:run:253 - Compositing layers...
2025-10-25 09:21:27.624 | SUCCESS  | image_utils.adapter.overlay:run:274 - Overlay completed: 12 items rendered
2025-10-25 09:21:27.627 | ERROR    | image_utils.adapter.overlay:_log_both:117 - Failed to save overlaid image: unknown file extension: 
2025-10-25 09:21:27.630 | INFO     | image_utils.adapter.overlay:_log_both:117 - Overlay metadata saved: M:\CALife\CAShop - 구매대행\_code\scripts\xloto\test\images\02_overlay_meta.json
2025-10-25 09:21:27.633 | SUCCESS  | oto.adapter.oto:run:538 - ✅ Overlay completed (Adapter handled save/meta)
2025-10-25 09:21:27.634 | INFO     | oto.adapter.oto:run:542 - 
================================================================================
2025-10-25 09:21:27.634 | SUCCESS  | oto.adapter.oto:run:543 - ✅ Oto Pipeline Completed: 02.jpg
2025-10-25 09:21:27.635 | INFO     | oto.adapter.oto:run:544 - ================================================================================

2025-10-25 09:21:27.639 | SUCCESS  | scripts.xloto.adapter.xloto:run:420 -       Saved to: M:\CALife\CAShop - 구매대행\_code\scripts\xloto\test\images\CAPEA-001\output\02.jpg
2025-10-25 09:21:27.639 | INFO     | scripts.xloto.adapter.xloto:run:407 -     [3/4] 01.jpg
2025-10-25 09:21:27.639 | DEBUG    | scripts.xloto.adapter.xloto:run:411 -       Override: directory=M:\CALife\CAShop - 구매대행\_code\scripts\xloto\test\images\CAPEA-001\output, filename=01.jpg
2025-10-25 09:21:27.639 | INFO     | oto.adapter.oto:run:375 - ================================================================================
2025-10-25 09:21:27.640 | INFO     | oto.adapter.oto:run:376 - 🖼️  Oto Pipeline: 01.jpg
2025-10-25 09:21:27.640 | INFO     | oto.adapter.oto:run:377 - ================================================================================

2025-10-25 09:21:27.640 | INFO     | oto.adapter.oto:run:382 - [0/5] ImageLoad: Loading image...
2025-10-25 09:21:27.643 | INFO     | image_utils.adapter.load:_log_both:88 - Loading from: M:\CALife\CAShop - 구매대행\_code\scripts\xloto\test\images\CAPEA-001\input\01.jpg
2025-10-25 09:21:27.669 | SUCCESS  | image_utils.adapter.load:_log_both:88 - Completed: (1500, 2322) -> (1500, 2322)
2025-10-25 09:21:27.671 | SUCCESS  | oto.adapter.oto:run:408 - ✅ Image loaded: (1500, 2322) RGB
2025-10-25 09:21:27.672 | INFO     | oto.adapter.oto:run:413 - 
[1/5] ImageTextRecognize: Running OCR...
2025-10-25 09:21:27.673 | INFO     | image_utils.adapter.text_recognize:run:226 - Running OCR on image: (1500, 2322) RGB
2025-10-25 09:21:40.345 | INFO     | image_utils.adapter.text_recognize:run:254 - OCR detected 13 items
2025-10-25 09:21:40.346 | DEBUG    | image_utils.adapter.text_recognize:_postprocess_items:464 - Stripped special chars: '200W/PD快充新高度' -> '200W PD快充新高度'
2025-10-25 09:21:40.346 | INFO     | image_utils.adapter.text_recognize:_postprocess_items:474 - Filtered alphanumeric-only items: 13 -> 12
2025-10-25 09:21:40.347 | SUCCESS  | image_utils.adapter.text_recognize:run:259 - OCR completed: 12 items after postprocessing
2025-10-25 09:21:40.347 | SUCCESS  | oto.adapter.oto:run:434 - ✅ OCR completed: 12 items
2025-10-25 09:21:40.347 | INFO     | oto.adapter.oto:run:444 - 
[2/5] Translate: Translating texts...
2025-10-25 09:21:40.349 | INFO     | oto.adapter.oto:run:454 -   Original texts: 12
2025-10-25 09:21:40.349 | INFO     | translate_utils.adapter.translate:run:251 - [Translate] Translating 12 texts
2025-10-25 09:21:40.349 | INFO     | translate_utils.services.pipeline:run:89 - [Pipeline] Translating 9 uncached segments (bulk)
2025-10-25 09:21:40.656 | SUCCESS  | translate_utils.adapter.translate:run:302 - [Translate] Completed: 9 translations
2025-10-25 09:21:40.656 | SUCCESS  | oto.adapter.oto:run:487 - ✅ Translation completed: 9 texts
2025-10-25 09:21:40.656 | INFO     | oto.adapter.oto:run:492 - 
[3/5] Conversion: OCRItem → OverlayItem...
2025-10-25 09:21:40.657 | SUCCESS  | oto.adapter.oto:run:508 - ✅ Converted: 12 overlay items
2025-10-25 09:21:40.657 | INFO     | oto.adapter.oto:run:513 - 
[4/5] ImageOverlay: Rendering overlay + saving...
2025-10-25 09:21:40.659 | INFO     | image_utils.adapter.overlay:run:206 - Overlaying 12 items on image (1500, 2322)...
2025-10-25 09:21:40.719 | DEBUG    | image_utils.adapter.overlay:run:253 - Compositing layers...
2025-10-25 09:21:40.760 | SUCCESS  | image_utils.adapter.overlay:run:274 - Overlay completed: 12 items rendered
2025-10-25 09:21:40.762 | ERROR    | image_utils.adapter.overlay:_log_both:117 - Failed to save overlaid image: unknown file extension: 
2025-10-25 09:21:40.766 | INFO     | image_utils.adapter.overlay:_log_both:117 - Overlay metadata saved: M:\CALife\CAShop - 구매대행\_code\scripts\xloto\test\images\01_overlay_meta.json
2025-10-25 09:21:40.770 | SUCCESS  | oto.adapter.oto:run:538 - ✅ Overlay completed (Adapter handled save/meta)
2025-10-25 09:21:40.771 | INFO     | oto.adapter.oto:run:542 - 
================================================================================
2025-10-25 09:21:40.771 | SUCCESS  | oto.adapter.oto:run:543 - ✅ Oto Pipeline Completed: 01.jpg
2025-10-25 09:21:40.772 | INFO     | oto.adapter.oto:run:544 - ================================================================================

2025-10-25 09:21:40.776 | SUCCESS  | scripts.xloto.adapter.xloto:run:420 -       Saved to: M:\CALife\CAShop - 구매대행\_code\scripts\xloto\test\images\CAPEA-001\output\01.jpg
2025-10-25 09:21:40.776 | INFO     | scripts.xloto.adapter.xloto:run:407 -     [4/4] 02.jpg
2025-10-25 09:21:40.776 | DEBUG    | scripts.xloto.adapter.xloto:run:411 -       Override: directory=M:\CALife\CAShop - 구매대행\_code\scripts\xloto\test\images\CAPEA-001\output, filename=02.jpg
2025-10-25 09:21:40.776 | INFO     | oto.adapter.oto:run:375 - ================================================================================
2025-10-25 09:21:40.778 | INFO     | oto.adapter.oto:run:376 - 🖼️  Oto Pipeline: 02.jpg
2025-10-25 09:21:40.778 | INFO     | oto.adapter.oto:run:377 - ================================================================================

2025-10-25 09:21:40.778 | INFO     | oto.adapter.oto:run:382 - [0/5] ImageLoad: Loading image...
2025-10-25 09:21:40.780 | INFO     | image_utils.adapter.load:_log_both:88 - Loading from: M:\CALife\CAShop - 구매대행\_code\scripts\xloto\test\images\CAPEA-001\input\02.jpg
2025-10-25 09:21:40.803 | SUCCESS  | image_utils.adapter.load:_log_both:88 - Completed: (1500, 2322) -> (1500, 2322)
2025-10-25 09:21:40.805 | SUCCESS  | oto.adapter.oto:run:408 - ✅ Image loaded: (1500, 2322) RGB
2025-10-25 09:21:40.805 | INFO     | oto.adapter.oto:run:413 - 
[1/5] ImageTextRecognize: Running OCR...
2025-10-25 09:21:40.806 | INFO     | image_utils.adapter.text_recognize:run:226 - Running OCR on image: (1500, 2322) RGB
2025-10-25 09:21:53.565 | INFO     | image_utils.adapter.text_recognize:run:254 - OCR detected 13 items
2025-10-25 09:21:53.566 | DEBUG    | image_utils.adapter.text_recognize:_postprocess_items:464 - Stripped special chars: '200W/PD快充新高度' -> '200W PD快充新高度'
2025-10-25 09:21:53.566 | INFO     | image_utils.adapter.text_recognize:_postprocess_items:474 - Filtered alphanumeric-only items: 13 -> 12
2025-10-25 09:21:53.567 | SUCCESS  | image_utils.adapter.text_recognize:run:259 - OCR completed: 12 items after postprocessing
2025-10-25 09:21:53.567 | SUCCESS  | oto.adapter.oto:run:434 - ✅ OCR completed: 12 items
2025-10-25 09:21:53.569 | INFO     | oto.adapter.oto:run:444 - 
[2/5] Translate: Translating texts...
2025-10-25 09:21:53.569 | INFO     | oto.adapter.oto:run:454 -   Original texts: 12
2025-10-25 09:21:53.569 | INFO     | translate_utils.adapter.translate:run:251 - [Translate] Translating 12 texts
2025-10-25 09:21:53.569 | INFO     | translate_utils.services.pipeline:run:89 - [Pipeline] Translating 9 uncached segments (bulk)
2025-10-25 09:21:53.880 | SUCCESS  | translate_utils.adapter.translate:run:302 - [Translate] Completed: 9 translations
2025-10-25 09:21:53.881 | SUCCESS  | oto.adapter.oto:run:487 - ✅ Translation completed: 9 texts
2025-10-25 09:21:53.881 | INFO     | oto.adapter.oto:run:492 - 
[3/5] Conversion: OCRItem → OverlayItem...
2025-10-25 09:21:53.882 | SUCCESS  | oto.adapter.oto:run:508 - ✅ Converted: 12 overlay items
2025-10-25 09:21:53.882 | INFO     | oto.adapter.oto:run:513 - 
[4/5] ImageOverlay: Rendering overlay + saving...
2025-10-25 09:21:53.883 | INFO     | image_utils.adapter.overlay:run:206 - Overlaying 12 items on image (1500, 2322)...
2025-10-25 09:21:53.938 | DEBUG    | image_utils.adapter.overlay:run:253 - Compositing layers...
2025-10-25 09:21:53.971 | SUCCESS  | image_utils.adapter.overlay:run:274 - Overlay completed: 12 items rendered
2025-10-25 09:21:53.974 | ERROR    | image_utils.adapter.overlay:_log_both:117 - Failed to save overlaid image: unknown file extension: 
2025-10-25 09:21:53.978 | INFO     | image_utils.adapter.overlay:_log_both:117 - Overlay metadata saved: M:\CALife\CAShop - 구매대행\_code\scripts\xloto\test\images\02_overlay_meta.json
2025-10-25 09:21:53.982 | SUCCESS  | oto.adapter.oto:run:538 - ✅ Overlay completed (Adapter handled save/meta)
2025-10-25 09:21:53.983 | INFO     | oto.adapter.oto:run:542 - 
================================================================================
2025-10-25 09:21:53.984 | SUCCESS  | oto.adapter.oto:run:543 - ✅ Oto Pipeline Completed: 02.jpg
2025-10-25 09:21:53.985 | INFO     | oto.adapter.oto:run:544 - ================================================================================

2025-10-25 09:21:53.988 | SUCCESS  | scripts.xloto.adapter.xloto:run:420 -       Saved to: M:\CALife\CAShop - 구매대행\_code\scripts\xloto\test\images\CAPEA-001\output\02.jpg
2025-10-25 09:21:53.988 | SUCCESS  | scripts.xloto.adapter.xloto:run:428 -     Processed: 4/4
2025-10-25 09:21:53.989 | INFO     | scripts.xloto.adapter.xloto:run:447 - [4/4] Updating Excel...
2025-10-25 09:21:53.989 | DEBUG    | scripts.xloto.adapter.xloto:excel_updater:271 - ExcelUpdater created
2025-10-25 09:21:54.033 | SUCCESS  | scripts.xloto.adapter.xloto:run:455 -   Updated 0 cells
2025-10-25 09:21:54.441 | DEBUG    | xl_utils.adapter.excel_load:close:330 - Excel file closed
2025-10-25 09:21:54.441 | INFO     | scripts.xloto.adapter.xloto:run:459 - ================================================================================
2025-10-25 09:21:54.442 | SUCCESS  | scripts.xloto.adapter.xloto:run:460 - XLOTO Pipeline Completed
2025-10-25 09:21:54.442 | INFO     | scripts.xloto.adapter.xloto:run:461 -    Total: 1
2025-10-25 09:21:54.443 | INFO     | scripts.xloto.adapter.xloto:run:462 -    Processed: 1
2025-10-25 09:21:54.443 | INFO     | scripts.xloto.adapter.xloto:run:463 - ================================================================================
2025-10-25 09:21:54.476 | DEBUG    | translate_utils.adapter.translate:close:315 - Provider closed
2025-10-25 09:23:51.085 | DEBUG    | scripts.xloto.adapter.xloto:__init__:214 - XLOTO adapter initialized
2025-10-25 09:23:51.086 | INFO     | scripts.xloto.adapter.xloto:run:319 - ================================================================================
2025-10-25 09:23:51.087 | INFO     | scripts.xloto.adapter.xloto:run:320 - XLOTO Pipeline Starting
2025-10-25 09:23:51.089 | INFO     | scripts.xloto.adapter.xloto:run:321 - ================================================================================
2025-10-25 09:23:51.090 | INFO     | scripts.xloto.adapter.xloto:run:326 - [1/4] Loading Excel file...
2025-10-25 09:23:51.091 | DEBUG    | scripts.xloto.adapter.xloto:run:330 -   Excel path from policy: M:/CALife/CAShop - 구매대행/_code/scripts/xloto/test/01.All Product List.xlsx
2025-10-25 09:23:51.109 | INFO     | xl_utils.adapter.excel_load:__init__:118 - ExcelLoad initialized (app mode)
2025-10-25 09:23:51.110 | DEBUG    | xl_utils.adapter.excel_load:open:172 - Opening Excel App (app mode)
2025-10-25 09:23:52.293 | INFO     | xl_utils.adapter.excel_load:open:198 - Excel App opened (app mode)
2025-10-25 09:23:52.295 | DEBUG    | xl_utils.adapter.excel_load:open_workbook:230 - Opening workbook: 01.All Product List.xlsx
2025-10-25 09:23:52.751 | INFO     | xl_utils.adapter.excel_load:open_workbook:240 - Workbook opened: 01.All Product List.xlsx
2025-10-25 09:23:52.752 | DEBUG    | xl_utils.adapter.excel_load:get_worksheet:298 - Accessing worksheet: Purchase
2025-10-25 09:23:52.982 | INFO     | xl_utils.adapter.excel_load:get_worksheet:312 - Worksheet accessed: Purchase
2025-10-25 09:23:53.016 | SUCCESS  | scripts.xloto.adapter.xloto:run:351 -   Loaded DataFrame: 4 rows
2025-10-25 09:23:53.017 | INFO     | scripts.xloto.adapter.xloto:run:356 - [2/4] Extracting CAS No...
2025-10-25 09:23:53.017 | DEBUG    | scripts.xloto.adapter.xloto:cas_extractor:263 - CasExtractor created
2025-10-25 09:23:53.021 | SUCCESS  | scripts.xloto.adapter.xloto:run:364 -   Extracted 1 CAS No
2025-10-25 09:23:53.022 | DEBUG    | scripts.xloto.adapter.xloto:run:365 -   CAS List: [{'cas_no': 'CAPEA-001', 'translation_row': 3, 'translation_col': None}]
2025-10-25 09:23:53.022 | INFO     | scripts.xloto.adapter.xloto:run:376 - [3/4] Processing 1 CAS No...
2025-10-25 09:23:53.023 | INFO     | scripts.xloto.adapter.xloto:run:383 -   [1/1] Processing: CAPEA-001
2025-10-25 09:23:53.024 | DEBUG    | scripts.xloto.adapter.xloto:image_manager:252 - ImageFileManager created
2025-10-25 09:23:53.027 | INFO     | scripts.xloto.adapter.xloto:run:398 -     Found 4 images
2025-10-25 09:23:53.028 | INFO     | scripts.xloto.adapter.xloto:run:407 -     [1/4] 01.jpg
2025-10-25 09:23:53.028 | DEBUG    | scripts.xloto.adapter.xloto:run:411 -       Override: directory=M:\CALife\CAShop - 구매대행\_code\scripts\xloto\test\images\CAPEA-001\output, filename=01.jpg
2025-10-25 09:23:53.030 | DEBUG    | oto.adapter.oto:__init__:238 - Oto adapter initialized (parent logger only)
2025-10-25 09:23:53.030 | DEBUG    | scripts.xloto.adapter.xloto:OTO:240 - OTO adapter created
2025-10-25 09:23:53.031 | INFO     | oto.adapter.oto:run:375 - ================================================================================
2025-10-25 09:23:53.031 | INFO     | oto.adapter.oto:run:376 - 🖼️  Oto Pipeline: 01.jpg
2025-10-25 09:23:53.032 | INFO     | oto.adapter.oto:run:377 - ================================================================================

2025-10-25 09:23:53.033 | INFO     | oto.adapter.oto:run:382 - [0/5] ImageLoad: Loading image...
2025-10-25 09:23:53.036 | DEBUG    | image_utils.adapter.load:__init__:63 - ImageLoad initialized with dual logging
2025-10-25 09:23:53.039 | INFO     | image_utils.adapter.load:_log_both:88 - Loading from: M:\CALife\CAShop - 구매대행\_code\scripts\xloto\test\images\CAPEA-001\input\01.jpg
2025-10-25 09:23:53.079 | SUCCESS  | image_utils.adapter.load:_log_both:88 - Completed: (1500, 2322) -> (1500, 2322)
2025-10-25 09:23:53.081 | SUCCESS  | oto.adapter.oto:run:408 - ✅ Image loaded: (1500, 2322) RGB
2025-10-25 09:23:53.082 | INFO     | oto.adapter.oto:run:413 - 
[1/5] ImageTextRecognize: Running OCR...
2025-10-25 09:23:53.090 | DEBUG    | image_utils.adapter.text_recognize:__init__:96 - ImageTextRecognize initialized with dual logging
2025-10-25 09:23:53.091 | INFO     | image_utils.adapter.text_recognize:run:226 - Running OCR on image: (1500, 2322) RGB
2025-10-25 09:24:00.689 | INFO     | image_utils.adapter.text_recognize:_load_ocr_engine:150 - Initializing PaddleOCR: langs=['ch', 'en']
2025-10-25 09:24:00.690 | INFO     | image_utils.adapter.text_recognize:_load_ocr_engine:161 -   use_doc_orientation_classify: False
2025-10-25 09:24:00.690 | INFO     | image_utils.adapter.text_recognize:_load_ocr_engine:162 -   use_doc_unwarping: False
2025-10-25 09:24:14.296 | SUCCESS  | image_utils.adapter.text_recognize:_load_ocr_engine:165 - PaddleOCR initialized successfully
2025-10-25 09:24:25.314 | INFO     | image_utils.adapter.text_recognize:run:254 - OCR detected 13 items
2025-10-25 09:24:25.317 | DEBUG    | image_utils.adapter.text_recognize:_postprocess_items:464 - Stripped special chars: '200W/PD快充新高度' -> '200W PD快充新高度'
2025-10-25 09:24:25.319 | INFO     | image_utils.adapter.text_recognize:_postprocess_items:474 - Filtered alphanumeric-only items: 13 -> 12
2025-10-25 09:24:25.320 | SUCCESS  | image_utils.adapter.text_recognize:run:259 - OCR completed: 12 items after postprocessing
2025-10-25 09:24:25.321 | SUCCESS  | oto.adapter.oto:run:434 - ✅ OCR completed: 12 items
2025-10-25 09:24:25.322 | INFO     | oto.adapter.oto:run:444 - 
[2/5] Translate: Translating texts...
2025-10-25 09:24:25.324 | INFO     | oto.adapter.oto:run:454 -   Original texts: 12
2025-10-25 09:24:25.332 | DEBUG    | translate_utils.adapter.translate:__init__:106 - Translate initialized with dual logging
2025-10-25 09:24:25.334 | INFO     | translate_utils.adapter.translate:run:251 - [Translate] Translating 12 texts
2025-10-25 09:24:25.335 | DEBUG    | translate_utils.adapter.translate:pipeline:177 - Creating translation pipeline
2025-10-25 09:24:25.337 | DEBUG    | translate_utils.adapter.translate:provider:161 - Creating provider: deepl
2025-10-25 09:24:25.339 | SUCCESS  | translate_utils.adapter.translate:run:302 - [Translate] Completed: 9 translations
2025-10-25 09:24:25.340 | SUCCESS  | oto.adapter.oto:run:487 - ✅ Translation completed: 9 texts
2025-10-25 09:24:25.341 | INFO     | oto.adapter.oto:run:492 - 
[3/5] Conversion: OCRItem → OverlayItem...
2025-10-25 09:24:25.342 | SUCCESS  | oto.adapter.oto:run:508 - ✅ Converted: 12 overlay items
2025-10-25 09:24:25.343 | INFO     | oto.adapter.oto:run:513 - 
[4/5] ImageOverlay: Rendering overlay + saving...
2025-10-25 09:24:25.351 | DEBUG    | image_utils.adapter.overlay:__init__:88 - ImageOverlay initialized with dual logging
2025-10-25 09:24:25.354 | INFO     | image_utils.adapter.overlay:run:206 - Overlaying 12 items on image (1500, 2322)...
2025-10-25 09:24:25.407 | DEBUG    | image_utils.adapter.overlay:run:253 - Compositing layers...
2025-10-25 09:24:25.443 | SUCCESS  | image_utils.adapter.overlay:run:274 - Overlay completed: 12 items rendered
2025-10-25 09:24:25.516 | ERROR    | image_utils.adapter.overlay:_log_both:117 - Failed to save overlaid image: unknown file extension: 
2025-10-25 09:24:25.521 | INFO     | image_utils.adapter.overlay:_log_both:117 - Overlay metadata saved: M:\CALife\CAShop - 구매대행\_code\scripts\xloto\test\images\01_overlay_meta.json
2025-10-25 09:24:25.525 | SUCCESS  | oto.adapter.oto:run:538 - ✅ Overlay completed (Adapter handled save/meta)
2025-10-25 09:24:25.526 | INFO     | oto.adapter.oto:run:542 - 
================================================================================
2025-10-25 09:24:25.526 | SUCCESS  | oto.adapter.oto:run:543 - ✅ Oto Pipeline Completed: 01.jpg
2025-10-25 09:24:25.527 | INFO     | oto.adapter.oto:run:544 - ================================================================================

2025-10-25 09:24:25.528 | SUCCESS  | scripts.xloto.adapter.xloto:run:420 -       Saved to: M:\CALife\CAShop - 구매대행\_code\scripts\xloto\test\images\CAPEA-001\output\01.jpg
2025-10-25 09:24:25.529 | INFO     | scripts.xloto.adapter.xloto:run:407 -     [2/4] 02.jpg
2025-10-25 09:24:25.529 | DEBUG    | scripts.xloto.adapter.xloto:run:411 -       Override: directory=M:\CALife\CAShop - 구매대행\_code\scripts\xloto\test\images\CAPEA-001\output, filename=02.jpg
2025-10-25 09:24:25.530 | INFO     | oto.adapter.oto:run:375 - ================================================================================
2025-10-25 09:24:25.530 | INFO     | oto.adapter.oto:run:376 - 🖼️  Oto Pipeline: 02.jpg
2025-10-25 09:24:25.531 | INFO     | oto.adapter.oto:run:377 - ================================================================================

2025-10-25 09:24:25.531 | INFO     | oto.adapter.oto:run:382 - [0/5] ImageLoad: Loading image...
2025-10-25 09:24:25.532 | INFO     | image_utils.adapter.load:_log_both:88 - Loading from: M:\CALife\CAShop - 구매대행\_code\scripts\xloto\test\images\CAPEA-001\input\02.jpg
2025-10-25 09:24:25.557 | SUCCESS  | image_utils.adapter.load:_log_both:88 - Completed: (1500, 2322) -> (1500, 2322)
2025-10-25 09:24:25.560 | SUCCESS  | oto.adapter.oto:run:408 - ✅ Image loaded: (1500, 2322) RGB
2025-10-25 09:24:25.560 | INFO     | oto.adapter.oto:run:413 - 
[1/5] ImageTextRecognize: Running OCR...
2025-10-25 09:24:25.561 | INFO     | image_utils.adapter.text_recognize:run:226 - Running OCR on image: (1500, 2322) RGB
2025-10-25 09:24:36.427 | INFO     | image_utils.adapter.text_recognize:run:254 - OCR detected 13 items
2025-10-25 09:24:36.430 | DEBUG    | image_utils.adapter.text_recognize:_postprocess_items:464 - Stripped special chars: '200W/PD快充新高度' -> '200W PD快充新高度'
2025-10-25 09:24:36.430 | INFO     | image_utils.adapter.text_recognize:_postprocess_items:474 - Filtered alphanumeric-only items: 13 -> 12
2025-10-25 09:24:36.432 | SUCCESS  | image_utils.adapter.text_recognize:run:259 - OCR completed: 12 items after postprocessing
2025-10-25 09:24:36.433 | SUCCESS  | oto.adapter.oto:run:434 - ✅ OCR completed: 12 items
2025-10-25 09:24:36.434 | INFO     | oto.adapter.oto:run:444 - 
[2/5] Translate: Translating texts...
2025-10-25 09:24:36.435 | INFO     | oto.adapter.oto:run:454 -   Original texts: 12
2025-10-25 09:24:36.435 | INFO     | translate_utils.adapter.translate:run:251 - [Translate] Translating 12 texts
2025-10-25 09:24:36.436 | INFO     | translate_utils.services.pipeline:run:89 - [Pipeline] Translating 9 uncached segments (bulk)
2025-10-25 09:24:37.246 | SUCCESS  | translate_utils.adapter.translate:run:302 - [Translate] Completed: 9 translations
2025-10-25 09:24:37.247 | SUCCESS  | oto.adapter.oto:run:487 - ✅ Translation completed: 9 texts
2025-10-25 09:24:37.249 | INFO     | oto.adapter.oto:run:492 - 
[3/5] Conversion: OCRItem → OverlayItem...
2025-10-25 09:24:37.249 | SUCCESS  | oto.adapter.oto:run:508 - ✅ Converted: 12 overlay items
2025-10-25 09:24:37.252 | INFO     | oto.adapter.oto:run:513 - 
[4/5] ImageOverlay: Rendering overlay + saving...
2025-10-25 09:24:37.253 | INFO     | image_utils.adapter.overlay:run:206 - Overlaying 12 items on image (1500, 2322)...
2025-10-25 09:24:37.314 | DEBUG    | image_utils.adapter.overlay:run:253 - Compositing layers...
2025-10-25 09:24:37.353 | SUCCESS  | image_utils.adapter.overlay:run:274 - Overlay completed: 12 items rendered
2025-10-25 09:24:37.356 | ERROR    | image_utils.adapter.overlay:_log_both:117 - Failed to save overlaid image: unknown file extension: 
2025-10-25 09:24:37.360 | INFO     | image_utils.adapter.overlay:_log_both:117 - Overlay metadata saved: M:\CALife\CAShop - 구매대행\_code\scripts\xloto\test\images\02_overlay_meta.json
2025-10-25 09:24:37.366 | SUCCESS  | oto.adapter.oto:run:538 - ✅ Overlay completed (Adapter handled save/meta)
2025-10-25 09:24:37.367 | INFO     | oto.adapter.oto:run:542 - 
================================================================================
2025-10-25 09:24:37.368 | SUCCESS  | oto.adapter.oto:run:543 - ✅ Oto Pipeline Completed: 02.jpg
2025-10-25 09:24:37.368 | INFO     | oto.adapter.oto:run:544 - ================================================================================

2025-10-25 09:24:37.372 | SUCCESS  | scripts.xloto.adapter.xloto:run:420 -       Saved to: M:\CALife\CAShop - 구매대행\_code\scripts\xloto\test\images\CAPEA-001\output\02.jpg
2025-10-25 09:24:37.373 | INFO     | scripts.xloto.adapter.xloto:run:407 -     [3/4] 01.jpg
2025-10-25 09:24:37.374 | DEBUG    | scripts.xloto.adapter.xloto:run:411 -       Override: directory=M:\CALife\CAShop - 구매대행\_code\scripts\xloto\test\images\CAPEA-001\output, filename=01.jpg
2025-10-25 09:24:37.374 | INFO     | oto.adapter.oto:run:375 - ================================================================================
2025-10-25 09:24:37.375 | INFO     | oto.adapter.oto:run:376 - 🖼️  Oto Pipeline: 01.jpg
2025-10-25 09:24:37.376 | INFO     | oto.adapter.oto:run:377 - ================================================================================

2025-10-25 09:24:37.376 | INFO     | oto.adapter.oto:run:382 - [0/5] ImageLoad: Loading image...
2025-10-25 09:24:37.377 | INFO     | image_utils.adapter.load:_log_both:88 - Loading from: M:\CALife\CAShop - 구매대행\_code\scripts\xloto\test\images\CAPEA-001\input\01.jpg
2025-10-25 09:24:37.404 | SUCCESS  | image_utils.adapter.load:_log_both:88 - Completed: (1500, 2322) -> (1500, 2322)
2025-10-25 09:24:37.407 | SUCCESS  | oto.adapter.oto:run:408 - ✅ Image loaded: (1500, 2322) RGB
2025-10-25 09:24:37.409 | INFO     | oto.adapter.oto:run:413 - 
[1/5] ImageTextRecognize: Running OCR...
2025-10-25 09:24:37.409 | INFO     | image_utils.adapter.text_recognize:run:226 - Running OCR on image: (1500, 2322) RGB
2025-10-25 09:24:48.824 | INFO     | image_utils.adapter.text_recognize:run:254 - OCR detected 13 items
2025-10-25 09:24:48.825 | DEBUG    | image_utils.adapter.text_recognize:_postprocess_items:464 - Stripped special chars: '200W/PD快充新高度' -> '200W PD快充新高度'
2025-10-25 09:24:48.826 | INFO     | image_utils.adapter.text_recognize:_postprocess_items:474 - Filtered alphanumeric-only items: 13 -> 12
2025-10-25 09:24:48.827 | SUCCESS  | image_utils.adapter.text_recognize:run:259 - OCR completed: 12 items after postprocessing
2025-10-25 09:24:48.827 | SUCCESS  | oto.adapter.oto:run:434 - ✅ OCR completed: 12 items
2025-10-25 09:24:48.829 | INFO     | oto.adapter.oto:run:444 - 
[2/5] Translate: Translating texts...
2025-10-25 09:24:48.829 | INFO     | oto.adapter.oto:run:454 -   Original texts: 12
2025-10-25 09:24:48.830 | INFO     | translate_utils.adapter.translate:run:251 - [Translate] Translating 12 texts
2025-10-25 09:24:48.831 | INFO     | translate_utils.services.pipeline:run:89 - [Pipeline] Translating 9 uncached segments (bulk)
2025-10-25 09:24:49.183 | SUCCESS  | translate_utils.adapter.translate:run:302 - [Translate] Completed: 9 translations
2025-10-25 09:24:49.184 | SUCCESS  | oto.adapter.oto:run:487 - ✅ Translation completed: 9 texts
2025-10-25 09:24:49.186 | INFO     | oto.adapter.oto:run:492 - 
[3/5] Conversion: OCRItem → OverlayItem...
2025-10-25 09:24:49.187 | SUCCESS  | oto.adapter.oto:run:508 - ✅ Converted: 12 overlay items
2025-10-25 09:24:49.187 | INFO     | oto.adapter.oto:run:513 - 
[4/5] ImageOverlay: Rendering overlay + saving...
2025-10-25 09:24:49.189 | INFO     | image_utils.adapter.overlay:run:206 - Overlaying 12 items on image (1500, 2322)...
2025-10-25 09:24:49.245 | DEBUG    | image_utils.adapter.overlay:run:253 - Compositing layers...
2025-10-25 09:24:49.278 | SUCCESS  | image_utils.adapter.overlay:run:274 - Overlay completed: 12 items rendered
2025-10-25 09:24:49.281 | ERROR    | image_utils.adapter.overlay:_log_both:117 - Failed to save overlaid image: unknown file extension: 
2025-10-25 09:24:49.285 | INFO     | image_utils.adapter.overlay:_log_both:117 - Overlay metadata saved: M:\CALife\CAShop - 구매대행\_code\scripts\xloto\test\images\01_overlay_meta.json
2025-10-25 09:24:49.289 | SUCCESS  | oto.adapter.oto:run:538 - ✅ Overlay completed (Adapter handled save/meta)
2025-10-25 09:24:49.290 | INFO     | oto.adapter.oto:run:542 - 
================================================================================
2025-10-25 09:24:49.291 | SUCCESS  | oto.adapter.oto:run:543 - ✅ Oto Pipeline Completed: 01.jpg
2025-10-25 09:24:49.292 | INFO     | oto.adapter.oto:run:544 - ================================================================================

2025-10-25 09:24:49.294 | SUCCESS  | scripts.xloto.adapter.xloto:run:420 -       Saved to: M:\CALife\CAShop - 구매대행\_code\scripts\xloto\test\images\CAPEA-001\output\01.jpg
2025-10-25 09:24:49.295 | INFO     | scripts.xloto.adapter.xloto:run:407 -     [4/4] 02.jpg
2025-10-25 09:24:49.295 | DEBUG    | scripts.xloto.adapter.xloto:run:411 -       Override: directory=M:\CALife\CAShop - 구매대행\_code\scripts\xloto\test\images\CAPEA-001\output, filename=02.jpg
2025-10-25 09:24:49.296 | INFO     | oto.adapter.oto:run:375 - ================================================================================
2025-10-25 09:24:49.297 | INFO     | oto.adapter.oto:run:376 - 🖼️  Oto Pipeline: 02.jpg
2025-10-25 09:24:49.297 | INFO     | oto.adapter.oto:run:377 - ================================================================================

2025-10-25 09:24:49.299 | INFO     | oto.adapter.oto:run:382 - [0/5] ImageLoad: Loading image...
2025-10-25 09:24:49.300 | INFO     | image_utils.adapter.load:_log_both:88 - Loading from: M:\CALife\CAShop - 구매대행\_code\scripts\xloto\test\images\CAPEA-001\input\02.jpg
2025-10-25 09:24:49.324 | SUCCESS  | image_utils.adapter.load:_log_both:88 - Completed: (1500, 2322) -> (1500, 2322)
2025-10-25 09:24:49.327 | SUCCESS  | oto.adapter.oto:run:408 - ✅ Image loaded: (1500, 2322) RGB
2025-10-25 09:24:49.327 | INFO     | oto.adapter.oto:run:413 - 
[1/5] ImageTextRecognize: Running OCR...
2025-10-25 09:24:49.329 | INFO     | image_utils.adapter.text_recognize:run:226 - Running OCR on image: (1500, 2322) RGB
2025-10-25 09:24:59.565 | INFO     | image_utils.adapter.text_recognize:run:254 - OCR detected 13 items
2025-10-25 09:24:59.566 | DEBUG    | image_utils.adapter.text_recognize:_postprocess_items:464 - Stripped special chars: '200W/PD快充新高度' -> '200W PD快充新高度'
2025-10-25 09:24:59.567 | INFO     | image_utils.adapter.text_recognize:_postprocess_items:474 - Filtered alphanumeric-only items: 13 -> 12
2025-10-25 09:24:59.569 | SUCCESS  | image_utils.adapter.text_recognize:run:259 - OCR completed: 12 items after postprocessing
2025-10-25 09:24:59.571 | SUCCESS  | oto.adapter.oto:run:434 - ✅ OCR completed: 12 items
2025-10-25 09:24:59.571 | INFO     | oto.adapter.oto:run:444 - 
[2/5] Translate: Translating texts...
2025-10-25 09:24:59.572 | INFO     | oto.adapter.oto:run:454 -   Original texts: 12
2025-10-25 09:24:59.573 | INFO     | translate_utils.adapter.translate:run:251 - [Translate] Translating 12 texts
2025-10-25 09:24:59.574 | INFO     | translate_utils.services.pipeline:run:89 - [Pipeline] Translating 9 uncached segments (bulk)
2025-10-25 09:24:59.890 | SUCCESS  | translate_utils.adapter.translate:run:302 - [Translate] Completed: 9 translations
2025-10-25 09:24:59.891 | SUCCESS  | oto.adapter.oto:run:487 - ✅ Translation completed: 9 texts
2025-10-25 09:24:59.892 | INFO     | oto.adapter.oto:run:492 - 
[3/5] Conversion: OCRItem → OverlayItem...
2025-10-25 09:24:59.894 | SUCCESS  | oto.adapter.oto:run:508 - ✅ Converted: 12 overlay items
2025-10-25 09:24:59.895 | INFO     | oto.adapter.oto:run:513 - 
[4/5] ImageOverlay: Rendering overlay + saving...
2025-10-25 09:24:59.897 | INFO     | image_utils.adapter.overlay:run:206 - Overlaying 12 items on image (1500, 2322)...
2025-10-25 09:24:59.952 | DEBUG    | image_utils.adapter.overlay:run:253 - Compositing layers...
2025-10-25 09:24:59.987 | SUCCESS  | image_utils.adapter.overlay:run:274 - Overlay completed: 12 items rendered
2025-10-25 09:24:59.990 | ERROR    | image_utils.adapter.overlay:_log_both:117 - Failed to save overlaid image: unknown file extension: 
2025-10-25 09:24:59.995 | INFO     | image_utils.adapter.overlay:_log_both:117 - Overlay metadata saved: M:\CALife\CAShop - 구매대행\_code\scripts\xloto\test\images\02_overlay_meta.json
2025-10-25 09:25:00.000 | SUCCESS  | oto.adapter.oto:run:538 - ✅ Overlay completed (Adapter handled save/meta)
2025-10-25 09:25:00.002 | INFO     | oto.adapter.oto:run:542 - 
================================================================================
2025-10-25 09:25:00.003 | SUCCESS  | oto.adapter.oto:run:543 - ✅ Oto Pipeline Completed: 02.jpg
2025-10-25 09:25:00.003 | INFO     | oto.adapter.oto:run:544 - ================================================================================

2025-10-25 09:25:00.006 | SUCCESS  | scripts.xloto.adapter.xloto:run:420 -       Saved to: M:\CALife\CAShop - 구매대행\_code\scripts\xloto\test\images\CAPEA-001\output\02.jpg
2025-10-25 09:25:00.007 | SUCCESS  | scripts.xloto.adapter.xloto:run:428 -     Processed: 4/4
2025-10-25 09:25:00.007 | INFO     | scripts.xloto.adapter.xloto:run:447 - [4/4] Updating Excel...
2025-10-25 09:25:00.009 | DEBUG    | scripts.xloto.adapter.xloto:excel_updater:271 - ExcelUpdater created
2025-10-25 09:25:00.056 | SUCCESS  | scripts.xloto.adapter.xloto:run:455 -   Updated 0 cells
2025-10-25 09:25:00.467 | DEBUG    | xl_utils.adapter.excel_load:close:330 - Excel file closed
2025-10-25 09:25:00.469 | INFO     | scripts.xloto.adapter.xloto:run:459 - ================================================================================
2025-10-25 09:25:00.469 | SUCCESS  | scripts.xloto.adapter.xloto:run:460 - XLOTO Pipeline Completed
2025-10-25 09:25:00.470 | INFO     | scripts.xloto.adapter.xloto:run:461 -    Total: 1
2025-10-25 09:25:00.470 | INFO     | scripts.xloto.adapter.xloto:run:462 -    Processed: 1
2025-10-25 09:25:00.471 | INFO     | scripts.xloto.adapter.xloto:run:463 - ================================================================================
2025-10-25 09:25:00.509 | DEBUG    | translate_utils.adapter.translate:close:315 - Provider closed
2025-10-25 09:31:45.129 | DEBUG    | scripts.xloto.adapter.xloto:__init__:209 - XLOTO adapter initialized
2025-10-25 09:31:45.129 | INFO     | scripts.xloto.adapter.xloto:run:315 - ================================================================================
2025-10-25 09:31:45.130 | INFO     | scripts.xloto.adapter.xloto:run:316 - XLOTO Pipeline Starting
2025-10-25 09:31:45.131 | INFO     | scripts.xloto.adapter.xloto:run:317 - ================================================================================
2025-10-25 09:31:45.132 | INFO     | scripts.xloto.adapter.xloto:run:322 - [1/4] Loading Excel file...
2025-10-25 09:31:45.133 | DEBUG    | scripts.xloto.adapter.xloto:run:326 -   Excel path from policy: M:/CALife/CAShop - 구매대행/_code/scripts/xloto/test/01.All Product List.xlsx
2025-10-25 09:31:45.145 | INFO     | xl_utils.adapter.excel_load:__init__:118 - ExcelLoad initialized (app mode)
2025-10-25 09:31:45.146 | DEBUG    | xl_utils.adapter.excel_load:open:172 - Opening Excel App (app mode)
2025-10-25 09:31:46.344 | INFO     | xl_utils.adapter.excel_load:open:198 - Excel App opened (app mode)
2025-10-25 09:31:46.346 | DEBUG    | xl_utils.adapter.excel_load:open_workbook:230 - Opening workbook: 01.All Product List.xlsx
2025-10-25 09:31:46.785 | INFO     | xl_utils.adapter.excel_load:open_workbook:240 - Workbook opened: 01.All Product List.xlsx
2025-10-25 09:31:46.786 | DEBUG    | xl_utils.adapter.excel_load:get_worksheet:298 - Accessing worksheet: Purchase
2025-10-25 09:31:47.041 | INFO     | xl_utils.adapter.excel_load:get_worksheet:312 - Worksheet accessed: Purchase
2025-10-25 09:31:47.089 | SUCCESS  | scripts.xloto.adapter.xloto:run:347 -   Loaded DataFrame: 4 rows
2025-10-25 09:31:47.090 | INFO     | scripts.xloto.adapter.xloto:run:352 - [2/4] Extracting CAS No...
2025-10-25 09:31:47.091 | DEBUG    | scripts.xloto.adapter.xloto:cas_extractor:259 - CasExtractor created
2025-10-25 09:31:47.098 | SUCCESS  | scripts.xloto.adapter.xloto:run:360 -   Extracted 1 CAS No
2025-10-25 09:31:47.099 | DEBUG    | scripts.xloto.adapter.xloto:run:361 -   CAS List: [{'cas_no': 'CAPEA-001', 'translation_row': 3, 'translation_col': None}]
2025-10-25 09:31:47.099 | INFO     | scripts.xloto.adapter.xloto:run:372 - [3/4] Processing 1 CAS No...
2025-10-25 09:31:47.100 | INFO     | scripts.xloto.adapter.xloto:run:379 -   [1/1] Processing: CAPEA-001
2025-10-25 09:31:47.102 | DEBUG    | scripts.xloto.adapter.xloto:image_manager:248 - ImageFileManager created
2025-10-25 09:31:47.106 | INFO     | scripts.xloto.adapter.xloto:run:394 -     Found 4 images
2025-10-25 09:31:47.107 | INFO     | scripts.xloto.adapter.xloto:run:403 -     [1/4] 01.jpg
2025-10-25 09:31:47.108 | DEBUG    | scripts.xloto.adapter.xloto:run:407 -       Override: directory=M:\CALife\CAShop - 구매대행\_code\scripts\xloto\test\images\CAPEA-001\output, filename=01.jpg
2025-10-25 09:31:47.112 | DEBUG    | oto.adapter.oto:__init__:238 - Oto adapter initialized (parent logger only)
2025-10-25 09:31:47.113 | DEBUG    | scripts.xloto.adapter.xloto:OTO:236 - OTO adapter created
2025-10-25 09:31:47.113 | INFO     | oto.adapter.oto:run:375 - ================================================================================
2025-10-25 09:31:47.114 | INFO     | oto.adapter.oto:run:376 - 🖼️  Oto Pipeline: 01.jpg
2025-10-25 09:31:47.115 | INFO     | oto.adapter.oto:run:377 - ================================================================================

2025-10-25 09:31:47.115 | INFO     | oto.adapter.oto:run:382 - [0/5] ImageLoad: Loading image...
2025-10-25 09:31:47.120 | DEBUG    | image_utils.adapter.load:__init__:63 - ImageLoad initialized with dual logging
2025-10-25 09:31:47.122 | INFO     | image_utils.adapter.load:_log_both:88 - Loading from: M:\CALife\CAShop - 구매대행\_code\scripts\xloto\test\images\CAPEA-001\input\01.jpg
2025-10-25 09:31:47.166 | SUCCESS  | image_utils.adapter.load:_log_both:88 - Completed: (1500, 2322) -> (1500, 2322)
2025-10-25 09:31:47.169 | SUCCESS  | oto.adapter.oto:run:408 - ✅ Image loaded: (1500, 2322) RGB
2025-10-25 09:31:47.170 | INFO     | oto.adapter.oto:run:413 - 
[1/5] ImageTextRecognize: Running OCR...
2025-10-25 09:31:47.177 | DEBUG    | image_utils.adapter.text_recognize:__init__:96 - ImageTextRecognize initialized with dual logging
2025-10-25 09:31:47.178 | INFO     | image_utils.adapter.text_recognize:run:226 - Running OCR on image: (1500, 2322) RGB
2025-10-25 09:31:55.209 | INFO     | image_utils.adapter.text_recognize:_load_ocr_engine:150 - Initializing PaddleOCR: langs=['ch', 'en']
2025-10-25 09:31:55.209 | INFO     | image_utils.adapter.text_recognize:_load_ocr_engine:161 -   use_doc_orientation_classify: False
2025-10-25 09:31:55.210 | INFO     | image_utils.adapter.text_recognize:_load_ocr_engine:162 -   use_doc_unwarping: False
2025-10-25 09:32:08.993 | SUCCESS  | image_utils.adapter.text_recognize:_load_ocr_engine:165 - PaddleOCR initialized successfully
2025-10-25 09:32:23.251 | INFO     | image_utils.adapter.text_recognize:run:254 - OCR detected 13 items
2025-10-25 09:32:23.254 | DEBUG    | image_utils.adapter.text_recognize:_postprocess_items:464 - Stripped special chars: '200W/PD快充新高度' -> '200W PD快充新高度'
2025-10-25 09:32:23.257 | INFO     | image_utils.adapter.text_recognize:_postprocess_items:474 - Filtered alphanumeric-only items: 13 -> 12
2025-10-25 09:32:23.259 | SUCCESS  | image_utils.adapter.text_recognize:run:259 - OCR completed: 12 items after postprocessing
2025-10-25 09:32:23.260 | SUCCESS  | oto.adapter.oto:run:434 - ✅ OCR completed: 12 items
2025-10-25 09:32:23.260 | INFO     | oto.adapter.oto:run:444 - 
[2/5] Translate: Translating texts...
2025-10-25 09:32:23.261 | INFO     | oto.adapter.oto:run:454 -   Original texts: 12
2025-10-25 09:32:23.271 | DEBUG    | translate_utils.adapter.translate:__init__:106 - Translate initialized with dual logging
2025-10-25 09:32:23.272 | INFO     | translate_utils.adapter.translate:run:251 - [Translate] Translating 12 texts
2025-10-25 09:32:23.273 | DEBUG    | translate_utils.adapter.translate:pipeline:177 - Creating translation pipeline
2025-10-25 09:32:23.277 | DEBUG    | translate_utils.adapter.translate:provider:161 - Creating provider: deepl
2025-10-25 09:32:23.279 | SUCCESS  | translate_utils.adapter.translate:run:302 - [Translate] Completed: 9 translations
2025-10-25 09:32:23.280 | SUCCESS  | oto.adapter.oto:run:487 - ✅ Translation completed: 9 texts
2025-10-25 09:32:23.281 | INFO     | oto.adapter.oto:run:492 - 
[3/5] Conversion: OCRItem → OverlayItem...
2025-10-25 09:32:23.282 | SUCCESS  | oto.adapter.oto:run:508 - ✅ Converted: 12 overlay items
2025-10-25 09:32:23.283 | INFO     | oto.adapter.oto:run:513 - 
[4/5] ImageOverlay: Rendering overlay + saving...
2025-10-25 09:32:23.291 | DEBUG    | image_utils.adapter.overlay:__init__:88 - ImageOverlay initialized with dual logging
2025-10-25 09:32:23.294 | INFO     | image_utils.adapter.overlay:run:206 - Overlaying 12 items on image (1500, 2322)...
2025-10-25 09:32:23.360 | DEBUG    | image_utils.adapter.overlay:run:253 - Compositing layers...
2025-10-25 09:32:23.398 | SUCCESS  | image_utils.adapter.overlay:run:274 - Overlay completed: 12 items rendered
2025-10-25 09:32:23.464 | ERROR    | image_utils.adapter.overlay:_log_both:117 - Failed to save overlaid image: unknown file extension: 
2025-10-25 09:32:23.469 | INFO     | image_utils.adapter.overlay:_log_both:117 - Overlay metadata saved: M:\CALife\CAShop - 구매대행\_code\scripts\xloto\test\images\01_overlay_meta.json
2025-10-25 09:32:23.473 | SUCCESS  | oto.adapter.oto:run:538 - ✅ Overlay completed (Adapter handled save/meta)
2025-10-25 09:32:23.474 | INFO     | oto.adapter.oto:run:542 - 
================================================================================
2025-10-25 09:32:23.474 | SUCCESS  | oto.adapter.oto:run:543 - ✅ Oto Pipeline Completed: 01.jpg
2025-10-25 09:32:23.475 | INFO     | oto.adapter.oto:run:544 - ================================================================================

2025-10-25 09:32:23.476 | SUCCESS  | scripts.xloto.adapter.xloto:run:416 -       Saved to: M:\CALife\CAShop - 구매대행\_code\scripts\xloto\test\images\CAPEA-001\output\01.jpg
2025-10-25 09:32:23.477 | INFO     | scripts.xloto.adapter.xloto:run:403 -     [2/4] 02.jpg
2025-10-25 09:32:23.477 | DEBUG    | scripts.xloto.adapter.xloto:run:407 -       Override: directory=M:\CALife\CAShop - 구매대행\_code\scripts\xloto\test\images\CAPEA-001\output, filename=02.jpg
2025-10-25 09:32:23.478 | INFO     | oto.adapter.oto:run:375 - ================================================================================
2025-10-25 09:32:23.478 | INFO     | oto.adapter.oto:run:376 - 🖼️  Oto Pipeline: 02.jpg
2025-10-25 09:32:23.479 | INFO     | oto.adapter.oto:run:377 - ================================================================================

2025-10-25 09:32:23.480 | INFO     | oto.adapter.oto:run:382 - [0/5] ImageLoad: Loading image...
2025-10-25 09:32:23.481 | INFO     | image_utils.adapter.load:_log_both:88 - Loading from: M:\CALife\CAShop - 구매대행\_code\scripts\xloto\test\images\CAPEA-001\input\02.jpg
2025-10-25 09:32:23.502 | SUCCESS  | image_utils.adapter.load:_log_both:88 - Completed: (1500, 2322) -> (1500, 2322)
2025-10-25 09:32:23.505 | SUCCESS  | oto.adapter.oto:run:408 - ✅ Image loaded: (1500, 2322) RGB
2025-10-25 09:32:23.505 | INFO     | oto.adapter.oto:run:413 - 
[1/5] ImageTextRecognize: Running OCR...
2025-10-25 09:32:23.506 | INFO     | image_utils.adapter.text_recognize:run:226 - Running OCR on image: (1500, 2322) RGB
2025-10-25 09:32:34.846 | INFO     | image_utils.adapter.text_recognize:run:254 - OCR detected 13 items
2025-10-25 09:32:34.847 | DEBUG    | image_utils.adapter.text_recognize:_postprocess_items:464 - Stripped special chars: '200W/PD快充新高度' -> '200W PD快充新高度'
2025-10-25 09:32:34.847 | INFO     | image_utils.adapter.text_recognize:_postprocess_items:474 - Filtered alphanumeric-only items: 13 -> 12
2025-10-25 09:32:34.849 | SUCCESS  | image_utils.adapter.text_recognize:run:259 - OCR completed: 12 items after postprocessing
2025-10-25 09:32:34.849 | SUCCESS  | oto.adapter.oto:run:434 - ✅ OCR completed: 12 items
2025-10-25 09:32:34.850 | INFO     | oto.adapter.oto:run:444 - 
[2/5] Translate: Translating texts...
2025-10-25 09:32:34.851 | INFO     | oto.adapter.oto:run:454 -   Original texts: 12
2025-10-25 09:32:34.852 | INFO     | translate_utils.adapter.translate:run:251 - [Translate] Translating 12 texts
2025-10-25 09:32:34.852 | INFO     | translate_utils.services.pipeline:run:89 - [Pipeline] Translating 9 uncached segments (bulk)
2025-10-25 09:32:35.700 | SUCCESS  | translate_utils.adapter.translate:run:302 - [Translate] Completed: 9 translations
2025-10-25 09:32:35.701 | SUCCESS  | oto.adapter.oto:run:487 - ✅ Translation completed: 9 texts
2025-10-25 09:32:35.702 | INFO     | oto.adapter.oto:run:492 - 
[3/5] Conversion: OCRItem → OverlayItem...
2025-10-25 09:32:35.704 | SUCCESS  | oto.adapter.oto:run:508 - ✅ Converted: 12 overlay items
2025-10-25 09:32:35.706 | INFO     | oto.adapter.oto:run:513 - 
[4/5] ImageOverlay: Rendering overlay + saving...
2025-10-25 09:32:35.708 | INFO     | image_utils.adapter.overlay:run:206 - Overlaying 12 items on image (1500, 2322)...
2025-10-25 09:32:35.782 | DEBUG    | image_utils.adapter.overlay:run:253 - Compositing layers...
2025-10-25 09:32:35.821 | SUCCESS  | image_utils.adapter.overlay:run:274 - Overlay completed: 12 items rendered
2025-10-25 09:32:35.824 | ERROR    | image_utils.adapter.overlay:_log_both:117 - Failed to save overlaid image: unknown file extension: 
2025-10-25 09:32:35.829 | INFO     | image_utils.adapter.overlay:_log_both:117 - Overlay metadata saved: M:\CALife\CAShop - 구매대행\_code\scripts\xloto\test\images\02_overlay_meta.json
2025-10-25 09:32:35.834 | SUCCESS  | oto.adapter.oto:run:538 - ✅ Overlay completed (Adapter handled save/meta)
2025-10-25 09:32:35.835 | INFO     | oto.adapter.oto:run:542 - 
================================================================================
2025-10-25 09:32:35.835 | SUCCESS  | oto.adapter.oto:run:543 - ✅ Oto Pipeline Completed: 02.jpg
2025-10-25 09:32:35.835 | INFO     | oto.adapter.oto:run:544 - ================================================================================

2025-10-25 09:32:35.839 | SUCCESS  | scripts.xloto.adapter.xloto:run:416 -       Saved to: M:\CALife\CAShop - 구매대행\_code\scripts\xloto\test\images\CAPEA-001\output\02.jpg
2025-10-25 09:32:35.840 | INFO     | scripts.xloto.adapter.xloto:run:403 -     [3/4] 01.jpg
2025-10-25 09:32:35.840 | DEBUG    | scripts.xloto.adapter.xloto:run:407 -       Override: directory=M:\CALife\CAShop - 구매대행\_code\scripts\xloto\test\images\CAPEA-001\output, filename=01.jpg
2025-10-25 09:32:35.841 | INFO     | oto.adapter.oto:run:375 - ================================================================================
2025-10-25 09:32:35.841 | INFO     | oto.adapter.oto:run:376 - 🖼️  Oto Pipeline: 01.jpg
2025-10-25 09:32:35.841 | INFO     | oto.adapter.oto:run:377 - ================================================================================

2025-10-25 09:32:35.842 | INFO     | oto.adapter.oto:run:382 - [0/5] ImageLoad: Loading image...
2025-10-25 09:32:35.843 | INFO     | image_utils.adapter.load:_log_both:88 - Loading from: M:\CALife\CAShop - 구매대행\_code\scripts\xloto\test\images\CAPEA-001\input\01.jpg
2025-10-25 09:32:35.869 | SUCCESS  | image_utils.adapter.load:_log_both:88 - Completed: (1500, 2322) -> (1500, 2322)
2025-10-25 09:32:35.872 | SUCCESS  | oto.adapter.oto:run:408 - ✅ Image loaded: (1500, 2322) RGB
2025-10-25 09:32:35.874 | INFO     | oto.adapter.oto:run:413 - 
[1/5] ImageTextRecognize: Running OCR...
2025-10-25 09:32:35.874 | INFO     | image_utils.adapter.text_recognize:run:226 - Running OCR on image: (1500, 2322) RGB
2025-10-25 09:32:48.080 | INFO     | image_utils.adapter.text_recognize:run:254 - OCR detected 13 items
2025-10-25 09:32:48.081 | DEBUG    | image_utils.adapter.text_recognize:_postprocess_items:464 - Stripped special chars: '200W/PD快充新高度' -> '200W PD快充新高度'
2025-10-25 09:32:48.082 | INFO     | image_utils.adapter.text_recognize:_postprocess_items:474 - Filtered alphanumeric-only items: 13 -> 12
2025-10-25 09:32:48.083 | SUCCESS  | image_utils.adapter.text_recognize:run:259 - OCR completed: 12 items after postprocessing
2025-10-25 09:32:48.083 | SUCCESS  | oto.adapter.oto:run:434 - ✅ OCR completed: 12 items
2025-10-25 09:32:48.084 | INFO     | oto.adapter.oto:run:444 - 
[2/5] Translate: Translating texts...
2025-10-25 09:32:48.085 | INFO     | oto.adapter.oto:run:454 -   Original texts: 12
2025-10-25 09:32:48.086 | INFO     | translate_utils.adapter.translate:run:251 - [Translate] Translating 12 texts
2025-10-25 09:32:48.087 | INFO     | translate_utils.services.pipeline:run:89 - [Pipeline] Translating 9 uncached segments (bulk)
2025-10-25 09:32:48.412 | SUCCESS  | translate_utils.adapter.translate:run:302 - [Translate] Completed: 9 translations
2025-10-25 09:32:48.414 | SUCCESS  | oto.adapter.oto:run:487 - ✅ Translation completed: 9 texts
2025-10-25 09:32:48.415 | INFO     | oto.adapter.oto:run:492 - 
[3/5] Conversion: OCRItem → OverlayItem...
2025-10-25 09:32:48.416 | SUCCESS  | oto.adapter.oto:run:508 - ✅ Converted: 12 overlay items
2025-10-25 09:32:48.417 | INFO     | oto.adapter.oto:run:513 - 
[4/5] ImageOverlay: Rendering overlay + saving...
2025-10-25 09:32:48.419 | INFO     | image_utils.adapter.overlay:run:206 - Overlaying 12 items on image (1500, 2322)...
2025-10-25 09:32:48.472 | DEBUG    | image_utils.adapter.overlay:run:253 - Compositing layers...
2025-10-25 09:32:48.507 | SUCCESS  | image_utils.adapter.overlay:run:274 - Overlay completed: 12 items rendered
2025-10-25 09:32:48.511 | ERROR    | image_utils.adapter.overlay:_log_both:117 - Failed to save overlaid image: unknown file extension: 
2025-10-25 09:32:48.515 | INFO     | image_utils.adapter.overlay:_log_both:117 - Overlay metadata saved: M:\CALife\CAShop - 구매대행\_code\scripts\xloto\test\images\01_overlay_meta.json
2025-10-25 09:32:48.519 | SUCCESS  | oto.adapter.oto:run:538 - ✅ Overlay completed (Adapter handled save/meta)
2025-10-25 09:32:48.520 | INFO     | oto.adapter.oto:run:542 - 
================================================================================
2025-10-25 09:32:48.521 | SUCCESS  | oto.adapter.oto:run:543 - ✅ Oto Pipeline Completed: 01.jpg
2025-10-25 09:32:48.521 | INFO     | oto.adapter.oto:run:544 - ================================================================================

2025-10-25 09:32:48.524 | SUCCESS  | scripts.xloto.adapter.xloto:run:416 -       Saved to: M:\CALife\CAShop - 구매대행\_code\scripts\xloto\test\images\CAPEA-001\output\01.jpg
2025-10-25 09:32:48.525 | INFO     | scripts.xloto.adapter.xloto:run:403 -     [4/4] 02.jpg
2025-10-25 09:32:48.526 | DEBUG    | scripts.xloto.adapter.xloto:run:407 -       Override: directory=M:\CALife\CAShop - 구매대행\_code\scripts\xloto\test\images\CAPEA-001\output, filename=02.jpg
2025-10-25 09:32:48.526 | INFO     | oto.adapter.oto:run:375 - ================================================================================
2025-10-25 09:32:48.526 | INFO     | oto.adapter.oto:run:376 - 🖼️  Oto Pipeline: 02.jpg
2025-10-25 09:32:48.527 | INFO     | oto.adapter.oto:run:377 - ================================================================================

2025-10-25 09:32:48.528 | INFO     | oto.adapter.oto:run:382 - [0/5] ImageLoad: Loading image...
2025-10-25 09:32:48.529 | INFO     | image_utils.adapter.load:_log_both:88 - Loading from: M:\CALife\CAShop - 구매대행\_code\scripts\xloto\test\images\CAPEA-001\input\02.jpg
2025-10-25 09:32:48.557 | SUCCESS  | image_utils.adapter.load:_log_both:88 - Completed: (1500, 2322) -> (1500, 2322)
2025-10-25 09:32:48.559 | SUCCESS  | oto.adapter.oto:run:408 - ✅ Image loaded: (1500, 2322) RGB
2025-10-25 09:32:48.560 | INFO     | oto.adapter.oto:run:413 - 
[1/5] ImageTextRecognize: Running OCR...
2025-10-25 09:32:48.561 | INFO     | image_utils.adapter.text_recognize:run:226 - Running OCR on image: (1500, 2322) RGB
2025-10-25 09:32:58.927 | INFO     | image_utils.adapter.text_recognize:run:254 - OCR detected 13 items
2025-10-25 09:32:58.929 | DEBUG    | image_utils.adapter.text_recognize:_postprocess_items:464 - Stripped special chars: '200W/PD快充新高度' -> '200W PD快充新高度'
2025-10-25 09:32:58.929 | INFO     | image_utils.adapter.text_recognize:_postprocess_items:474 - Filtered alphanumeric-only items: 13 -> 12
2025-10-25 09:32:58.930 | SUCCESS  | image_utils.adapter.text_recognize:run:259 - OCR completed: 12 items after postprocessing
2025-10-25 09:32:58.931 | SUCCESS  | oto.adapter.oto:run:434 - ✅ OCR completed: 12 items
2025-10-25 09:32:58.931 | INFO     | oto.adapter.oto:run:444 - 
[2/5] Translate: Translating texts...
2025-10-25 09:32:58.932 | INFO     | oto.adapter.oto:run:454 -   Original texts: 12
2025-10-25 09:32:58.932 | INFO     | translate_utils.adapter.translate:run:251 - [Translate] Translating 12 texts
2025-10-25 09:32:58.933 | INFO     | translate_utils.services.pipeline:run:89 - [Pipeline] Translating 9 uncached segments (bulk)
2025-10-25 09:32:59.253 | SUCCESS  | translate_utils.adapter.translate:run:302 - [Translate] Completed: 9 translations
2025-10-25 09:32:59.254 | SUCCESS  | oto.adapter.oto:run:487 - ✅ Translation completed: 9 texts
2025-10-25 09:32:59.255 | INFO     | oto.adapter.oto:run:492 - 
[3/5] Conversion: OCRItem → OverlayItem...
2025-10-25 09:32:59.256 | SUCCESS  | oto.adapter.oto:run:508 - ✅ Converted: 12 overlay items
2025-10-25 09:32:59.257 | INFO     | oto.adapter.oto:run:513 - 
[4/5] ImageOverlay: Rendering overlay + saving...
2025-10-25 09:32:59.259 | INFO     | image_utils.adapter.overlay:run:206 - Overlaying 12 items on image (1500, 2322)...
2025-10-25 09:32:59.319 | DEBUG    | image_utils.adapter.overlay:run:253 - Compositing layers...
2025-10-25 09:32:59.355 | SUCCESS  | image_utils.adapter.overlay:run:274 - Overlay completed: 12 items rendered
2025-10-25 09:32:59.358 | ERROR    | image_utils.adapter.overlay:_log_both:117 - Failed to save overlaid image: unknown file extension: 
2025-10-25 09:32:59.364 | INFO     | image_utils.adapter.overlay:_log_both:117 - Overlay metadata saved: M:\CALife\CAShop - 구매대행\_code\scripts\xloto\test\images\02_overlay_meta.json
2025-10-25 09:32:59.367 | SUCCESS  | oto.adapter.oto:run:538 - ✅ Overlay completed (Adapter handled save/meta)
2025-10-25 09:32:59.369 | INFO     | oto.adapter.oto:run:542 - 
================================================================================
2025-10-25 09:32:59.370 | SUCCESS  | oto.adapter.oto:run:543 - ✅ Oto Pipeline Completed: 02.jpg
2025-10-25 09:32:59.370 | INFO     | oto.adapter.oto:run:544 - ================================================================================

2025-10-25 09:32:59.373 | SUCCESS  | scripts.xloto.adapter.xloto:run:416 -       Saved to: M:\CALife\CAShop - 구매대행\_code\scripts\xloto\test\images\CAPEA-001\output\02.jpg
2025-10-25 09:32:59.373 | SUCCESS  | scripts.xloto.adapter.xloto:run:424 -     Processed: 4/4
2025-10-25 09:32:59.374 | INFO     | scripts.xloto.adapter.xloto:run:443 - [4/4] Updating Excel...
2025-10-25 09:32:59.375 | DEBUG    | scripts.xloto.adapter.xloto:excel_updater:267 - ExcelUpdater created
2025-10-25 09:32:59.424 | SUCCESS  | scripts.xloto.adapter.xloto:run:451 -   Updated 0 cells
2025-10-25 09:32:59.831 | DEBUG    | xl_utils.adapter.excel_load:close:330 - Excel file closed
2025-10-25 09:32:59.832 | INFO     | scripts.xloto.adapter.xloto:run:455 - ================================================================================
2025-10-25 09:32:59.833 | SUCCESS  | scripts.xloto.adapter.xloto:run:456 - XLOTO Pipeline Completed
2025-10-25 09:32:59.834 | INFO     | scripts.xloto.adapter.xloto:run:457 -    Total: 1
2025-10-25 09:32:59.835 | INFO     | scripts.xloto.adapter.xloto:run:458 -    Processed: 1
2025-10-25 09:32:59.836 | INFO     | scripts.xloto.adapter.xloto:run:459 - ================================================================================
2025-10-25 09:32:59.876 | DEBUG    | translate_utils.adapter.translate:close:315 - Provider closed
2025-10-25 09:33:52.624 | DEBUG    | scripts.xloto.adapter.xloto:__init__:209 - XLOTO adapter initialized
2025-10-25 09:33:52.624 | INFO     | scripts.xloto.adapter.xloto:run:314 - ================================================================================
2025-10-25 09:33:52.625 | INFO     | scripts.xloto.adapter.xloto:run:315 - XLOTO Pipeline Starting
2025-10-25 09:33:52.626 | INFO     | scripts.xloto.adapter.xloto:run:316 - ================================================================================
2025-10-25 09:33:52.627 | INFO     | scripts.xloto.adapter.xloto:run:321 - [1/4] Loading Excel file...
2025-10-25 09:33:52.627 | DEBUG    | scripts.xloto.adapter.xloto:run:325 -   Excel path from policy: M:/CALife/CAShop - 구매대행/_code/scripts/xloto/test/01.All Product List.xlsx
2025-10-25 09:33:52.641 | INFO     | xl_utils.adapter.excel_load:__init__:118 - ExcelLoad initialized (app mode)
2025-10-25 09:33:52.642 | DEBUG    | xl_utils.adapter.excel_load:open:172 - Opening Excel App (app mode)
2025-10-25 09:33:54.049 | INFO     | xl_utils.adapter.excel_load:open:198 - Excel App opened (app mode)
2025-10-25 09:33:54.050 | DEBUG    | xl_utils.adapter.excel_load:open_workbook:230 - Opening workbook: 01.All Product List.xlsx
2025-10-25 09:33:54.537 | INFO     | xl_utils.adapter.excel_load:open_workbook:240 - Workbook opened: 01.All Product List.xlsx
2025-10-25 09:33:54.539 | DEBUG    | xl_utils.adapter.excel_load:get_worksheet:298 - Accessing worksheet: Purchase
2025-10-25 09:33:54.773 | INFO     | xl_utils.adapter.excel_load:get_worksheet:312 - Worksheet accessed: Purchase
2025-10-25 09:33:54.808 | SUCCESS  | scripts.xloto.adapter.xloto:run:346 -   Loaded DataFrame: 4 rows
2025-10-25 09:33:54.808 | INFO     | scripts.xloto.adapter.xloto:run:351 - [2/4] Extracting CAS No...
2025-10-25 09:33:54.809 | DEBUG    | scripts.xloto.adapter.xloto:cas_extractor:258 - CasExtractor created
2025-10-25 09:33:54.816 | SUCCESS  | scripts.xloto.adapter.xloto:run:359 -   Extracted 1 CAS No
2025-10-25 09:33:54.817 | DEBUG    | scripts.xloto.adapter.xloto:run:360 -   CAS List: [{'cas_no': 'CAPEA-001', 'translation_row': 3, 'translation_col': None}]
2025-10-25 09:33:54.818 | INFO     | scripts.xloto.adapter.xloto:run:371 - [3/4] Processing 1 CAS No...
2025-10-25 09:33:54.819 | INFO     | scripts.xloto.adapter.xloto:run:378 -   [1/1] Processing: CAPEA-001
2025-10-25 09:33:54.821 | DEBUG    | scripts.xloto.adapter.xloto:image_manager:247 - ImageFileManager created
2025-10-25 09:33:54.824 | INFO     | scripts.xloto.adapter.xloto:run:393 -     Found 4 images
2025-10-25 09:33:54.825 | INFO     | scripts.xloto.adapter.xloto:run:402 -     [1/4] 01.jpg
2025-10-25 09:33:54.826 | DEBUG    | scripts.xloto.adapter.xloto:run:406 -       Override: directory=M:\CALife\CAShop - 구매대행\_code\scripts\xloto\test\images\CAPEA-001\output, filename=01.jpg
2025-10-25 09:33:54.827 | DEBUG    | oto.adapter.oto:__init__:238 - Oto adapter initialized (parent logger only)
2025-10-25 09:33:54.828 | DEBUG    | scripts.xloto.adapter.xloto:OTO:235 - OTO adapter created
2025-10-25 09:33:54.829 | INFO     | oto.adapter.oto:run:376 - ================================================================================
2025-10-25 09:33:54.829 | INFO     | oto.adapter.oto:run:377 - 🖼️  Oto Pipeline: 01.jpg
2025-10-25 09:33:54.830 | INFO     | oto.adapter.oto:run:378 - ================================================================================

2025-10-25 09:33:54.831 | INFO     | oto.adapter.oto:run:383 - [0/5] ImageLoad: Loading image...
2025-10-25 09:33:54.835 | DEBUG    | image_utils.adapter.load:__init__:63 - ImageLoad initialized with dual logging
2025-10-25 09:33:54.837 | INFO     | image_utils.adapter.load:_log_both:88 - Loading from: M:\CALife\CAShop - 구매대행\_code\scripts\xloto\test\images\CAPEA-001\input\01.jpg
2025-10-25 09:33:54.887 | SUCCESS  | image_utils.adapter.load:_log_both:88 - Completed: (1500, 2322) -> (1500, 2322)
2025-10-25 09:33:54.891 | SUCCESS  | oto.adapter.oto:run:409 - ✅ Image loaded: (1500, 2322) RGB
2025-10-25 09:33:54.892 | INFO     | oto.adapter.oto:run:414 - 
[1/5] ImageTextRecognize: Running OCR...
2025-10-25 09:33:54.901 | DEBUG    | image_utils.adapter.text_recognize:__init__:96 - ImageTextRecognize initialized with dual logging
2025-10-25 09:33:54.904 | INFO     | image_utils.adapter.text_recognize:run:226 - Running OCR on image: (1500, 2322) RGB
2025-10-25 09:34:03.489 | INFO     | image_utils.adapter.text_recognize:_load_ocr_engine:150 - Initializing PaddleOCR: langs=['ch', 'en']
2025-10-25 09:34:03.489 | INFO     | image_utils.adapter.text_recognize:_load_ocr_engine:161 -   use_doc_orientation_classify: False
2025-10-25 09:34:03.490 | INFO     | image_utils.adapter.text_recognize:_load_ocr_engine:162 -   use_doc_unwarping: False
2025-10-25 09:34:17.410 | SUCCESS  | image_utils.adapter.text_recognize:_load_ocr_engine:165 - PaddleOCR initialized successfully
2025-10-25 09:34:27.447 | INFO     | image_utils.adapter.text_recognize:run:254 - OCR detected 13 items
2025-10-25 09:34:27.449 | DEBUG    | image_utils.adapter.text_recognize:_postprocess_items:464 - Stripped special chars: '200W/PD快充新高度' -> '200W PD快充新高度'
2025-10-25 09:34:27.452 | INFO     | image_utils.adapter.text_recognize:_postprocess_items:474 - Filtered alphanumeric-only items: 13 -> 12
2025-10-25 09:34:27.453 | SUCCESS  | image_utils.adapter.text_recognize:run:259 - OCR completed: 12 items after postprocessing
2025-10-25 09:34:27.454 | SUCCESS  | oto.adapter.oto:run:435 - ✅ OCR completed: 12 items
2025-10-25 09:34:27.455 | INFO     | oto.adapter.oto:run:445 - 
[2/5] Translate: Translating texts...
2025-10-25 09:34:27.456 | INFO     | oto.adapter.oto:run:455 -   Original texts: 12
2025-10-25 09:34:27.465 | DEBUG    | translate_utils.adapter.translate:__init__:106 - Translate initialized with dual logging
2025-10-25 09:34:27.466 | INFO     | translate_utils.adapter.translate:run:251 - [Translate] Translating 12 texts
2025-10-25 09:34:27.467 | DEBUG    | translate_utils.adapter.translate:pipeline:177 - Creating translation pipeline
2025-10-25 09:34:27.470 | DEBUG    | translate_utils.adapter.translate:provider:161 - Creating provider: deepl
2025-10-25 09:34:27.473 | SUCCESS  | translate_utils.adapter.translate:run:302 - [Translate] Completed: 9 translations
2025-10-25 09:34:27.474 | SUCCESS  | oto.adapter.oto:run:488 - ✅ Translation completed: 9 texts
2025-10-25 09:34:27.475 | INFO     | oto.adapter.oto:run:493 - 
[3/5] Conversion: OCRItem → OverlayItem...
2025-10-25 09:34:27.476 | SUCCESS  | oto.adapter.oto:run:509 - ✅ Converted: 12 overlay items
2025-10-25 09:34:27.477 | INFO     | oto.adapter.oto:run:514 - 
[4/5] ImageOverlay: Rendering overlay + saving...
2025-10-25 09:34:27.485 | DEBUG    | image_utils.adapter.overlay:__init__:88 - ImageOverlay initialized with dual logging
2025-10-25 09:34:27.487 | INFO     | image_utils.adapter.overlay:run:206 - Overlaying 12 items on image (1500, 2322)...
2025-10-25 09:34:27.545 | DEBUG    | image_utils.adapter.overlay:run:253 - Compositing layers...
2025-10-25 09:34:27.574 | SUCCESS  | image_utils.adapter.overlay:run:274 - Overlay completed: 12 items rendered
2025-10-25 09:34:27.650 | ERROR    | image_utils.adapter.overlay:_log_both:117 - Failed to save overlaid image: unknown file extension: 
2025-10-25 09:34:27.653 | INFO     | image_utils.adapter.overlay:_log_both:117 - Overlay metadata saved: M:\CALife\CAShop - 구매대행\_code\scripts\xloto\test\images\01_overlay_meta.json
2025-10-25 09:34:27.656 | SUCCESS  | oto.adapter.oto:run:539 - ✅ Overlay completed (Adapter handled save/meta)
2025-10-25 09:34:27.657 | INFO     | oto.adapter.oto:run:543 - 
================================================================================
2025-10-25 09:34:27.657 | SUCCESS  | oto.adapter.oto:run:544 - ✅ Oto Pipeline Completed: 01.jpg
2025-10-25 09:34:27.657 | INFO     | oto.adapter.oto:run:545 - ================================================================================

2025-10-25 09:34:27.660 | SUCCESS  | scripts.xloto.adapter.xloto:run:415 -       Saved to: M:\CALife\CAShop - 구매대행\_code\scripts\xloto\test\images\CAPEA-001\output\01.jpg
2025-10-25 09:34:27.660 | INFO     | scripts.xloto.adapter.xloto:run:402 -     [2/4] 02.jpg
2025-10-25 09:34:27.661 | DEBUG    | scripts.xloto.adapter.xloto:run:406 -       Override: directory=M:\CALife\CAShop - 구매대행\_code\scripts\xloto\test\images\CAPEA-001\output, filename=02.jpg
2025-10-25 09:34:27.661 | INFO     | oto.adapter.oto:run:376 - ================================================================================
2025-10-25 09:34:27.662 | INFO     | oto.adapter.oto:run:377 - 🖼️  Oto Pipeline: 02.jpg
2025-10-25 09:34:27.662 | INFO     | oto.adapter.oto:run:378 - ================================================================================

2025-10-25 09:34:27.663 | INFO     | oto.adapter.oto:run:383 - [0/5] ImageLoad: Loading image...
2025-10-25 09:34:27.664 | INFO     | image_utils.adapter.load:_log_both:88 - Loading from: M:\CALife\CAShop - 구매대행\_code\scripts\xloto\test\images\CAPEA-001\input\02.jpg
2025-10-25 09:34:27.689 | SUCCESS  | image_utils.adapter.load:_log_both:88 - Completed: (1500, 2322) -> (1500, 2322)
2025-10-25 09:34:27.691 | SUCCESS  | oto.adapter.oto:run:409 - ✅ Image loaded: (1500, 2322) RGB
2025-10-25 09:34:27.692 | INFO     | oto.adapter.oto:run:414 - 
[1/5] ImageTextRecognize: Running OCR...
2025-10-25 09:34:27.693 | INFO     | image_utils.adapter.text_recognize:run:226 - Running OCR on image: (1500, 2322) RGB
2025-10-25 09:34:37.355 | INFO     | image_utils.adapter.text_recognize:run:254 - OCR detected 13 items
2025-10-25 09:34:37.357 | DEBUG    | image_utils.adapter.text_recognize:_postprocess_items:464 - Stripped special chars: '200W/PD快充新高度' -> '200W PD快充新高度'
2025-10-25 09:34:37.357 | INFO     | image_utils.adapter.text_recognize:_postprocess_items:474 - Filtered alphanumeric-only items: 13 -> 12
2025-10-25 09:34:37.358 | SUCCESS  | image_utils.adapter.text_recognize:run:259 - OCR completed: 12 items after postprocessing
2025-10-25 09:34:37.358 | SUCCESS  | oto.adapter.oto:run:435 - ✅ OCR completed: 12 items
2025-10-25 09:34:37.359 | INFO     | oto.adapter.oto:run:445 - 
[2/5] Translate: Translating texts...
2025-10-25 09:34:37.360 | INFO     | oto.adapter.oto:run:455 -   Original texts: 12
2025-10-25 09:34:37.361 | INFO     | translate_utils.adapter.translate:run:251 - [Translate] Translating 12 texts
2025-10-25 09:34:37.361 | INFO     | translate_utils.services.pipeline:run:89 - [Pipeline] Translating 9 uncached segments (bulk)
2025-10-25 09:34:38.158 | SUCCESS  | translate_utils.adapter.translate:run:302 - [Translate] Completed: 9 translations
2025-10-25 09:34:38.159 | SUCCESS  | oto.adapter.oto:run:488 - ✅ Translation completed: 9 texts
2025-10-25 09:34:38.160 | INFO     | oto.adapter.oto:run:493 - 
[3/5] Conversion: OCRItem → OverlayItem...
2025-10-25 09:34:38.161 | SUCCESS  | oto.adapter.oto:run:509 - ✅ Converted: 12 overlay items
2025-10-25 09:34:38.162 | INFO     | oto.adapter.oto:run:514 - 
[4/5] ImageOverlay: Rendering overlay + saving...
2025-10-25 09:34:38.164 | INFO     | image_utils.adapter.overlay:run:206 - Overlaying 12 items on image (1500, 2322)...
2025-10-25 09:34:38.215 | DEBUG    | image_utils.adapter.overlay:run:253 - Compositing layers...
2025-10-25 09:34:38.247 | SUCCESS  | image_utils.adapter.overlay:run:274 - Overlay completed: 12 items rendered
2025-10-25 09:34:38.250 | ERROR    | image_utils.adapter.overlay:_log_both:117 - Failed to save overlaid image: unknown file extension: 
2025-10-25 09:34:38.255 | INFO     | image_utils.adapter.overlay:_log_both:117 - Overlay metadata saved: M:\CALife\CAShop - 구매대행\_code\scripts\xloto\test\images\02_overlay_meta.json
2025-10-25 09:34:38.260 | SUCCESS  | oto.adapter.oto:run:539 - ✅ Overlay completed (Adapter handled save/meta)
2025-10-25 09:34:38.260 | INFO     | oto.adapter.oto:run:543 - 
================================================================================
2025-10-25 09:34:38.260 | SUCCESS  | oto.adapter.oto:run:544 - ✅ Oto Pipeline Completed: 02.jpg
2025-10-25 09:34:38.261 | INFO     | oto.adapter.oto:run:545 - ================================================================================

2025-10-25 09:34:38.264 | SUCCESS  | scripts.xloto.adapter.xloto:run:415 -       Saved to: M:\CALife\CAShop - 구매대행\_code\scripts\xloto\test\images\CAPEA-001\output\02.jpg
2025-10-25 09:34:38.264 | INFO     | scripts.xloto.adapter.xloto:run:402 -     [3/4] 01.jpg
2025-10-25 09:34:38.265 | DEBUG    | scripts.xloto.adapter.xloto:run:406 -       Override: directory=M:\CALife\CAShop - 구매대행\_code\scripts\xloto\test\images\CAPEA-001\output, filename=01.jpg
2025-10-25 09:34:38.266 | INFO     | oto.adapter.oto:run:376 - ================================================================================
2025-10-25 09:34:38.266 | INFO     | oto.adapter.oto:run:377 - 🖼️  Oto Pipeline: 01.jpg
2025-10-25 09:34:38.267 | INFO     | oto.adapter.oto:run:378 - ================================================================================

2025-10-25 09:34:38.268 | INFO     | oto.adapter.oto:run:383 - [0/5] ImageLoad: Loading image...
2025-10-25 09:34:38.270 | INFO     | image_utils.adapter.load:_log_both:88 - Loading from: M:\CALife\CAShop - 구매대행\_code\scripts\xloto\test\images\CAPEA-001\input\01.jpg
2025-10-25 09:34:38.296 | SUCCESS  | image_utils.adapter.load:_log_both:88 - Completed: (1500, 2322) -> (1500, 2322)
2025-10-25 09:34:38.299 | SUCCESS  | oto.adapter.oto:run:409 - ✅ Image loaded: (1500, 2322) RGB
2025-10-25 09:34:38.300 | INFO     | oto.adapter.oto:run:414 - 
[1/5] ImageTextRecognize: Running OCR...
2025-10-25 09:34:38.301 | INFO     | image_utils.adapter.text_recognize:run:226 - Running OCR on image: (1500, 2322) RGB
2025-10-25 09:34:47.950 | INFO     | image_utils.adapter.text_recognize:run:254 - OCR detected 13 items
2025-10-25 09:34:47.951 | DEBUG    | image_utils.adapter.text_recognize:_postprocess_items:464 - Stripped special chars: '200W/PD快充新高度' -> '200W PD快充新高度'
2025-10-25 09:34:47.952 | INFO     | image_utils.adapter.text_recognize:_postprocess_items:474 - Filtered alphanumeric-only items: 13 -> 12
2025-10-25 09:34:47.954 | SUCCESS  | image_utils.adapter.text_recognize:run:259 - OCR completed: 12 items after postprocessing
2025-10-25 09:34:47.955 | SUCCESS  | oto.adapter.oto:run:435 - ✅ OCR completed: 12 items
2025-10-25 09:34:47.956 | INFO     | oto.adapter.oto:run:445 - 
[2/5] Translate: Translating texts...
2025-10-25 09:34:47.956 | INFO     | oto.adapter.oto:run:455 -   Original texts: 12
2025-10-25 09:34:47.957 | INFO     | translate_utils.adapter.translate:run:251 - [Translate] Translating 12 texts
2025-10-25 09:34:47.957 | INFO     | translate_utils.services.pipeline:run:89 - [Pipeline] Translating 9 uncached segments (bulk)
2025-10-25 09:34:48.258 | SUCCESS  | translate_utils.adapter.translate:run:302 - [Translate] Completed: 9 translations
2025-10-25 09:34:48.260 | SUCCESS  | oto.adapter.oto:run:488 - ✅ Translation completed: 9 texts
2025-10-25 09:34:48.261 | INFO     | oto.adapter.oto:run:493 - 
[3/5] Conversion: OCRItem → OverlayItem...
2025-10-25 09:34:48.262 | SUCCESS  | oto.adapter.oto:run:509 - ✅ Converted: 12 overlay items
2025-10-25 09:34:48.263 | INFO     | oto.adapter.oto:run:514 - 
[4/5] ImageOverlay: Rendering overlay + saving...
2025-10-25 09:34:48.265 | INFO     | image_utils.adapter.overlay:run:206 - Overlaying 12 items on image (1500, 2322)...
2025-10-25 09:34:48.316 | DEBUG    | image_utils.adapter.overlay:run:253 - Compositing layers...
2025-10-25 09:34:48.346 | SUCCESS  | image_utils.adapter.overlay:run:274 - Overlay completed: 12 items rendered
2025-10-25 09:34:48.349 | ERROR    | image_utils.adapter.overlay:_log_both:117 - Failed to save overlaid image: unknown file extension: 
2025-10-25 09:34:48.353 | INFO     | image_utils.adapter.overlay:_log_both:117 - Overlay metadata saved: M:\CALife\CAShop - 구매대행\_code\scripts\xloto\test\images\01_overlay_meta.json
2025-10-25 09:34:48.358 | SUCCESS  | oto.adapter.oto:run:539 - ✅ Overlay completed (Adapter handled save/meta)
2025-10-25 09:34:48.359 | INFO     | oto.adapter.oto:run:543 - 
================================================================================
2025-10-25 09:34:48.360 | SUCCESS  | oto.adapter.oto:run:544 - ✅ Oto Pipeline Completed: 01.jpg
2025-10-25 09:34:48.361 | INFO     | oto.adapter.oto:run:545 - ================================================================================

2025-10-25 09:34:48.363 | SUCCESS  | scripts.xloto.adapter.xloto:run:415 -       Saved to: M:\CALife\CAShop - 구매대행\_code\scripts\xloto\test\images\CAPEA-001\output\01.jpg
2025-10-25 09:34:48.364 | INFO     | scripts.xloto.adapter.xloto:run:402 -     [4/4] 02.jpg
2025-10-25 09:34:48.364 | DEBUG    | scripts.xloto.adapter.xloto:run:406 -       Override: directory=M:\CALife\CAShop - 구매대행\_code\scripts\xloto\test\images\CAPEA-001\output, filename=02.jpg
2025-10-25 09:34:48.365 | INFO     | oto.adapter.oto:run:376 - ================================================================================
2025-10-25 09:34:48.366 | INFO     | oto.adapter.oto:run:377 - 🖼️  Oto Pipeline: 02.jpg
2025-10-25 09:34:48.366 | INFO     | oto.adapter.oto:run:378 - ================================================================================

2025-10-25 09:34:48.367 | INFO     | oto.adapter.oto:run:383 - [0/5] ImageLoad: Loading image...
2025-10-25 09:34:48.369 | INFO     | image_utils.adapter.load:_log_both:88 - Loading from: M:\CALife\CAShop - 구매대행\_code\scripts\xloto\test\images\CAPEA-001\input\02.jpg
2025-10-25 09:34:48.393 | SUCCESS  | image_utils.adapter.load:_log_both:88 - Completed: (1500, 2322) -> (1500, 2322)
2025-10-25 09:34:48.396 | SUCCESS  | oto.adapter.oto:run:409 - ✅ Image loaded: (1500, 2322) RGB
2025-10-25 09:34:48.397 | INFO     | oto.adapter.oto:run:414 - 
[1/5] ImageTextRecognize: Running OCR...
2025-10-25 09:34:48.398 | INFO     | image_utils.adapter.text_recognize:run:226 - Running OCR on image: (1500, 2322) RGB
2025-10-25 09:34:58.034 | INFO     | image_utils.adapter.text_recognize:run:254 - OCR detected 13 items
2025-10-25 09:34:58.035 | DEBUG    | image_utils.adapter.text_recognize:_postprocess_items:464 - Stripped special chars: '200W/PD快充新高度' -> '200W PD快充新高度'
2025-10-25 09:34:58.036 | INFO     | image_utils.adapter.text_recognize:_postprocess_items:474 - Filtered alphanumeric-only items: 13 -> 12
2025-10-25 09:34:58.037 | SUCCESS  | image_utils.adapter.text_recognize:run:259 - OCR completed: 12 items after postprocessing
2025-10-25 09:34:58.038 | SUCCESS  | oto.adapter.oto:run:435 - ✅ OCR completed: 12 items
2025-10-25 09:34:58.038 | INFO     | oto.adapter.oto:run:445 - 
[2/5] Translate: Translating texts...
2025-10-25 09:34:58.039 | INFO     | oto.adapter.oto:run:455 -   Original texts: 12
2025-10-25 09:34:58.039 | INFO     | translate_utils.adapter.translate:run:251 - [Translate] Translating 12 texts
2025-10-25 09:34:58.040 | INFO     | translate_utils.services.pipeline:run:89 - [Pipeline] Translating 9 uncached segments (bulk)
2025-10-25 09:34:58.347 | SUCCESS  | translate_utils.adapter.translate:run:302 - [Translate] Completed: 9 translations
2025-10-25 09:34:58.349 | SUCCESS  | oto.adapter.oto:run:488 - ✅ Translation completed: 9 texts
2025-10-25 09:34:58.350 | INFO     | oto.adapter.oto:run:493 - 
[3/5] Conversion: OCRItem → OverlayItem...
2025-10-25 09:34:58.351 | SUCCESS  | oto.adapter.oto:run:509 - ✅ Converted: 12 overlay items
2025-10-25 09:34:58.352 | INFO     | oto.adapter.oto:run:514 - 
[4/5] ImageOverlay: Rendering overlay + saving...
2025-10-25 09:34:58.354 | INFO     | image_utils.adapter.overlay:run:206 - Overlaying 12 items on image (1500, 2322)...
2025-10-25 09:34:58.405 | DEBUG    | image_utils.adapter.overlay:run:253 - Compositing layers...
2025-10-25 09:34:58.438 | SUCCESS  | image_utils.adapter.overlay:run:274 - Overlay completed: 12 items rendered
2025-10-25 09:34:58.440 | ERROR    | image_utils.adapter.overlay:_log_both:117 - Failed to save overlaid image: unknown file extension: 
2025-10-25 09:34:58.446 | INFO     | image_utils.adapter.overlay:_log_both:117 - Overlay metadata saved: M:\CALife\CAShop - 구매대행\_code\scripts\xloto\test\images\02_overlay_meta.json
2025-10-25 09:34:58.450 | SUCCESS  | oto.adapter.oto:run:539 - ✅ Overlay completed (Adapter handled save/meta)
2025-10-25 09:34:58.450 | INFO     | oto.adapter.oto:run:543 - 
================================================================================
2025-10-25 09:34:58.451 | SUCCESS  | oto.adapter.oto:run:544 - ✅ Oto Pipeline Completed: 02.jpg
2025-10-25 09:34:58.452 | INFO     | oto.adapter.oto:run:545 - ================================================================================

2025-10-25 09:34:58.455 | SUCCESS  | scripts.xloto.adapter.xloto:run:415 -       Saved to: M:\CALife\CAShop - 구매대행\_code\scripts\xloto\test\images\CAPEA-001\output\02.jpg
2025-10-25 09:34:58.456 | SUCCESS  | scripts.xloto.adapter.xloto:run:423 -     Processed: 4/4
2025-10-25 09:34:58.456 | INFO     | scripts.xloto.adapter.xloto:run:442 - [4/4] Updating Excel...
2025-10-25 09:34:58.457 | DEBUG    | scripts.xloto.adapter.xloto:excel_updater:266 - ExcelUpdater created
2025-10-25 09:34:58.493 | SUCCESS  | scripts.xloto.adapter.xloto:run:450 -   Updated 0 cells
2025-10-25 09:34:58.880 | DEBUG    | xl_utils.adapter.excel_load:close:330 - Excel file closed
2025-10-25 09:34:58.881 | INFO     | scripts.xloto.adapter.xloto:run:454 - ================================================================================
2025-10-25 09:34:58.882 | SUCCESS  | scripts.xloto.adapter.xloto:run:455 - XLOTO Pipeline Completed
2025-10-25 09:34:58.882 | INFO     | scripts.xloto.adapter.xloto:run:456 -    Total: 1
2025-10-25 09:34:58.883 | INFO     | scripts.xloto.adapter.xloto:run:457 -    Processed: 1
2025-10-25 09:34:58.883 | INFO     | scripts.xloto.adapter.xloto:run:458 - ================================================================================
2025-10-25 09:34:58.914 | DEBUG    | translate_utils.adapter.translate:close:315 - Provider closed
2025-10-25 09:38:08.233 | DEBUG    | scripts.xloto.adapter.xloto:__init__:209 - XLOTO adapter initialized
2025-10-25 09:38:08.233 | INFO     | scripts.xloto.adapter.xloto:run:314 - ================================================================================
2025-10-25 09:38:08.234 | INFO     | scripts.xloto.adapter.xloto:run:315 - XLOTO Pipeline Starting
2025-10-25 09:38:08.234 | INFO     | scripts.xloto.adapter.xloto:run:316 - ================================================================================
2025-10-25 09:38:08.235 | INFO     | scripts.xloto.adapter.xloto:run:321 - [1/4] Loading Excel file...
2025-10-25 09:38:08.235 | DEBUG    | scripts.xloto.adapter.xloto:run:325 -   Excel path from policy: M:/CALife/CAShop - 구매대행/_code/scripts/xloto/test/01.All Product List.xlsx
2025-10-25 09:38:08.246 | INFO     | xl_utils.adapter.excel_load:__init__:118 - ExcelLoad initialized (app mode)
2025-10-25 09:38:08.247 | DEBUG    | xl_utils.adapter.excel_load:open:172 - Opening Excel App (app mode)
2025-10-25 09:38:09.418 | INFO     | xl_utils.adapter.excel_load:open:198 - Excel App opened (app mode)
2025-10-25 09:38:09.420 | DEBUG    | xl_utils.adapter.excel_load:open_workbook:230 - Opening workbook: 01.All Product List.xlsx
2025-10-25 09:38:09.884 | INFO     | xl_utils.adapter.excel_load:open_workbook:240 - Workbook opened: 01.All Product List.xlsx
2025-10-25 09:38:09.885 | DEBUG    | xl_utils.adapter.excel_load:get_worksheet:298 - Accessing worksheet: Purchase
2025-10-25 09:38:10.118 | INFO     | xl_utils.adapter.excel_load:get_worksheet:312 - Worksheet accessed: Purchase
2025-10-25 09:38:10.165 | SUCCESS  | scripts.xloto.adapter.xloto:run:346 -   Loaded DataFrame: 4 rows
2025-10-25 09:38:10.166 | INFO     | scripts.xloto.adapter.xloto:run:351 - [2/4] Extracting CAS No...
2025-10-25 09:38:10.168 | DEBUG    | scripts.xloto.adapter.xloto:cas_extractor:258 - CasExtractor created
2025-10-25 09:38:10.173 | SUCCESS  | scripts.xloto.adapter.xloto:run:359 -   Extracted 1 CAS No
2025-10-25 09:38:10.174 | DEBUG    | scripts.xloto.adapter.xloto:run:360 -   CAS List: [{'cas_no': 'CAPEA-001', 'translation_row': 3, 'translation_col': None}]
2025-10-25 09:38:10.174 | INFO     | scripts.xloto.adapter.xloto:run:371 - [3/4] Processing 1 CAS No...
2025-10-25 09:38:10.175 | INFO     | scripts.xloto.adapter.xloto:run:378 -   [1/1] Processing: CAPEA-001
2025-10-25 09:38:10.176 | DEBUG    | scripts.xloto.adapter.xloto:image_manager:247 - ImageFileManager created
2025-10-25 09:38:10.180 | INFO     | scripts.xloto.adapter.xloto:run:393 -     Found 4 images
2025-10-25 09:38:10.180 | INFO     | scripts.xloto.adapter.xloto:run:402 -     [1/4] 01.jpg
2025-10-25 09:38:10.181 | DEBUG    | scripts.xloto.adapter.xloto:run:406 -       Override: directory=M:\CALife\CAShop - 구매대행\_code\scripts\xloto\test\images\CAPEA-001\output, filename=01.jpg
2025-10-25 09:38:10.182 | DEBUG    | oto.adapter.oto:__init__:238 - Oto adapter initialized (parent logger only)
2025-10-25 09:38:10.183 | DEBUG    | scripts.xloto.adapter.xloto:OTO:235 - OTO adapter created
2025-10-25 09:38:10.184 | INFO     | oto.adapter.oto:run:376 - ================================================================================
2025-10-25 09:38:10.185 | INFO     | oto.adapter.oto:run:377 - 🖼️  Oto Pipeline: 01.jpg
2025-10-25 09:38:10.185 | INFO     | oto.adapter.oto:run:378 - ================================================================================

2025-10-25 09:38:10.186 | INFO     | oto.adapter.oto:run:383 - [0/5] ImageLoad: Loading image...
2025-10-25 09:38:10.190 | DEBUG    | image_utils.adapter.load:__init__:63 - ImageLoad initialized with dual logging
2025-10-25 09:38:10.192 | INFO     | image_utils.adapter.load:_log_both:88 - Loading from: M:\CALife\CAShop - 구매대행\_code\scripts\xloto\test\images\CAPEA-001\input\01.jpg
2025-10-25 09:38:10.232 | SUCCESS  | image_utils.adapter.load:_log_both:88 - Completed: (1500, 2322) -> (1500, 2322)
2025-10-25 09:38:10.235 | SUCCESS  | oto.adapter.oto:run:409 - ✅ Image loaded: (1500, 2322) RGB
2025-10-25 09:38:10.236 | INFO     | oto.adapter.oto:run:414 - 
[1/5] ImageTextRecognize: Running OCR...
2025-10-25 09:38:10.243 | DEBUG    | image_utils.adapter.text_recognize:__init__:96 - ImageTextRecognize initialized with dual logging
2025-10-25 09:38:10.244 | INFO     | image_utils.adapter.text_recognize:run:226 - Running OCR on image: (1500, 2322) RGB
2025-10-25 09:38:18.110 | INFO     | image_utils.adapter.text_recognize:_load_ocr_engine:150 - Initializing PaddleOCR: langs=['ch', 'en']
2025-10-25 09:38:18.112 | INFO     | image_utils.adapter.text_recognize:_load_ocr_engine:161 -   use_doc_orientation_classify: False
2025-10-25 09:38:18.113 | INFO     | image_utils.adapter.text_recognize:_load_ocr_engine:162 -   use_doc_unwarping: False
2025-10-25 09:38:32.361 | SUCCESS  | image_utils.adapter.text_recognize:_load_ocr_engine:165 - PaddleOCR initialized successfully
2025-10-25 09:38:43.098 | INFO     | image_utils.adapter.text_recognize:run:254 - OCR detected 13 items
2025-10-25 09:38:43.101 | DEBUG    | image_utils.adapter.text_recognize:_postprocess_items:464 - Stripped special chars: '200W/PD快充新高度' -> '200W PD快充新高度'
2025-10-25 09:38:43.105 | INFO     | image_utils.adapter.text_recognize:_postprocess_items:474 - Filtered alphanumeric-only items: 13 -> 12
2025-10-25 09:38:43.106 | SUCCESS  | image_utils.adapter.text_recognize:run:259 - OCR completed: 12 items after postprocessing
2025-10-25 09:38:43.106 | SUCCESS  | oto.adapter.oto:run:435 - ✅ OCR completed: 12 items
2025-10-25 09:38:43.107 | INFO     | oto.adapter.oto:run:445 - 
[2/5] Translate: Translating texts...
2025-10-25 09:38:43.108 | INFO     | oto.adapter.oto:run:455 -   Original texts: 12
2025-10-25 09:38:43.117 | DEBUG    | translate_utils.adapter.translate:__init__:106 - Translate initialized with dual logging
2025-10-25 09:38:43.119 | INFO     | translate_utils.adapter.translate:run:251 - [Translate] Translating 12 texts
2025-10-25 09:38:43.119 | DEBUG    | translate_utils.adapter.translate:pipeline:177 - Creating translation pipeline
2025-10-25 09:38:43.122 | DEBUG    | translate_utils.adapter.translate:provider:161 - Creating provider: deepl
2025-10-25 09:38:43.124 | SUCCESS  | translate_utils.adapter.translate:run:302 - [Translate] Completed: 9 translations
2025-10-25 09:38:43.124 | SUCCESS  | oto.adapter.oto:run:488 - ✅ Translation completed: 9 texts
2025-10-25 09:38:43.125 | INFO     | oto.adapter.oto:run:493 - 
[3/5] Conversion: OCRItem → OverlayItem...
2025-10-25 09:38:43.126 | SUCCESS  | oto.adapter.oto:run:509 - ✅ Converted: 12 overlay items
2025-10-25 09:38:43.126 | INFO     | oto.adapter.oto:run:514 - 
[4/5] ImageOverlay: Rendering overlay + saving...
2025-10-25 09:38:43.135 | DEBUG    | image_utils.adapter.overlay:__init__:88 - ImageOverlay initialized with dual logging
2025-10-25 09:38:43.136 | INFO     | image_utils.adapter.overlay:run:206 - Overlaying 12 items on image (1500, 2322)...
2025-10-25 09:38:43.188 | DEBUG    | image_utils.adapter.overlay:run:253 - Compositing layers...
2025-10-25 09:38:43.219 | SUCCESS  | image_utils.adapter.overlay:run:274 - Overlay completed: 12 items rendered
2025-10-25 09:38:43.292 | ERROR    | image_utils.adapter.overlay:_log_both:117 - Failed to save overlaid image: unknown file extension: 
2025-10-25 09:38:43.296 | INFO     | image_utils.adapter.overlay:_log_both:117 - Overlay metadata saved: M:\CALife\CAShop - 구매대행\_code\scripts\xloto\test\images\01_overlay_meta.json
2025-10-25 09:38:43.299 | SUCCESS  | oto.adapter.oto:run:539 - ✅ Overlay completed (Adapter handled save/meta)
2025-10-25 09:38:43.301 | INFO     | oto.adapter.oto:run:543 - 
================================================================================
2025-10-25 09:38:43.302 | SUCCESS  | oto.adapter.oto:run:544 - ✅ Oto Pipeline Completed: 01.jpg
2025-10-25 09:38:43.303 | INFO     | oto.adapter.oto:run:545 - ================================================================================

2025-10-25 09:38:43.304 | SUCCESS  | scripts.xloto.adapter.xloto:run:414 -       Saved to: M:\CALife\CAShop - 구매대행\_code\scripts\xloto\test\images\CAPEA-001\output\01.jpg
2025-10-25 09:38:43.305 | INFO     | scripts.xloto.adapter.xloto:run:402 -     [2/4] 02.jpg
2025-10-25 09:38:43.305 | DEBUG    | scripts.xloto.adapter.xloto:run:406 -       Override: directory=M:\CALife\CAShop - 구매대행\_code\scripts\xloto\test\images\CAPEA-001\output, filename=02.jpg
2025-10-25 09:38:43.307 | INFO     | oto.adapter.oto:run:376 - ================================================================================
2025-10-25 09:38:43.307 | INFO     | oto.adapter.oto:run:377 - 🖼️  Oto Pipeline: 02.jpg
2025-10-25 09:38:43.307 | INFO     | oto.adapter.oto:run:378 - ================================================================================

2025-10-25 09:38:43.308 | INFO     | oto.adapter.oto:run:383 - [0/5] ImageLoad: Loading image...
2025-10-25 09:38:43.309 | INFO     | image_utils.adapter.load:_log_both:88 - Loading from: M:\CALife\CAShop - 구매대행\_code\scripts\xloto\test\images\CAPEA-001\input\02.jpg
2025-10-25 09:38:43.331 | SUCCESS  | image_utils.adapter.load:_log_both:88 - Completed: (1500, 2322) -> (1500, 2322)
2025-10-25 09:38:43.334 | SUCCESS  | oto.adapter.oto:run:409 - ✅ Image loaded: (1500, 2322) RGB
2025-10-25 09:38:43.335 | INFO     | oto.adapter.oto:run:414 - 
[1/5] ImageTextRecognize: Running OCR...
2025-10-25 09:38:43.336 | INFO     | image_utils.adapter.text_recognize:run:226 - Running OCR on image: (1500, 2322) RGB
2025-10-25 09:38:53.349 | INFO     | image_utils.adapter.text_recognize:run:254 - OCR detected 13 items
2025-10-25 09:38:53.350 | DEBUG    | image_utils.adapter.text_recognize:_postprocess_items:464 - Stripped special chars: '200W/PD快充新高度' -> '200W PD快充新高度'
2025-10-25 09:38:53.351 | INFO     | image_utils.adapter.text_recognize:_postprocess_items:474 - Filtered alphanumeric-only items: 13 -> 12
2025-10-25 09:38:53.352 | SUCCESS  | image_utils.adapter.text_recognize:run:259 - OCR completed: 12 items after postprocessing
2025-10-25 09:38:53.353 | SUCCESS  | oto.adapter.oto:run:435 - ✅ OCR completed: 12 items
2025-10-25 09:38:53.354 | INFO     | oto.adapter.oto:run:445 - 
[2/5] Translate: Translating texts...
2025-10-25 09:38:53.355 | INFO     | oto.adapter.oto:run:455 -   Original texts: 12
2025-10-25 09:38:53.355 | INFO     | translate_utils.adapter.translate:run:251 - [Translate] Translating 12 texts
2025-10-25 09:38:53.356 | INFO     | translate_utils.services.pipeline:run:89 - [Pipeline] Translating 9 uncached segments (bulk)
2025-10-25 09:38:54.185 | SUCCESS  | translate_utils.adapter.translate:run:302 - [Translate] Completed: 9 translations
2025-10-25 09:38:54.187 | SUCCESS  | oto.adapter.oto:run:488 - ✅ Translation completed: 9 texts
2025-10-25 09:38:54.188 | INFO     | oto.adapter.oto:run:493 - 
[3/5] Conversion: OCRItem → OverlayItem...
2025-10-25 09:38:54.190 | SUCCESS  | oto.adapter.oto:run:509 - ✅ Converted: 12 overlay items
2025-10-25 09:38:54.193 | INFO     | oto.adapter.oto:run:514 - 
[4/5] ImageOverlay: Rendering overlay + saving...
2025-10-25 09:38:54.194 | INFO     | image_utils.adapter.overlay:run:206 - Overlaying 12 items on image (1500, 2322)...
2025-10-25 09:38:54.249 | DEBUG    | image_utils.adapter.overlay:run:253 - Compositing layers...
2025-10-25 09:38:54.288 | SUCCESS  | image_utils.adapter.overlay:run:274 - Overlay completed: 12 items rendered
2025-10-25 09:38:54.290 | ERROR    | image_utils.adapter.overlay:_log_both:117 - Failed to save overlaid image: unknown file extension: 
2025-10-25 09:38:54.295 | INFO     | image_utils.adapter.overlay:_log_both:117 - Overlay metadata saved: M:\CALife\CAShop - 구매대행\_code\scripts\xloto\test\images\02_overlay_meta.json
2025-10-25 09:38:54.299 | SUCCESS  | oto.adapter.oto:run:539 - ✅ Overlay completed (Adapter handled save/meta)
2025-10-25 09:38:54.300 | INFO     | oto.adapter.oto:run:543 - 
================================================================================
2025-10-25 09:38:54.301 | SUCCESS  | oto.adapter.oto:run:544 - ✅ Oto Pipeline Completed: 02.jpg
2025-10-25 09:38:54.302 | INFO     | oto.adapter.oto:run:545 - ================================================================================

2025-10-25 09:38:54.304 | SUCCESS  | scripts.xloto.adapter.xloto:run:414 -       Saved to: M:\CALife\CAShop - 구매대행\_code\scripts\xloto\test\images\CAPEA-001\output\02.jpg
2025-10-25 09:38:54.304 | INFO     | scripts.xloto.adapter.xloto:run:402 -     [3/4] 01.jpg
2025-10-25 09:38:54.305 | DEBUG    | scripts.xloto.adapter.xloto:run:406 -       Override: directory=M:\CALife\CAShop - 구매대행\_code\scripts\xloto\test\images\CAPEA-001\output, filename=01.jpg
2025-10-25 09:38:54.306 | INFO     | oto.adapter.oto:run:376 - ================================================================================
2025-10-25 09:38:54.307 | INFO     | oto.adapter.oto:run:377 - 🖼️  Oto Pipeline: 01.jpg
2025-10-25 09:38:54.308 | INFO     | oto.adapter.oto:run:378 - ================================================================================

2025-10-25 09:38:54.309 | INFO     | oto.adapter.oto:run:383 - [0/5] ImageLoad: Loading image...
2025-10-25 09:38:54.310 | INFO     | image_utils.adapter.load:_log_both:88 - Loading from: M:\CALife\CAShop - 구매대행\_code\scripts\xloto\test\images\CAPEA-001\input\01.jpg
2025-10-25 09:38:54.338 | SUCCESS  | image_utils.adapter.load:_log_both:88 - Completed: (1500, 2322) -> (1500, 2322)
2025-10-25 09:38:54.342 | SUCCESS  | oto.adapter.oto:run:409 - ✅ Image loaded: (1500, 2322) RGB
2025-10-25 09:38:54.344 | INFO     | oto.adapter.oto:run:414 - 
[1/5] ImageTextRecognize: Running OCR...
2025-10-25 09:38:54.345 | INFO     | image_utils.adapter.text_recognize:run:226 - Running OCR on image: (1500, 2322) RGB
2025-10-25 09:39:05.288 | INFO     | image_utils.adapter.text_recognize:run:254 - OCR detected 13 items
2025-10-25 09:39:05.289 | DEBUG    | image_utils.adapter.text_recognize:_postprocess_items:464 - Stripped special chars: '200W/PD快充新高度' -> '200W PD快充新高度'
2025-10-25 09:39:05.290 | INFO     | image_utils.adapter.text_recognize:_postprocess_items:474 - Filtered alphanumeric-only items: 13 -> 12
2025-10-25 09:39:05.291 | SUCCESS  | image_utils.adapter.text_recognize:run:259 - OCR completed: 12 items after postprocessing
2025-10-25 09:39:05.291 | SUCCESS  | oto.adapter.oto:run:435 - ✅ OCR completed: 12 items
2025-10-25 09:39:05.292 | INFO     | oto.adapter.oto:run:445 - 
[2/5] Translate: Translating texts...
2025-10-25 09:39:05.293 | INFO     | oto.adapter.oto:run:455 -   Original texts: 12
2025-10-25 09:39:05.294 | INFO     | translate_utils.adapter.translate:run:251 - [Translate] Translating 12 texts
2025-10-25 09:39:05.295 | INFO     | translate_utils.services.pipeline:run:89 - [Pipeline] Translating 9 uncached segments (bulk)
2025-10-25 09:39:05.612 | SUCCESS  | translate_utils.adapter.translate:run:302 - [Translate] Completed: 9 translations
2025-10-25 09:39:05.613 | SUCCESS  | oto.adapter.oto:run:488 - ✅ Translation completed: 9 texts
2025-10-25 09:39:05.614 | INFO     | oto.adapter.oto:run:493 - 
[3/5] Conversion: OCRItem → OverlayItem...
2025-10-25 09:39:05.615 | SUCCESS  | oto.adapter.oto:run:509 - ✅ Converted: 12 overlay items
2025-10-25 09:39:05.615 | INFO     | oto.adapter.oto:run:514 - 
[4/5] ImageOverlay: Rendering overlay + saving...
2025-10-25 09:39:05.616 | INFO     | image_utils.adapter.overlay:run:206 - Overlaying 12 items on image (1500, 2322)...
2025-10-25 09:39:05.673 | DEBUG    | image_utils.adapter.overlay:run:253 - Compositing layers...
2025-10-25 09:39:05.713 | SUCCESS  | image_utils.adapter.overlay:run:274 - Overlay completed: 12 items rendered
2025-10-25 09:39:05.716 | ERROR    | image_utils.adapter.overlay:_log_both:117 - Failed to save overlaid image: unknown file extension: 
2025-10-25 09:39:05.722 | INFO     | image_utils.adapter.overlay:_log_both:117 - Overlay metadata saved: M:\CALife\CAShop - 구매대행\_code\scripts\xloto\test\images\01_overlay_meta.json
2025-10-25 09:39:05.726 | SUCCESS  | oto.adapter.oto:run:539 - ✅ Overlay completed (Adapter handled save/meta)
2025-10-25 09:39:05.727 | INFO     | oto.adapter.oto:run:543 - 
================================================================================
2025-10-25 09:39:05.728 | SUCCESS  | oto.adapter.oto:run:544 - ✅ Oto Pipeline Completed: 01.jpg
2025-10-25 09:39:05.729 | INFO     | oto.adapter.oto:run:545 - ================================================================================

2025-10-25 09:39:05.733 | SUCCESS  | scripts.xloto.adapter.xloto:run:414 -       Saved to: M:\CALife\CAShop - 구매대행\_code\scripts\xloto\test\images\CAPEA-001\output\01.jpg
2025-10-25 09:39:05.734 | INFO     | scripts.xloto.adapter.xloto:run:402 -     [4/4] 02.jpg
2025-10-25 09:39:05.735 | DEBUG    | scripts.xloto.adapter.xloto:run:406 -       Override: directory=M:\CALife\CAShop - 구매대행\_code\scripts\xloto\test\images\CAPEA-001\output, filename=02.jpg
2025-10-25 09:39:05.736 | INFO     | oto.adapter.oto:run:376 - ================================================================================
2025-10-25 09:39:05.737 | INFO     | oto.adapter.oto:run:377 - 🖼️  Oto Pipeline: 02.jpg
2025-10-25 09:39:05.738 | INFO     | oto.adapter.oto:run:378 - ================================================================================

2025-10-25 09:39:05.740 | INFO     | oto.adapter.oto:run:383 - [0/5] ImageLoad: Loading image...
2025-10-25 09:39:05.741 | INFO     | image_utils.adapter.load:_log_both:88 - Loading from: M:\CALife\CAShop - 구매대행\_code\scripts\xloto\test\images\CAPEA-001\input\02.jpg
2025-10-25 09:39:05.772 | SUCCESS  | image_utils.adapter.load:_log_both:88 - Completed: (1500, 2322) -> (1500, 2322)
2025-10-25 09:39:05.775 | SUCCESS  | oto.adapter.oto:run:409 - ✅ Image loaded: (1500, 2322) RGB
2025-10-25 09:39:05.776 | INFO     | oto.adapter.oto:run:414 - 
[1/5] ImageTextRecognize: Running OCR...
2025-10-25 09:39:05.776 | INFO     | image_utils.adapter.text_recognize:run:226 - Running OCR on image: (1500, 2322) RGB
2025-10-25 09:39:19.468 | INFO     | image_utils.adapter.text_recognize:run:254 - OCR detected 13 items
2025-10-25 09:39:19.470 | DEBUG    | image_utils.adapter.text_recognize:_postprocess_items:464 - Stripped special chars: '200W/PD快充新高度' -> '200W PD快充新高度'
2025-10-25 09:39:19.470 | INFO     | image_utils.adapter.text_recognize:_postprocess_items:474 - Filtered alphanumeric-only items: 13 -> 12
2025-10-25 09:39:19.471 | SUCCESS  | image_utils.adapter.text_recognize:run:259 - OCR completed: 12 items after postprocessing
2025-10-25 09:39:19.472 | SUCCESS  | oto.adapter.oto:run:435 - ✅ OCR completed: 12 items
2025-10-25 09:39:19.472 | INFO     | oto.adapter.oto:run:445 - 
[2/5] Translate: Translating texts...
2025-10-25 09:39:19.472 | INFO     | oto.adapter.oto:run:455 -   Original texts: 12
2025-10-25 09:39:19.473 | INFO     | translate_utils.adapter.translate:run:251 - [Translate] Translating 12 texts
2025-10-25 09:39:19.474 | INFO     | translate_utils.services.pipeline:run:89 - [Pipeline] Translating 9 uncached segments (bulk)
2025-10-25 09:39:19.795 | SUCCESS  | translate_utils.adapter.translate:run:302 - [Translate] Completed: 9 translations
2025-10-25 09:39:19.796 | SUCCESS  | oto.adapter.oto:run:488 - ✅ Translation completed: 9 texts
2025-10-25 09:39:19.797 | INFO     | oto.adapter.oto:run:493 - 
[3/5] Conversion: OCRItem → OverlayItem...
2025-10-25 09:39:19.799 | SUCCESS  | oto.adapter.oto:run:509 - ✅ Converted: 12 overlay items
2025-10-25 09:39:19.800 | INFO     | oto.adapter.oto:run:514 - 
[4/5] ImageOverlay: Rendering overlay + saving...
2025-10-25 09:39:19.802 | INFO     | image_utils.adapter.overlay:run:206 - Overlaying 12 items on image (1500, 2322)...
2025-10-25 09:39:19.860 | DEBUG    | image_utils.adapter.overlay:run:253 - Compositing layers...
2025-10-25 09:39:19.898 | SUCCESS  | image_utils.adapter.overlay:run:274 - Overlay completed: 12 items rendered
2025-10-25 09:39:19.900 | ERROR    | image_utils.adapter.overlay:_log_both:117 - Failed to save overlaid image: unknown file extension: 
2025-10-25 09:39:19.904 | INFO     | image_utils.adapter.overlay:_log_both:117 - Overlay metadata saved: M:\CALife\CAShop - 구매대행\_code\scripts\xloto\test\images\02_overlay_meta.json
2025-10-25 09:39:19.908 | SUCCESS  | oto.adapter.oto:run:539 - ✅ Overlay completed (Adapter handled save/meta)
2025-10-25 09:39:19.909 | INFO     | oto.adapter.oto:run:543 - 
================================================================================
2025-10-25 09:39:19.910 | SUCCESS  | oto.adapter.oto:run:544 - ✅ Oto Pipeline Completed: 02.jpg
2025-10-25 09:39:19.911 | INFO     | oto.adapter.oto:run:545 - ================================================================================

2025-10-25 09:39:19.914 | SUCCESS  | scripts.xloto.adapter.xloto:run:414 -       Saved to: M:\CALife\CAShop - 구매대행\_code\scripts\xloto\test\images\CAPEA-001\output\02.jpg
2025-10-25 09:39:19.915 | SUCCESS  | scripts.xloto.adapter.xloto:run:422 -     Processed: 4/4
2025-10-25 09:39:19.916 | INFO     | scripts.xloto.adapter.xloto:run:441 - [4/4] Updating Excel...
2025-10-25 09:39:19.917 | DEBUG    | scripts.xloto.adapter.xloto:excel_updater:266 - ExcelUpdater created
2025-10-25 09:39:19.956 | SUCCESS  | scripts.xloto.adapter.xloto:run:449 -   Updated 0 cells
2025-10-25 09:39:20.395 | DEBUG    | xl_utils.adapter.excel_load:close:330 - Excel file closed
2025-10-25 09:39:20.396 | INFO     | scripts.xloto.adapter.xloto:run:453 - ================================================================================
2025-10-25 09:39:20.397 | SUCCESS  | scripts.xloto.adapter.xloto:run:454 - XLOTO Pipeline Completed
2025-10-25 09:39:20.399 | INFO     | scripts.xloto.adapter.xloto:run:455 -    Total: 1
2025-10-25 09:39:20.400 | INFO     | scripts.xloto.adapter.xloto:run:456 -    Processed: 1
2025-10-25 09:39:20.400 | INFO     | scripts.xloto.adapter.xloto:run:457 - ================================================================================
2025-10-25 09:39:20.440 | DEBUG    | translate_utils.adapter.translate:close:315 - Provider closed
2025-10-25 09:43:20.683 | DEBUG    | scripts.xloto.adapter.xloto:__init__:209 - XLOTO adapter initialized
2025-10-25 09:43:20.683 | INFO     | scripts.xloto.adapter.xloto:run:314 - ================================================================================
2025-10-25 09:43:20.684 | INFO     | scripts.xloto.adapter.xloto:run:315 - XLOTO Pipeline Starting
2025-10-25 09:43:20.685 | INFO     | scripts.xloto.adapter.xloto:run:316 - ================================================================================
2025-10-25 09:43:20.686 | INFO     | scripts.xloto.adapter.xloto:run:321 - [1/4] Loading Excel file...
2025-10-25 09:43:20.687 | DEBUG    | scripts.xloto.adapter.xloto:run:325 -   Excel path from policy: M:/CALife/CAShop - 구매대행/_code/scripts/xloto/test/01.All Product List.xlsx
2025-10-25 09:43:20.696 | INFO     | xl_utils.adapter.excel_load:__init__:118 - ExcelLoad initialized (app mode)
2025-10-25 09:43:20.697 | DEBUG    | xl_utils.adapter.excel_load:open:172 - Opening Excel App (app mode)
2025-10-25 09:43:22.000 | INFO     | xl_utils.adapter.excel_load:open:198 - Excel App opened (app mode)
2025-10-25 09:43:22.002 | DEBUG    | xl_utils.adapter.excel_load:open_workbook:230 - Opening workbook: 01.All Product List.xlsx
2025-10-25 09:43:22.455 | INFO     | xl_utils.adapter.excel_load:open_workbook:240 - Workbook opened: 01.All Product List.xlsx
2025-10-25 09:43:22.456 | DEBUG    | xl_utils.adapter.excel_load:get_worksheet:298 - Accessing worksheet: Purchase
2025-10-25 09:43:22.698 | INFO     | xl_utils.adapter.excel_load:get_worksheet:312 - Worksheet accessed: Purchase
2025-10-25 09:43:22.729 | SUCCESS  | scripts.xloto.adapter.xloto:run:346 -   Loaded DataFrame: 4 rows
2025-10-25 09:43:22.730 | INFO     | scripts.xloto.adapter.xloto:run:351 - [2/4] Extracting CAS No...
2025-10-25 09:43:22.732 | DEBUG    | scripts.xloto.adapter.xloto:cas_extractor:258 - CasExtractor created
2025-10-25 09:43:22.736 | SUCCESS  | scripts.xloto.adapter.xloto:run:359 -   Extracted 1 CAS No
2025-10-25 09:43:22.737 | DEBUG    | scripts.xloto.adapter.xloto:run:360 -   CAS List: [{'cas_no': 'CAPEA-001', 'translation_row': 3, 'translation_col': None}]
2025-10-25 09:43:22.738 | INFO     | scripts.xloto.adapter.xloto:run:371 - [3/4] Processing 1 CAS No...
2025-10-25 09:43:22.739 | INFO     | scripts.xloto.adapter.xloto:run:378 -   [1/1] Processing: CAPEA-001
2025-10-25 09:43:22.741 | DEBUG    | scripts.xloto.adapter.xloto:image_manager:247 - ImageFileManager created
2025-10-25 09:43:22.744 | INFO     | scripts.xloto.adapter.xloto:run:393 -     Found 4 images
2025-10-25 09:43:22.744 | INFO     | scripts.xloto.adapter.xloto:run:402 -     [1/4] 01.jpg
2025-10-25 09:43:22.745 | DEBUG    | scripts.xloto.adapter.xloto:run:406 -       Override: directory=M:\CALife\CAShop - 구매대행\_code\scripts\xloto\test\images\CAPEA-001\output, filename=01.jpg
2025-10-25 09:43:22.745 | DEBUG    | oto.adapter.oto:__init__:238 - Oto adapter initialized (parent logger only)
2025-10-25 09:43:22.746 | DEBUG    | scripts.xloto.adapter.xloto:OTO:235 - OTO adapter created
2025-10-25 09:43:22.746 | INFO     | oto.adapter.oto:run:376 - ================================================================================
2025-10-25 09:43:22.747 | INFO     | oto.adapter.oto:run:377 - 🖼️  Oto Pipeline: 01.jpg
2025-10-25 09:43:22.747 | INFO     | oto.adapter.oto:run:378 - ================================================================================

2025-10-25 09:43:22.748 | INFO     | oto.adapter.oto:run:383 - [0/5] ImageLoad: Loading image...
2025-10-25 09:43:22.752 | DEBUG    | image_utils.adapter.load:__init__:63 - ImageLoad initialized with dual logging
2025-10-25 09:43:22.754 | INFO     | image_utils.adapter.load:_log_both:88 - Loading from: M:\CALife\CAShop - 구매대행\_code\scripts\xloto\test\images\CAPEA-001\input\01.jpg
2025-10-25 09:43:22.801 | SUCCESS  | image_utils.adapter.load:_log_both:88 - Completed: (1500, 2322) -> (1500, 2322)
2025-10-25 09:43:22.804 | SUCCESS  | oto.adapter.oto:run:409 - ✅ Image loaded: (1500, 2322) RGB
2025-10-25 09:43:22.805 | INFO     | oto.adapter.oto:run:414 - 
[1/5] ImageTextRecognize: Running OCR...
2025-10-25 09:43:22.811 | DEBUG    | image_utils.adapter.text_recognize:__init__:96 - ImageTextRecognize initialized with dual logging
2025-10-25 09:43:22.813 | INFO     | image_utils.adapter.text_recognize:run:226 - Running OCR on image: (1500, 2322) RGB
2025-10-25 09:43:30.679 | INFO     | image_utils.adapter.text_recognize:_load_ocr_engine:150 - Initializing PaddleOCR: langs=['ch', 'en']
2025-10-25 09:43:30.680 | INFO     | image_utils.adapter.text_recognize:_load_ocr_engine:161 -   use_doc_orientation_classify: False
2025-10-25 09:43:30.680 | INFO     | image_utils.adapter.text_recognize:_load_ocr_engine:162 -   use_doc_unwarping: False
2025-10-25 09:43:39.606 | DEBUG    | xl_utils.adapter.excel_load:close:330 - Excel file closed
2025-10-25 09:45:09.967 | DEBUG    | scripts.xloto.adapter.xloto:__init__:209 - XLOTO adapter initialized
2025-10-25 09:45:09.968 | INFO     | scripts.xloto.adapter.xloto:run:314 - ================================================================================
2025-10-25 09:45:09.969 | INFO     | scripts.xloto.adapter.xloto:run:315 - XLOTO Pipeline Starting
2025-10-25 09:45:09.970 | INFO     | scripts.xloto.adapter.xloto:run:316 - ================================================================================
2025-10-25 09:45:09.971 | INFO     | scripts.xloto.adapter.xloto:run:321 - [1/4] Loading Excel file...
2025-10-25 09:45:09.971 | DEBUG    | scripts.xloto.adapter.xloto:run:325 -   Excel path from policy: M:/CALife/CAShop - 구매대행/_code/scripts/xloto/test/01.All Product List.xlsx
2025-10-25 09:45:09.992 | INFO     | xl_utils.adapter.excel_load:__init__:118 - ExcelLoad initialized (app mode)
2025-10-25 09:45:09.993 | DEBUG    | xl_utils.adapter.excel_load:open:172 - Opening Excel App (app mode)
2025-10-25 09:45:11.205 | INFO     | xl_utils.adapter.excel_load:open:198 - Excel App opened (app mode)
2025-10-25 09:45:11.207 | DEBUG    | xl_utils.adapter.excel_load:open_workbook:230 - Opening workbook: 01.All Product List.xlsx
2025-10-25 09:45:11.675 | INFO     | xl_utils.adapter.excel_load:open_workbook:240 - Workbook opened: 01.All Product List.xlsx
2025-10-25 09:45:11.676 | DEBUG    | xl_utils.adapter.excel_load:get_worksheet:298 - Accessing worksheet: Purchase
2025-10-25 09:45:11.904 | INFO     | xl_utils.adapter.excel_load:get_worksheet:312 - Worksheet accessed: Purchase
2025-10-25 09:45:11.939 | SUCCESS  | scripts.xloto.adapter.xloto:run:346 -   Loaded DataFrame: 4 rows
2025-10-25 09:45:11.940 | INFO     | scripts.xloto.adapter.xloto:run:351 - [2/4] Extracting CAS No...
2025-10-25 09:45:11.940 | DEBUG    | scripts.xloto.adapter.xloto:cas_extractor:258 - CasExtractor created
2025-10-25 09:45:11.944 | SUCCESS  | scripts.xloto.adapter.xloto:run:359 -   Extracted 1 CAS No
2025-10-25 09:45:11.945 | DEBUG    | scripts.xloto.adapter.xloto:run:360 -   CAS List: [{'cas_no': 'CAPEA-001', 'translation_row': 3, 'translation_col': None}]
2025-10-25 09:45:11.946 | INFO     | scripts.xloto.adapter.xloto:run:371 - [3/4] Processing 1 CAS No...
2025-10-25 09:45:11.946 | INFO     | scripts.xloto.adapter.xloto:run:378 -   [1/1] Processing: CAPEA-001
2025-10-25 09:45:11.948 | DEBUG    | scripts.xloto.adapter.xloto:image_manager:247 - ImageFileManager created
2025-10-25 09:45:11.950 | INFO     | scripts.xloto.adapter.xloto:run:393 -     Found 4 images
2025-10-25 09:45:11.951 | INFO     | scripts.xloto.adapter.xloto:run:402 -     [1/4] 01.jpg
2025-10-25 09:45:11.951 | DEBUG    | scripts.xloto.adapter.xloto:run:406 -       Override: directory=M:\CALife\CAShop - 구매대행\_code\scripts\xloto\test\images\CAPEA-001\output, filename=01.jpg
2025-10-25 09:45:11.952 | DEBUG    | oto.adapter.oto:__init__:238 - Oto adapter initialized (parent logger only)
2025-10-25 09:45:11.953 | DEBUG    | scripts.xloto.adapter.xloto:OTO:235 - OTO adapter created
2025-10-25 09:45:11.954 | INFO     | oto.adapter.oto:run:376 - ================================================================================
2025-10-25 09:45:11.954 | INFO     | oto.adapter.oto:run:377 - 🖼️  Oto Pipeline: 01.jpg
2025-10-25 09:45:11.955 | INFO     | oto.adapter.oto:run:378 - ================================================================================

2025-10-25 09:45:11.955 | INFO     | oto.adapter.oto:run:383 - [0/5] ImageLoad: Loading image...
2025-10-25 09:45:11.960 | DEBUG    | image_utils.adapter.load:__init__:63 - ImageLoad initialized with dual logging
2025-10-25 09:45:11.962 | INFO     | image_utils.adapter.load:_log_both:88 - Loading from: M:\CALife\CAShop - 구매대행\_code\scripts\xloto\test\images\CAPEA-001\input\01.jpg
2025-10-25 09:45:12.002 | SUCCESS  | image_utils.adapter.load:_log_both:88 - Completed: (1500, 2322) -> (1500, 2322)
2025-10-25 09:45:12.004 | SUCCESS  | oto.adapter.oto:run:409 - ✅ Image loaded: (1500, 2322) RGB
2025-10-25 09:45:12.005 | INFO     | oto.adapter.oto:run:414 - 
[1/5] ImageTextRecognize: Running OCR...
2025-10-25 09:45:12.013 | DEBUG    | image_utils.adapter.text_recognize:__init__:96 - ImageTextRecognize initialized with dual logging
2025-10-25 09:45:12.015 | INFO     | image_utils.adapter.text_recognize:run:226 - Running OCR on image: (1500, 2322) RGB
2025-10-25 09:45:19.569 | INFO     | image_utils.adapter.text_recognize:_load_ocr_engine:150 - Initializing PaddleOCR: langs=['ch', 'en']
2025-10-25 09:45:19.570 | INFO     | image_utils.adapter.text_recognize:_load_ocr_engine:161 -   use_doc_orientation_classify: False
2025-10-25 09:45:19.571 | INFO     | image_utils.adapter.text_recognize:_load_ocr_engine:162 -   use_doc_unwarping: False
2025-10-25 09:45:33.492 | SUCCESS  | image_utils.adapter.text_recognize:_load_ocr_engine:165 - PaddleOCR initialized successfully
2025-10-25 09:45:48.620 | INFO     | image_utils.adapter.text_recognize:run:254 - OCR detected 13 items
2025-10-25 09:45:48.622 | DEBUG    | image_utils.adapter.text_recognize:_postprocess_items:464 - Stripped special chars: '200W/PD快充新高度' -> '200W PD快充新高度'
2025-10-25 09:45:48.625 | INFO     | image_utils.adapter.text_recognize:_postprocess_items:474 - Filtered alphanumeric-only items: 13 -> 12
2025-10-25 09:45:48.626 | SUCCESS  | image_utils.adapter.text_recognize:run:259 - OCR completed: 12 items after postprocessing
2025-10-25 09:45:48.627 | SUCCESS  | oto.adapter.oto:run:435 - ✅ OCR completed: 12 items
2025-10-25 09:45:48.627 | INFO     | oto.adapter.oto:run:445 - 
[2/5] Translate: Translating texts...
2025-10-25 09:45:48.628 | INFO     | oto.adapter.oto:run:455 -   Original texts: 12
2025-10-25 09:45:48.635 | DEBUG    | translate_utils.adapter.translate:__init__:106 - Translate initialized with dual logging
2025-10-25 09:45:48.637 | INFO     | translate_utils.adapter.translate:run:251 - [Translate] Translating 12 texts
2025-10-25 09:45:48.637 | DEBUG    | translate_utils.adapter.translate:pipeline:177 - Creating translation pipeline
2025-10-25 09:45:48.641 | DEBUG    | translate_utils.adapter.translate:provider:161 - Creating provider: deepl
2025-10-25 09:45:48.643 | SUCCESS  | translate_utils.adapter.translate:run:302 - [Translate] Completed: 9 translations
2025-10-25 09:45:48.644 | SUCCESS  | oto.adapter.oto:run:488 - ✅ Translation completed: 9 texts
2025-10-25 09:45:48.645 | INFO     | oto.adapter.oto:run:493 - 
[3/5] Conversion: OCRItem → OverlayItem...
2025-10-25 09:45:48.646 | SUCCESS  | oto.adapter.oto:run:509 - ✅ Converted: 12 overlay items
2025-10-25 09:45:48.646 | INFO     | oto.adapter.oto:run:514 - 
[4/5] ImageOverlay: Rendering overlay + saving...
2025-10-25 09:45:48.654 | DEBUG    | image_utils.adapter.overlay:__init__:88 - ImageOverlay initialized with dual logging
2025-10-25 09:45:48.656 | INFO     | image_utils.adapter.overlay:run:206 - Overlaying 12 items on image (1500, 2322)...
2025-10-25 09:45:48.709 | DEBUG    | image_utils.adapter.overlay:run:253 - Compositing layers...
2025-10-25 09:45:48.746 | SUCCESS  | image_utils.adapter.overlay:run:274 - Overlay completed: 12 items rendered
2025-10-25 09:45:48.816 | ERROR    | image_utils.adapter.overlay:_log_both:117 - Failed to save overlaid image: unknown file extension: 
2025-10-25 09:45:48.821 | INFO     | image_utils.adapter.overlay:_log_both:117 - Overlay metadata saved: M:\CALife\CAShop - 구매대행\_code\scripts\xloto\test\images\01_overlay_meta.json
2025-10-25 09:45:48.825 | SUCCESS  | oto.adapter.oto:run:540 - ✅ Overlay completed (Adapter handled save/meta)
2025-10-25 09:45:48.826 | INFO     | oto.adapter.oto:run:544 - 
================================================================================
2025-10-25 09:45:48.826 | SUCCESS  | oto.adapter.oto:run:545 - ✅ Oto Pipeline Completed: 01.jpg
2025-10-25 09:45:48.826 | INFO     | oto.adapter.oto:run:546 - ================================================================================

2025-10-25 09:45:48.828 | SUCCESS  | scripts.xloto.adapter.xloto:run:414 -       Saved to: M:\CALife\CAShop - 구매대행\_code\scripts\xloto\test\images\CAPEA-001\output\01.jpg
2025-10-25 09:45:48.829 | INFO     | scripts.xloto.adapter.xloto:run:402 -     [2/4] 02.jpg
2025-10-25 09:45:48.829 | DEBUG    | scripts.xloto.adapter.xloto:run:406 -       Override: directory=M:\CALife\CAShop - 구매대행\_code\scripts\xloto\test\images\CAPEA-001\output, filename=02.jpg
2025-10-25 09:45:48.830 | INFO     | oto.adapter.oto:run:376 - ================================================================================
2025-10-25 09:45:48.830 | INFO     | oto.adapter.oto:run:377 - 🖼️  Oto Pipeline: 02.jpg
2025-10-25 09:45:48.831 | INFO     | oto.adapter.oto:run:378 - ================================================================================

2025-10-25 09:45:48.831 | INFO     | oto.adapter.oto:run:383 - [0/5] ImageLoad: Loading image...
2025-10-25 09:45:48.832 | INFO     | image_utils.adapter.load:_log_both:88 - Loading from: M:\CALife\CAShop - 구매대행\_code\scripts\xloto\test\images\CAPEA-001\input\02.jpg
2025-10-25 09:45:48.858 | SUCCESS  | image_utils.adapter.load:_log_both:88 - Completed: (1500, 2322) -> (1500, 2322)
2025-10-25 09:45:48.862 | SUCCESS  | oto.adapter.oto:run:409 - ✅ Image loaded: (1500, 2322) RGB
2025-10-25 09:45:48.864 | INFO     | oto.adapter.oto:run:414 - 
[1/5] ImageTextRecognize: Running OCR...
2025-10-25 09:45:48.865 | INFO     | image_utils.adapter.text_recognize:run:226 - Running OCR on image: (1500, 2322) RGB
2025-10-25 09:46:02.693 | INFO     | image_utils.adapter.text_recognize:run:254 - OCR detected 13 items
2025-10-25 09:46:02.694 | DEBUG    | image_utils.adapter.text_recognize:_postprocess_items:464 - Stripped special chars: '200W/PD快充新高度' -> '200W PD快充新高度'
2025-10-25 09:46:02.695 | INFO     | image_utils.adapter.text_recognize:_postprocess_items:474 - Filtered alphanumeric-only items: 13 -> 12
2025-10-25 09:46:02.696 | SUCCESS  | image_utils.adapter.text_recognize:run:259 - OCR completed: 12 items after postprocessing
2025-10-25 09:46:02.697 | SUCCESS  | oto.adapter.oto:run:435 - ✅ OCR completed: 12 items
2025-10-25 09:46:02.698 | INFO     | oto.adapter.oto:run:445 - 
[2/5] Translate: Translating texts...
2025-10-25 09:46:02.699 | INFO     | oto.adapter.oto:run:455 -   Original texts: 12
2025-10-25 09:46:02.699 | INFO     | translate_utils.adapter.translate:run:251 - [Translate] Translating 12 texts
2025-10-25 09:46:02.700 | INFO     | translate_utils.services.pipeline:run:89 - [Pipeline] Translating 9 uncached segments (bulk)
2025-10-25 09:46:03.550 | SUCCESS  | translate_utils.adapter.translate:run:302 - [Translate] Completed: 9 translations
2025-10-25 09:46:03.551 | SUCCESS  | oto.adapter.oto:run:488 - ✅ Translation completed: 9 texts
2025-10-25 09:46:03.552 | INFO     | oto.adapter.oto:run:493 - 
[3/5] Conversion: OCRItem → OverlayItem...
2025-10-25 09:46:03.553 | SUCCESS  | oto.adapter.oto:run:509 - ✅ Converted: 12 overlay items
2025-10-25 09:46:03.556 | INFO     | oto.adapter.oto:run:514 - 
[4/5] ImageOverlay: Rendering overlay + saving...
2025-10-25 09:46:03.559 | INFO     | image_utils.adapter.overlay:run:206 - Overlaying 12 items on image (1500, 2322)...
2025-10-25 09:46:03.614 | DEBUG    | image_utils.adapter.overlay:run:253 - Compositing layers...
2025-10-25 09:46:03.653 | SUCCESS  | image_utils.adapter.overlay:run:274 - Overlay completed: 12 items rendered
2025-10-25 09:46:03.656 | ERROR    | image_utils.adapter.overlay:_log_both:117 - Failed to save overlaid image: unknown file extension: 
2025-10-25 09:46:03.660 | INFO     | image_utils.adapter.overlay:_log_both:117 - Overlay metadata saved: M:\CALife\CAShop - 구매대행\_code\scripts\xloto\test\images\02_overlay_meta.json
2025-10-25 09:46:03.664 | SUCCESS  | oto.adapter.oto:run:540 - ✅ Overlay completed (Adapter handled save/meta)
2025-10-25 09:46:03.665 | INFO     | oto.adapter.oto:run:544 - 
================================================================================
2025-10-25 09:46:03.666 | SUCCESS  | oto.adapter.oto:run:545 - ✅ Oto Pipeline Completed: 02.jpg
2025-10-25 09:46:03.667 | INFO     | oto.adapter.oto:run:546 - ================================================================================

2025-10-25 09:46:03.670 | SUCCESS  | scripts.xloto.adapter.xloto:run:414 -       Saved to: M:\CALife\CAShop - 구매대행\_code\scripts\xloto\test\images\CAPEA-001\output\02.jpg
2025-10-25 09:46:03.671 | INFO     | scripts.xloto.adapter.xloto:run:402 -     [3/4] 01.jpg
2025-10-25 09:46:03.671 | DEBUG    | scripts.xloto.adapter.xloto:run:406 -       Override: directory=M:\CALife\CAShop - 구매대행\_code\scripts\xloto\test\images\CAPEA-001\output, filename=01.jpg
2025-10-25 09:46:03.672 | INFO     | oto.adapter.oto:run:376 - ================================================================================
2025-10-25 09:46:03.673 | INFO     | oto.adapter.oto:run:377 - 🖼️  Oto Pipeline: 01.jpg
2025-10-25 09:46:03.673 | INFO     | oto.adapter.oto:run:378 - ================================================================================

2025-10-25 09:46:03.674 | INFO     | oto.adapter.oto:run:383 - [0/5] ImageLoad: Loading image...
2025-10-25 09:46:03.675 | INFO     | image_utils.adapter.load:_log_both:88 - Loading from: M:\CALife\CAShop - 구매대행\_code\scripts\xloto\test\images\CAPEA-001\input\01.jpg
2025-10-25 09:46:03.696 | SUCCESS  | image_utils.adapter.load:_log_both:88 - Completed: (1500, 2322) -> (1500, 2322)
2025-10-25 09:46:03.699 | SUCCESS  | oto.adapter.oto:run:409 - ✅ Image loaded: (1500, 2322) RGB
2025-10-25 09:46:03.700 | INFO     | oto.adapter.oto:run:414 - 
[1/5] ImageTextRecognize: Running OCR...
2025-10-25 09:46:03.701 | INFO     | image_utils.adapter.text_recognize:run:226 - Running OCR on image: (1500, 2322) RGB
2025-10-25 09:46:16.891 | INFO     | image_utils.adapter.text_recognize:run:254 - OCR detected 13 items
2025-10-25 09:46:16.893 | DEBUG    | image_utils.adapter.text_recognize:_postprocess_items:464 - Stripped special chars: '200W/PD快充新高度' -> '200W PD快充新高度'
2025-10-25 09:46:16.893 | INFO     | image_utils.adapter.text_recognize:_postprocess_items:474 - Filtered alphanumeric-only items: 13 -> 12
2025-10-25 09:46:16.894 | SUCCESS  | image_utils.adapter.text_recognize:run:259 - OCR completed: 12 items after postprocessing
2025-10-25 09:46:16.896 | SUCCESS  | oto.adapter.oto:run:435 - ✅ OCR completed: 12 items
2025-10-25 09:46:16.896 | INFO     | oto.adapter.oto:run:445 - 
[2/5] Translate: Translating texts...
2025-10-25 09:46:16.897 | INFO     | oto.adapter.oto:run:455 -   Original texts: 12
2025-10-25 09:46:16.897 | INFO     | translate_utils.adapter.translate:run:251 - [Translate] Translating 12 texts
2025-10-25 09:46:16.898 | INFO     | translate_utils.services.pipeline:run:89 - [Pipeline] Translating 9 uncached segments (bulk)
2025-10-25 09:46:17.226 | SUCCESS  | translate_utils.adapter.translate:run:302 - [Translate] Completed: 9 translations
2025-10-25 09:46:17.227 | SUCCESS  | oto.adapter.oto:run:488 - ✅ Translation completed: 9 texts
2025-10-25 09:46:17.228 | INFO     | oto.adapter.oto:run:493 - 
[3/5] Conversion: OCRItem → OverlayItem...
2025-10-25 09:46:17.229 | SUCCESS  | oto.adapter.oto:run:509 - ✅ Converted: 12 overlay items
2025-10-25 09:46:17.230 | INFO     | oto.adapter.oto:run:514 - 
[4/5] ImageOverlay: Rendering overlay + saving...
2025-10-25 09:46:17.232 | INFO     | image_utils.adapter.overlay:run:206 - Overlaying 12 items on image (1500, 2322)...
2025-10-25 09:46:17.284 | DEBUG    | image_utils.adapter.overlay:run:253 - Compositing layers...
2025-10-25 09:46:17.320 | SUCCESS  | image_utils.adapter.overlay:run:274 - Overlay completed: 12 items rendered
2025-10-25 09:46:17.322 | ERROR    | image_utils.adapter.overlay:_log_both:117 - Failed to save overlaid image: unknown file extension: 
2025-10-25 09:46:17.327 | INFO     | image_utils.adapter.overlay:_log_both:117 - Overlay metadata saved: M:\CALife\CAShop - 구매대행\_code\scripts\xloto\test\images\01_overlay_meta.json
2025-10-25 09:46:17.331 | SUCCESS  | oto.adapter.oto:run:540 - ✅ Overlay completed (Adapter handled save/meta)
2025-10-25 09:46:17.332 | INFO     | oto.adapter.oto:run:544 - 
================================================================================
2025-10-25 09:46:17.333 | SUCCESS  | oto.adapter.oto:run:545 - ✅ Oto Pipeline Completed: 01.jpg
2025-10-25 09:46:17.334 | INFO     | oto.adapter.oto:run:546 - ================================================================================

2025-10-25 09:46:17.337 | SUCCESS  | scripts.xloto.adapter.xloto:run:414 -       Saved to: M:\CALife\CAShop - 구매대행\_code\scripts\xloto\test\images\CAPEA-001\output\01.jpg
2025-10-25 09:46:17.338 | INFO     | scripts.xloto.adapter.xloto:run:402 -     [4/4] 02.jpg
2025-10-25 09:46:17.339 | DEBUG    | scripts.xloto.adapter.xloto:run:406 -       Override: directory=M:\CALife\CAShop - 구매대행\_code\scripts\xloto\test\images\CAPEA-001\output, filename=02.jpg
2025-10-25 09:46:17.340 | INFO     | oto.adapter.oto:run:376 - ================================================================================
2025-10-25 09:46:17.341 | INFO     | oto.adapter.oto:run:377 - 🖼️  Oto Pipeline: 02.jpg
2025-10-25 09:46:17.341 | INFO     | oto.adapter.oto:run:378 - ================================================================================

2025-10-25 09:46:17.342 | INFO     | oto.adapter.oto:run:383 - [0/5] ImageLoad: Loading image...
2025-10-25 09:46:17.344 | INFO     | image_utils.adapter.load:_log_both:88 - Loading from: M:\CALife\CAShop - 구매대행\_code\scripts\xloto\test\images\CAPEA-001\input\02.jpg
2025-10-25 09:46:17.368 | SUCCESS  | image_utils.adapter.load:_log_both:88 - Completed: (1500, 2322) -> (1500, 2322)
2025-10-25 09:46:17.371 | SUCCESS  | oto.adapter.oto:run:409 - ✅ Image loaded: (1500, 2322) RGB
2025-10-25 09:46:17.372 | INFO     | oto.adapter.oto:run:414 - 
[1/5] ImageTextRecognize: Running OCR...
2025-10-25 09:46:17.373 | INFO     | image_utils.adapter.text_recognize:run:226 - Running OCR on image: (1500, 2322) RGB
2025-10-25 09:46:30.595 | INFO     | image_utils.adapter.text_recognize:run:254 - OCR detected 13 items
2025-10-25 09:46:30.596 | DEBUG    | image_utils.adapter.text_recognize:_postprocess_items:464 - Stripped special chars: '200W/PD快充新高度' -> '200W PD快充新高度'
2025-10-25 09:46:30.596 | INFO     | image_utils.adapter.text_recognize:_postprocess_items:474 - Filtered alphanumeric-only items: 13 -> 12
2025-10-25 09:46:30.598 | SUCCESS  | image_utils.adapter.text_recognize:run:259 - OCR completed: 12 items after postprocessing
2025-10-25 09:46:30.599 | SUCCESS  | oto.adapter.oto:run:435 - ✅ OCR completed: 12 items
2025-10-25 09:46:30.600 | INFO     | oto.adapter.oto:run:445 - 
[2/5] Translate: Translating texts...
2025-10-25 09:46:30.601 | INFO     | oto.adapter.oto:run:455 -   Original texts: 12
2025-10-25 09:46:30.602 | INFO     | translate_utils.adapter.translate:run:251 - [Translate] Translating 12 texts
2025-10-25 09:46:30.602 | INFO     | translate_utils.services.pipeline:run:89 - [Pipeline] Translating 9 uncached segments (bulk)
2025-10-25 09:46:30.928 | SUCCESS  | translate_utils.adapter.translate:run:302 - [Translate] Completed: 9 translations
2025-10-25 09:46:30.930 | SUCCESS  | oto.adapter.oto:run:488 - ✅ Translation completed: 9 texts
2025-10-25 09:46:30.931 | INFO     | oto.adapter.oto:run:493 - 
[3/5] Conversion: OCRItem → OverlayItem...
2025-10-25 09:46:30.932 | SUCCESS  | oto.adapter.oto:run:509 - ✅ Converted: 12 overlay items
2025-10-25 09:46:30.933 | INFO     | oto.adapter.oto:run:514 - 
[4/5] ImageOverlay: Rendering overlay + saving...
2025-10-25 09:46:30.934 | INFO     | image_utils.adapter.overlay:run:206 - Overlaying 12 items on image (1500, 2322)...
2025-10-25 09:46:30.995 | DEBUG    | image_utils.adapter.overlay:run:253 - Compositing layers...
2025-10-25 09:46:31.033 | SUCCESS  | image_utils.adapter.overlay:run:274 - Overlay completed: 12 items rendered
2025-10-25 09:46:31.035 | ERROR    | image_utils.adapter.overlay:_log_both:117 - Failed to save overlaid image: unknown file extension: 
2025-10-25 09:46:31.039 | INFO     | image_utils.adapter.overlay:_log_both:117 - Overlay metadata saved: M:\CALife\CAShop - 구매대행\_code\scripts\xloto\test\images\02_overlay_meta.json
2025-10-25 09:46:31.043 | SUCCESS  | oto.adapter.oto:run:540 - ✅ Overlay completed (Adapter handled save/meta)
2025-10-25 09:46:31.044 | INFO     | oto.adapter.oto:run:544 - 
================================================================================
2025-10-25 09:46:31.045 | SUCCESS  | oto.adapter.oto:run:545 - ✅ Oto Pipeline Completed: 02.jpg
2025-10-25 09:46:31.045 | INFO     | oto.adapter.oto:run:546 - ================================================================================

2025-10-25 09:46:31.049 | SUCCESS  | scripts.xloto.adapter.xloto:run:414 -       Saved to: M:\CALife\CAShop - 구매대행\_code\scripts\xloto\test\images\CAPEA-001\output\02.jpg
2025-10-25 09:46:31.049 | SUCCESS  | scripts.xloto.adapter.xloto:run:422 -     Processed: 4/4
2025-10-25 09:46:31.050 | INFO     | scripts.xloto.adapter.xloto:run:441 - [4/4] Updating Excel...
2025-10-25 09:46:31.051 | DEBUG    | scripts.xloto.adapter.xloto:excel_updater:266 - ExcelUpdater created
2025-10-25 09:46:31.086 | SUCCESS  | scripts.xloto.adapter.xloto:run:449 -   Updated 0 cells
2025-10-25 09:46:31.487 | DEBUG    | xl_utils.adapter.excel_load:close:330 - Excel file closed
2025-10-25 09:46:31.489 | INFO     | scripts.xloto.adapter.xloto:run:453 - ================================================================================
2025-10-25 09:46:31.490 | SUCCESS  | scripts.xloto.adapter.xloto:run:454 - XLOTO Pipeline Completed
2025-10-25 09:46:31.491 | INFO     | scripts.xloto.adapter.xloto:run:455 -    Total: 1
2025-10-25 09:46:31.492 | INFO     | scripts.xloto.adapter.xloto:run:456 -    Processed: 1
2025-10-25 09:46:31.493 | INFO     | scripts.xloto.adapter.xloto:run:457 - ================================================================================
2025-10-25 09:46:31.529 | DEBUG    | translate_utils.adapter.translate:close:315 - Provider closed
2025-10-25 09:48:03.244 | DEBUG    | scripts.xloto.adapter.xloto:__init__:209 - XLOTO adapter initialized
2025-10-25 09:48:03.244 | INFO     | scripts.xloto.adapter.xloto:run:314 - ================================================================================
2025-10-25 09:48:03.245 | INFO     | scripts.xloto.adapter.xloto:run:315 - XLOTO Pipeline Starting
2025-10-25 09:48:03.246 | INFO     | scripts.xloto.adapter.xloto:run:316 - ================================================================================
2025-10-25 09:48:03.246 | INFO     | scripts.xloto.adapter.xloto:run:321 - [1/4] Loading Excel file...
2025-10-25 09:48:03.246 | DEBUG    | scripts.xloto.adapter.xloto:run:325 -   Excel path from policy: M:/CALife/CAShop - 구매대행/_code/scripts/xloto/test/01.All Product List.xlsx
2025-10-25 09:48:03.258 | INFO     | xl_utils.adapter.excel_load:__init__:118 - ExcelLoad initialized (app mode)
2025-10-25 09:48:03.259 | DEBUG    | xl_utils.adapter.excel_load:open:172 - Opening Excel App (app mode)
2025-10-25 09:48:04.538 | INFO     | xl_utils.adapter.excel_load:open:198 - Excel App opened (app mode)
2025-10-25 09:48:04.539 | DEBUG    | xl_utils.adapter.excel_load:open_workbook:230 - Opening workbook: 01.All Product List.xlsx
2025-10-25 09:48:05.017 | INFO     | xl_utils.adapter.excel_load:open_workbook:240 - Workbook opened: 01.All Product List.xlsx
2025-10-25 09:48:05.018 | DEBUG    | xl_utils.adapter.excel_load:get_worksheet:298 - Accessing worksheet: Purchase
2025-10-25 09:48:05.259 | INFO     | xl_utils.adapter.excel_load:get_worksheet:312 - Worksheet accessed: Purchase
2025-10-25 09:48:05.293 | SUCCESS  | scripts.xloto.adapter.xloto:run:346 -   Loaded DataFrame: 4 rows
2025-10-25 09:48:05.294 | INFO     | scripts.xloto.adapter.xloto:run:351 - [2/4] Extracting CAS No...
2025-10-25 09:48:05.295 | DEBUG    | scripts.xloto.adapter.xloto:cas_extractor:258 - CasExtractor created
2025-10-25 09:48:05.301 | SUCCESS  | scripts.xloto.adapter.xloto:run:359 -   Extracted 1 CAS No
2025-10-25 09:48:05.302 | DEBUG    | scripts.xloto.adapter.xloto:run:360 -   CAS List: [{'cas_no': 'CAPEA-001', 'translation_row': 3, 'translation_col': None}]
2025-10-25 09:48:05.303 | INFO     | scripts.xloto.adapter.xloto:run:371 - [3/4] Processing 1 CAS No...
2025-10-25 09:48:05.303 | INFO     | scripts.xloto.adapter.xloto:run:378 -   [1/1] Processing: CAPEA-001
2025-10-25 09:48:05.305 | DEBUG    | scripts.xloto.adapter.xloto:image_manager:247 - ImageFileManager created
2025-10-25 09:48:05.308 | INFO     | scripts.xloto.adapter.xloto:run:393 -     Found 4 images
2025-10-25 09:48:05.308 | INFO     | scripts.xloto.adapter.xloto:run:402 -     [1/4] 01.jpg
2025-10-25 09:48:05.309 | DEBUG    | scripts.xloto.adapter.xloto:run:406 -       Override: directory=M:\CALife\CAShop - 구매대행\_code\scripts\xloto\test\images\CAPEA-001\output, filename=01.jpg
2025-10-25 09:48:05.310 | DEBUG    | oto.adapter.oto:__init__:238 - Oto adapter initialized (parent logger only)
2025-10-25 09:48:05.311 | DEBUG    | scripts.xloto.adapter.xloto:OTO:235 - OTO adapter created
2025-10-25 09:48:05.312 | INFO     | oto.adapter.oto:run:375 - ================================================================================
2025-10-25 09:48:05.313 | INFO     | oto.adapter.oto:run:376 - 🖼️  Oto Pipeline: 01.jpg
2025-10-25 09:48:05.314 | INFO     | oto.adapter.oto:run:377 - ================================================================================

2025-10-25 09:48:05.314 | INFO     | oto.adapter.oto:run:382 - [0/5] ImageLoad: Loading image...
2025-10-25 09:48:05.319 | DEBUG    | image_utils.adapter.load:__init__:63 - ImageLoad initialized with dual logging
2025-10-25 09:48:05.321 | INFO     | image_utils.adapter.load:_log_both:88 - Loading from: M:\CALife\CAShop - 구매대행\_code\scripts\xloto\test\images\CAPEA-001\input\01.jpg
2025-10-25 09:48:05.364 | SUCCESS  | image_utils.adapter.load:_log_both:88 - Completed: (1500, 2322) -> (1500, 2322)
2025-10-25 09:48:05.368 | SUCCESS  | oto.adapter.oto:run:408 - ✅ Image loaded: (1500, 2322) RGB
2025-10-25 09:48:05.369 | INFO     | oto.adapter.oto:run:413 - 
[1/5] ImageTextRecognize: Running OCR...
2025-10-25 09:48:05.376 | DEBUG    | image_utils.adapter.text_recognize:__init__:96 - ImageTextRecognize initialized with dual logging
2025-10-25 09:48:05.377 | INFO     | image_utils.adapter.text_recognize:run:226 - Running OCR on image: (1500, 2322) RGB
2025-10-25 09:48:13.561 | INFO     | image_utils.adapter.text_recognize:_load_ocr_engine:150 - Initializing PaddleOCR: langs=['ch', 'en']
2025-10-25 09:48:13.562 | INFO     | image_utils.adapter.text_recognize:_load_ocr_engine:161 -   use_doc_orientation_classify: False
2025-10-25 09:48:13.563 | INFO     | image_utils.adapter.text_recognize:_load_ocr_engine:162 -   use_doc_unwarping: False
2025-10-25 09:48:27.464 | SUCCESS  | image_utils.adapter.text_recognize:_load_ocr_engine:165 - PaddleOCR initialized successfully
2025-10-25 09:48:38.214 | INFO     | image_utils.adapter.text_recognize:run:254 - OCR detected 13 items
2025-10-25 09:48:38.218 | DEBUG    | image_utils.adapter.text_recognize:_postprocess_items:464 - Stripped special chars: '200W/PD快充新高度' -> '200W PD快充新高度'
2025-10-25 09:48:38.222 | INFO     | image_utils.adapter.text_recognize:_postprocess_items:474 - Filtered alphanumeric-only items: 13 -> 12
2025-10-25 09:48:38.223 | SUCCESS  | image_utils.adapter.text_recognize:run:259 - OCR completed: 12 items after postprocessing
2025-10-25 09:48:38.225 | SUCCESS  | oto.adapter.oto:run:434 - ✅ OCR completed: 12 items
2025-10-25 09:48:38.226 | INFO     | oto.adapter.oto:run:444 - 
[2/5] Translate: Translating texts...
2025-10-25 09:48:38.226 | INFO     | oto.adapter.oto:run:454 -   Original texts: 12
2025-10-25 09:48:38.236 | DEBUG    | translate_utils.adapter.translate:__init__:106 - Translate initialized with dual logging
2025-10-25 09:48:38.239 | INFO     | translate_utils.adapter.translate:run:251 - [Translate] Translating 12 texts
2025-10-25 09:48:38.240 | DEBUG    | translate_utils.adapter.translate:pipeline:177 - Creating translation pipeline
2025-10-25 09:48:38.243 | DEBUG    | translate_utils.adapter.translate:provider:161 - Creating provider: deepl
2025-10-25 09:48:38.246 | SUCCESS  | translate_utils.adapter.translate:run:302 - [Translate] Completed: 9 translations
2025-10-25 09:48:38.246 | SUCCESS  | oto.adapter.oto:run:487 - ✅ Translation completed: 9 texts
2025-10-25 09:48:38.247 | INFO     | oto.adapter.oto:run:492 - 
[3/5] Conversion: OCRItem → OverlayItem...
2025-10-25 09:48:38.249 | SUCCESS  | oto.adapter.oto:run:508 - ✅ Converted: 12 overlay items
2025-10-25 09:48:38.250 | INFO     | oto.adapter.oto:run:513 - 
[4/5] ImageOverlay: Rendering overlay + saving...
2025-10-25 09:48:38.267 | DEBUG    | image_utils.adapter.overlay:__init__:88 - ImageOverlay initialized with dual logging
2025-10-25 09:48:38.270 | INFO     | image_utils.adapter.overlay:run:206 - Overlaying 12 items on image (1500, 2322)...
2025-10-25 09:48:38.333 | DEBUG    | image_utils.adapter.overlay:run:253 - Compositing layers...
2025-10-25 09:48:38.377 | SUCCESS  | image_utils.adapter.overlay:run:274 - Overlay completed: 12 items rendered
2025-10-25 09:48:38.453 | ERROR    | image_utils.adapter.overlay:_log_both:117 - Failed to save overlaid image: unknown file extension: 
2025-10-25 09:48:38.456 | INFO     | image_utils.adapter.overlay:_log_both:117 - Overlay metadata saved: M:\CALife\CAShop - 구매대행\_code\scripts\xloto\test\images\01_overlay_meta.json
2025-10-25 09:48:38.461 | SUCCESS  | oto.adapter.oto:run:548 - ✅ Overlay completed (Adapter handled save/meta)
2025-10-25 09:48:38.462 | INFO     | oto.adapter.oto:run:552 - 
================================================================================
2025-10-25 09:48:38.464 | SUCCESS  | oto.adapter.oto:run:553 - ✅ Oto Pipeline Completed: 01.jpg
2025-10-25 09:48:38.464 | INFO     | oto.adapter.oto:run:554 - ================================================================================

2025-10-25 09:48:38.466 | SUCCESS  | scripts.xloto.adapter.xloto:run:414 -       Saved to: M:\CALife\CAShop - 구매대행\_code\scripts\xloto\test\images\CAPEA-001\output\01.jpg
2025-10-25 09:48:38.467 | INFO     | scripts.xloto.adapter.xloto:run:402 -     [2/4] 02.jpg
2025-10-25 09:48:38.467 | DEBUG    | scripts.xloto.adapter.xloto:run:406 -       Override: directory=M:\CALife\CAShop - 구매대행\_code\scripts\xloto\test\images\CAPEA-001\output, filename=02.jpg
2025-10-25 09:48:38.468 | INFO     | oto.adapter.oto:run:375 - ================================================================================
2025-10-25 09:48:38.468 | INFO     | oto.adapter.oto:run:376 - 🖼️  Oto Pipeline: 02.jpg
2025-10-25 09:48:38.469 | INFO     | oto.adapter.oto:run:377 - ================================================================================

2025-10-25 09:48:38.470 | INFO     | oto.adapter.oto:run:382 - [0/5] ImageLoad: Loading image...
2025-10-25 09:48:38.471 | INFO     | image_utils.adapter.load:_log_both:88 - Loading from: M:\CALife\CAShop - 구매대행\_code\scripts\xloto\test\images\CAPEA-001\input\02.jpg
2025-10-25 09:48:38.497 | SUCCESS  | image_utils.adapter.load:_log_both:88 - Completed: (1500, 2322) -> (1500, 2322)
2025-10-25 09:48:38.500 | SUCCESS  | oto.adapter.oto:run:408 - ✅ Image loaded: (1500, 2322) RGB
2025-10-25 09:48:38.501 | INFO     | oto.adapter.oto:run:413 - 
[1/5] ImageTextRecognize: Running OCR...
2025-10-25 09:48:38.503 | INFO     | image_utils.adapter.text_recognize:run:226 - Running OCR on image: (1500, 2322) RGB
2025-10-25 09:48:50.340 | INFO     | image_utils.adapter.text_recognize:run:254 - OCR detected 13 items
2025-10-25 09:48:50.342 | DEBUG    | image_utils.adapter.text_recognize:_postprocess_items:464 - Stripped special chars: '200W/PD快充新高度' -> '200W PD快充新高度'
2025-10-25 09:48:50.343 | INFO     | image_utils.adapter.text_recognize:_postprocess_items:474 - Filtered alphanumeric-only items: 13 -> 12
2025-10-25 09:48:50.344 | SUCCESS  | image_utils.adapter.text_recognize:run:259 - OCR completed: 12 items after postprocessing
2025-10-25 09:48:50.345 | SUCCESS  | oto.adapter.oto:run:434 - ✅ OCR completed: 12 items
2025-10-25 09:48:50.346 | INFO     | oto.adapter.oto:run:444 - 
[2/5] Translate: Translating texts...
2025-10-25 09:48:50.348 | INFO     | oto.adapter.oto:run:454 -   Original texts: 12
2025-10-25 09:48:50.349 | INFO     | translate_utils.adapter.translate:run:251 - [Translate] Translating 12 texts
2025-10-25 09:48:50.349 | INFO     | translate_utils.services.pipeline:run:89 - [Pipeline] Translating 9 uncached segments (bulk)
2025-10-25 09:48:51.207 | SUCCESS  | translate_utils.adapter.translate:run:302 - [Translate] Completed: 9 translations
2025-10-25 09:48:51.208 | SUCCESS  | oto.adapter.oto:run:487 - ✅ Translation completed: 9 texts
2025-10-25 09:48:51.209 | INFO     | oto.adapter.oto:run:492 - 
[3/5] Conversion: OCRItem → OverlayItem...
2025-10-25 09:48:51.211 | SUCCESS  | oto.adapter.oto:run:508 - ✅ Converted: 12 overlay items
2025-10-25 09:48:51.213 | INFO     | oto.adapter.oto:run:513 - 
[4/5] ImageOverlay: Rendering overlay + saving...
2025-10-25 09:48:51.215 | INFO     | image_utils.adapter.overlay:run:206 - Overlaying 12 items on image (1500, 2322)...
2025-10-25 09:48:51.303 | DEBUG    | image_utils.adapter.overlay:run:253 - Compositing layers...
2025-10-25 09:48:51.354 | SUCCESS  | image_utils.adapter.overlay:run:274 - Overlay completed: 12 items rendered
2025-10-25 09:48:51.356 | ERROR    | image_utils.adapter.overlay:_log_both:117 - Failed to save overlaid image: unknown file extension: 
2025-10-25 09:48:51.362 | INFO     | image_utils.adapter.overlay:_log_both:117 - Overlay metadata saved: M:\CALife\CAShop - 구매대행\_code\scripts\xloto\test\images\02_overlay_meta.json
2025-10-25 09:48:51.366 | SUCCESS  | oto.adapter.oto:run:548 - ✅ Overlay completed (Adapter handled save/meta)
2025-10-25 09:48:51.367 | INFO     | oto.adapter.oto:run:552 - 
================================================================================
2025-10-25 09:48:51.368 | SUCCESS  | oto.adapter.oto:run:553 - ✅ Oto Pipeline Completed: 02.jpg
2025-10-25 09:48:51.369 | INFO     | oto.adapter.oto:run:554 - ================================================================================

2025-10-25 09:48:51.374 | SUCCESS  | scripts.xloto.adapter.xloto:run:414 -       Saved to: M:\CALife\CAShop - 구매대행\_code\scripts\xloto\test\images\CAPEA-001\output\02.jpg
2025-10-25 09:48:51.374 | INFO     | scripts.xloto.adapter.xloto:run:402 -     [3/4] 01.jpg
2025-10-25 09:48:51.375 | DEBUG    | scripts.xloto.adapter.xloto:run:406 -       Override: directory=M:\CALife\CAShop - 구매대행\_code\scripts\xloto\test\images\CAPEA-001\output, filename=01.jpg
2025-10-25 09:48:51.376 | INFO     | oto.adapter.oto:run:375 - ================================================================================
2025-10-25 09:48:51.376 | INFO     | oto.adapter.oto:run:376 - 🖼️  Oto Pipeline: 01.jpg
2025-10-25 09:48:51.377 | INFO     | oto.adapter.oto:run:377 - ================================================================================

2025-10-25 09:48:51.377 | INFO     | oto.adapter.oto:run:382 - [0/5] ImageLoad: Loading image...
2025-10-25 09:48:51.379 | INFO     | image_utils.adapter.load:_log_both:88 - Loading from: M:\CALife\CAShop - 구매대행\_code\scripts\xloto\test\images\CAPEA-001\input\01.jpg
2025-10-25 09:48:51.414 | SUCCESS  | image_utils.adapter.load:_log_both:88 - Completed: (1500, 2322) -> (1500, 2322)
2025-10-25 09:48:51.417 | SUCCESS  | oto.adapter.oto:run:408 - ✅ Image loaded: (1500, 2322) RGB
2025-10-25 09:48:51.418 | INFO     | oto.adapter.oto:run:413 - 
[1/5] ImageTextRecognize: Running OCR...
2025-10-25 09:48:51.419 | INFO     | image_utils.adapter.text_recognize:run:226 - Running OCR on image: (1500, 2322) RGB
2025-10-25 09:49:04.168 | INFO     | image_utils.adapter.text_recognize:run:254 - OCR detected 13 items
2025-10-25 09:49:04.169 | DEBUG    | image_utils.adapter.text_recognize:_postprocess_items:464 - Stripped special chars: '200W/PD快充新高度' -> '200W PD快充新高度'
2025-10-25 09:49:04.169 | INFO     | image_utils.adapter.text_recognize:_postprocess_items:474 - Filtered alphanumeric-only items: 13 -> 12
2025-10-25 09:49:04.170 | SUCCESS  | image_utils.adapter.text_recognize:run:259 - OCR completed: 12 items after postprocessing
2025-10-25 09:49:04.171 | SUCCESS  | oto.adapter.oto:run:434 - ✅ OCR completed: 12 items
2025-10-25 09:49:04.172 | INFO     | oto.adapter.oto:run:444 - 
[2/5] Translate: Translating texts...
2025-10-25 09:49:04.172 | INFO     | oto.adapter.oto:run:454 -   Original texts: 12
2025-10-25 09:49:04.173 | INFO     | translate_utils.adapter.translate:run:251 - [Translate] Translating 12 texts
2025-10-25 09:49:04.174 | INFO     | translate_utils.services.pipeline:run:89 - [Pipeline] Translating 9 uncached segments (bulk)
2025-10-25 09:49:04.491 | SUCCESS  | translate_utils.adapter.translate:run:302 - [Translate] Completed: 9 translations
2025-10-25 09:49:04.492 | SUCCESS  | oto.adapter.oto:run:487 - ✅ Translation completed: 9 texts
2025-10-25 09:49:04.493 | INFO     | oto.adapter.oto:run:492 - 
[3/5] Conversion: OCRItem → OverlayItem...
2025-10-25 09:49:04.495 | SUCCESS  | oto.adapter.oto:run:508 - ✅ Converted: 12 overlay items
2025-10-25 09:49:04.496 | INFO     | oto.adapter.oto:run:513 - 
[4/5] ImageOverlay: Rendering overlay + saving...
2025-10-25 09:49:04.500 | INFO     | image_utils.adapter.overlay:run:206 - Overlaying 12 items on image (1500, 2322)...
2025-10-25 09:49:04.552 | DEBUG    | image_utils.adapter.overlay:run:253 - Compositing layers...
2025-10-25 09:49:04.581 | SUCCESS  | image_utils.adapter.overlay:run:274 - Overlay completed: 12 items rendered
2025-10-25 09:49:04.584 | ERROR    | image_utils.adapter.overlay:_log_both:117 - Failed to save overlaid image: unknown file extension: 
2025-10-25 09:49:04.591 | INFO     | image_utils.adapter.overlay:_log_both:117 - Overlay metadata saved: M:\CALife\CAShop - 구매대행\_code\scripts\xloto\test\images\01_overlay_meta.json
2025-10-25 09:49:04.594 | SUCCESS  | oto.adapter.oto:run:548 - ✅ Overlay completed (Adapter handled save/meta)
2025-10-25 09:49:04.595 | INFO     | oto.adapter.oto:run:552 - 
================================================================================
2025-10-25 09:49:04.596 | SUCCESS  | oto.adapter.oto:run:553 - ✅ Oto Pipeline Completed: 01.jpg
2025-10-25 09:49:04.596 | INFO     | oto.adapter.oto:run:554 - ================================================================================

2025-10-25 09:49:04.599 | SUCCESS  | scripts.xloto.adapter.xloto:run:414 -       Saved to: M:\CALife\CAShop - 구매대행\_code\scripts\xloto\test\images\CAPEA-001\output\01.jpg
2025-10-25 09:49:04.600 | INFO     | scripts.xloto.adapter.xloto:run:402 -     [4/4] 02.jpg
2025-10-25 09:49:04.600 | DEBUG    | scripts.xloto.adapter.xloto:run:406 -       Override: directory=M:\CALife\CAShop - 구매대행\_code\scripts\xloto\test\images\CAPEA-001\output, filename=02.jpg
2025-10-25 09:49:04.601 | INFO     | oto.adapter.oto:run:375 - ================================================================================
2025-10-25 09:49:04.601 | INFO     | oto.adapter.oto:run:376 - 🖼️  Oto Pipeline: 02.jpg
2025-10-25 09:49:04.602 | INFO     | oto.adapter.oto:run:377 - ================================================================================

2025-10-25 09:49:04.602 | INFO     | oto.adapter.oto:run:382 - [0/5] ImageLoad: Loading image...
2025-10-25 09:49:04.604 | INFO     | image_utils.adapter.load:_log_both:88 - Loading from: M:\CALife\CAShop - 구매대행\_code\scripts\xloto\test\images\CAPEA-001\input\02.jpg
2025-10-25 09:49:04.628 | SUCCESS  | image_utils.adapter.load:_log_both:88 - Completed: (1500, 2322) -> (1500, 2322)
2025-10-25 09:49:04.630 | SUCCESS  | oto.adapter.oto:run:408 - ✅ Image loaded: (1500, 2322) RGB
2025-10-25 09:49:04.632 | INFO     | oto.adapter.oto:run:413 - 
[1/5] ImageTextRecognize: Running OCR...
2025-10-25 09:49:04.633 | INFO     | image_utils.adapter.text_recognize:run:226 - Running OCR on image: (1500, 2322) RGB
2025-10-25 09:49:15.520 | INFO     | image_utils.adapter.text_recognize:run:254 - OCR detected 13 items
2025-10-25 09:49:15.522 | DEBUG    | image_utils.adapter.text_recognize:_postprocess_items:464 - Stripped special chars: '200W/PD快充新高度' -> '200W PD快充新高度'
2025-10-25 09:49:15.523 | INFO     | image_utils.adapter.text_recognize:_postprocess_items:474 - Filtered alphanumeric-only items: 13 -> 12
2025-10-25 09:49:15.524 | SUCCESS  | image_utils.adapter.text_recognize:run:259 - OCR completed: 12 items after postprocessing
2025-10-25 09:49:15.525 | SUCCESS  | oto.adapter.oto:run:434 - ✅ OCR completed: 12 items
2025-10-25 09:49:15.526 | INFO     | oto.adapter.oto:run:444 - 
[2/5] Translate: Translating texts...
2025-10-25 09:49:15.526 | INFO     | oto.adapter.oto:run:454 -   Original texts: 12
2025-10-25 09:49:15.527 | INFO     | translate_utils.adapter.translate:run:251 - [Translate] Translating 12 texts
2025-10-25 09:49:15.528 | INFO     | translate_utils.services.pipeline:run:89 - [Pipeline] Translating 9 uncached segments (bulk)
2025-10-25 09:49:15.842 | SUCCESS  | translate_utils.adapter.translate:run:302 - [Translate] Completed: 9 translations
2025-10-25 09:49:15.843 | SUCCESS  | oto.adapter.oto:run:487 - ✅ Translation completed: 9 texts
2025-10-25 09:49:15.844 | INFO     | oto.adapter.oto:run:492 - 
[3/5] Conversion: OCRItem → OverlayItem...
2025-10-25 09:49:15.846 | SUCCESS  | oto.adapter.oto:run:508 - ✅ Converted: 12 overlay items
2025-10-25 09:49:15.847 | INFO     | oto.adapter.oto:run:513 - 
[4/5] ImageOverlay: Rendering overlay + saving...
2025-10-25 09:49:15.850 | INFO     | image_utils.adapter.overlay:run:206 - Overlaying 12 items on image (1500, 2322)...
2025-10-25 09:49:15.905 | DEBUG    | image_utils.adapter.overlay:run:253 - Compositing layers...
2025-10-25 09:49:15.939 | SUCCESS  | image_utils.adapter.overlay:run:274 - Overlay completed: 12 items rendered
2025-10-25 09:49:15.942 | ERROR    | image_utils.adapter.overlay:_log_both:117 - Failed to save overlaid image: unknown file extension: 
2025-10-25 09:49:15.948 | INFO     | image_utils.adapter.overlay:_log_both:117 - Overlay metadata saved: M:\CALife\CAShop - 구매대행\_code\scripts\xloto\test\images\02_overlay_meta.json
2025-10-25 09:49:15.952 | SUCCESS  | oto.adapter.oto:run:548 - ✅ Overlay completed (Adapter handled save/meta)
2025-10-25 09:49:15.953 | INFO     | oto.adapter.oto:run:552 - 
================================================================================
2025-10-25 09:49:15.954 | SUCCESS  | oto.adapter.oto:run:553 - ✅ Oto Pipeline Completed: 02.jpg
2025-10-25 09:49:15.955 | INFO     | oto.adapter.oto:run:554 - ================================================================================

2025-10-25 09:49:15.958 | SUCCESS  | scripts.xloto.adapter.xloto:run:414 -       Saved to: M:\CALife\CAShop - 구매대행\_code\scripts\xloto\test\images\CAPEA-001\output\02.jpg
2025-10-25 09:49:15.958 | SUCCESS  | scripts.xloto.adapter.xloto:run:422 -     Processed: 4/4
2025-10-25 09:49:15.959 | INFO     | scripts.xloto.adapter.xloto:run:441 - [4/4] Updating Excel...
2025-10-25 09:49:15.960 | DEBUG    | scripts.xloto.adapter.xloto:excel_updater:266 - ExcelUpdater created
2025-10-25 09:49:15.996 | SUCCESS  | scripts.xloto.adapter.xloto:run:449 -   Updated 0 cells
2025-10-25 09:49:16.396 | DEBUG    | xl_utils.adapter.excel_load:close:330 - Excel file closed
2025-10-25 09:49:16.399 | INFO     | scripts.xloto.adapter.xloto:run:453 - ================================================================================
2025-10-25 09:49:16.400 | SUCCESS  | scripts.xloto.adapter.xloto:run:454 - XLOTO Pipeline Completed
2025-10-25 09:49:16.400 | INFO     | scripts.xloto.adapter.xloto:run:455 -    Total: 1
2025-10-25 09:49:16.401 | INFO     | scripts.xloto.adapter.xloto:run:456 -    Processed: 1
2025-10-25 09:49:16.402 | INFO     | scripts.xloto.adapter.xloto:run:457 - ================================================================================
2025-10-25 09:49:16.443 | DEBUG    | translate_utils.adapter.translate:close:315 - Provider closed
2025-10-25 09:52:34.345 | DEBUG    | scripts.xloto.adapter.xloto:__init__:209 - XLOTO adapter initialized
2025-10-25 09:52:34.345 | INFO     | scripts.xloto.adapter.xloto:run:314 - ================================================================================
2025-10-25 09:52:34.346 | INFO     | scripts.xloto.adapter.xloto:run:315 - XLOTO Pipeline Starting
2025-10-25 09:52:34.347 | INFO     | scripts.xloto.adapter.xloto:run:316 - ================================================================================
2025-10-25 09:52:34.349 | INFO     | scripts.xloto.adapter.xloto:run:321 - [1/4] Loading Excel file...
2025-10-25 09:52:34.350 | DEBUG    | scripts.xloto.adapter.xloto:run:325 -   Excel path from policy: M:/CALife/CAShop - 구매대행/_code/scripts/xloto/test/01.All Product List.xlsx
2025-10-25 09:52:34.363 | INFO     | xl_utils.adapter.excel_load:__init__:118 - ExcelLoad initialized (app mode)
2025-10-25 09:52:34.364 | DEBUG    | xl_utils.adapter.excel_load:open:172 - Opening Excel App (app mode)
2025-10-25 09:52:35.635 | INFO     | xl_utils.adapter.excel_load:open:198 - Excel App opened (app mode)
2025-10-25 09:52:35.638 | DEBUG    | xl_utils.adapter.excel_load:open_workbook:230 - Opening workbook: 01.All Product List.xlsx
2025-10-25 09:52:36.079 | INFO     | xl_utils.adapter.excel_load:open_workbook:240 - Workbook opened: 01.All Product List.xlsx
2025-10-25 09:52:36.080 | DEBUG    | xl_utils.adapter.excel_load:get_worksheet:298 - Accessing worksheet: Purchase
2025-10-25 09:52:36.316 | INFO     | xl_utils.adapter.excel_load:get_worksheet:312 - Worksheet accessed: Purchase
2025-10-25 09:52:36.349 | SUCCESS  | scripts.xloto.adapter.xloto:run:346 -   Loaded DataFrame: 4 rows
2025-10-25 09:52:36.350 | INFO     | scripts.xloto.adapter.xloto:run:351 - [2/4] Extracting CAS No...
2025-10-25 09:52:36.351 | DEBUG    | scripts.xloto.adapter.xloto:cas_extractor:258 - CasExtractor created
2025-10-25 09:52:36.357 | SUCCESS  | scripts.xloto.adapter.xloto:run:359 -   Extracted 1 CAS No
2025-10-25 09:52:36.357 | DEBUG    | scripts.xloto.adapter.xloto:run:360 -   CAS List: [{'cas_no': 'CAPEA-001', 'translation_row': 3, 'translation_col': None}]
2025-10-25 09:52:36.359 | INFO     | scripts.xloto.adapter.xloto:run:371 - [3/4] Processing 1 CAS No...
2025-10-25 09:52:36.360 | INFO     | scripts.xloto.adapter.xloto:run:378 -   [1/1] Processing: CAPEA-001
2025-10-25 09:52:36.362 | DEBUG    | scripts.xloto.adapter.xloto:image_manager:247 - ImageFileManager created
2025-10-25 09:52:36.366 | INFO     | scripts.xloto.adapter.xloto:run:393 -     Found 4 images
2025-10-25 09:52:36.366 | INFO     | scripts.xloto.adapter.xloto:run:402 -     [1/4] 01.jpg
2025-10-25 09:52:36.367 | DEBUG    | scripts.xloto.adapter.xloto:run:406 -       Override: directory=M:\CALife\CAShop - 구매대행\_code\scripts\xloto\test\images\CAPEA-001\output, filename=01.jpg
2025-10-25 09:52:36.368 | DEBUG    | oto.adapter.oto:__init__:238 - Oto adapter initialized (parent logger only)
2025-10-25 09:52:36.368 | DEBUG    | scripts.xloto.adapter.xloto:OTO:235 - OTO adapter created
2025-10-25 09:52:36.369 | INFO     | oto.adapter.oto:run:375 - ================================================================================
2025-10-25 09:52:36.369 | INFO     | oto.adapter.oto:run:376 - 🖼️  Oto Pipeline: 01.jpg
2025-10-25 09:52:36.370 | INFO     | oto.adapter.oto:run:377 - ================================================================================

2025-10-25 09:52:36.371 | INFO     | oto.adapter.oto:run:382 - [0/5] ImageLoad: Loading image...
2025-10-25 09:52:36.375 | DEBUG    | image_utils.adapter.load:__init__:63 - ImageLoad initialized with dual logging
2025-10-25 09:52:36.377 | INFO     | image_utils.adapter.load:_log_both:88 - Loading from: M:\CALife\CAShop - 구매대행\_code\scripts\xloto\test\images\CAPEA-001\input\01.jpg
2025-10-25 09:52:36.435 | SUCCESS  | image_utils.adapter.load:_log_both:88 - Completed: (1500, 2322) -> (1500, 2322)
2025-10-25 09:52:36.439 | SUCCESS  | oto.adapter.oto:run:408 - ✅ Image loaded: (1500, 2322) RGB
2025-10-25 09:52:36.440 | INFO     | oto.adapter.oto:run:413 - 
[1/5] ImageTextRecognize: Running OCR...
2025-10-25 09:52:36.450 | DEBUG    | image_utils.adapter.text_recognize:__init__:96 - ImageTextRecognize initialized with dual logging
2025-10-25 09:52:36.451 | INFO     | image_utils.adapter.text_recognize:run:226 - Running OCR on image: (1500, 2322) RGB
2025-10-25 09:52:44.471 | INFO     | image_utils.adapter.text_recognize:_load_ocr_engine:150 - Initializing PaddleOCR: langs=['ch', 'en']
2025-10-25 09:52:44.471 | INFO     | image_utils.adapter.text_recognize:_load_ocr_engine:161 -   use_doc_orientation_classify: False
2025-10-25 09:52:44.473 | INFO     | image_utils.adapter.text_recognize:_load_ocr_engine:162 -   use_doc_unwarping: False
2025-10-25 09:52:57.986 | SUCCESS  | image_utils.adapter.text_recognize:_load_ocr_engine:165 - PaddleOCR initialized successfully
2025-10-25 09:53:08.814 | INFO     | image_utils.adapter.text_recognize:run:254 - OCR detected 13 items
2025-10-25 09:53:08.816 | DEBUG    | image_utils.adapter.text_recognize:_postprocess_items:464 - Stripped special chars: '200W/PD快充新高度' -> '200W PD快充新高度'
2025-10-25 09:53:08.820 | INFO     | image_utils.adapter.text_recognize:_postprocess_items:474 - Filtered alphanumeric-only items: 13 -> 12
2025-10-25 09:53:08.822 | SUCCESS  | image_utils.adapter.text_recognize:run:259 - OCR completed: 12 items after postprocessing
2025-10-25 09:53:08.824 | SUCCESS  | oto.adapter.oto:run:434 - ✅ OCR completed: 12 items
2025-10-25 09:53:08.825 | INFO     | oto.adapter.oto:run:444 - 
[2/5] Translate: Translating texts...
2025-10-25 09:53:08.826 | INFO     | oto.adapter.oto:run:454 -   Original texts: 12
2025-10-25 09:53:08.833 | DEBUG    | translate_utils.adapter.translate:__init__:106 - Translate initialized with dual logging
2025-10-25 09:53:08.834 | INFO     | translate_utils.adapter.translate:run:251 - [Translate] Translating 12 texts
2025-10-25 09:53:08.835 | DEBUG    | translate_utils.adapter.translate:pipeline:177 - Creating translation pipeline
2025-10-25 09:53:08.837 | DEBUG    | translate_utils.adapter.translate:provider:161 - Creating provider: deepl
2025-10-25 09:53:08.841 | SUCCESS  | translate_utils.adapter.translate:run:302 - [Translate] Completed: 9 translations
2025-10-25 09:53:08.842 | SUCCESS  | oto.adapter.oto:run:487 - ✅ Translation completed: 9 texts
2025-10-25 09:53:08.842 | INFO     | oto.adapter.oto:run:492 - 
[3/5] Conversion: OCRItem → OverlayItem...
2025-10-25 09:53:08.843 | SUCCESS  | oto.adapter.oto:run:508 - ✅ Converted: 12 overlay items
2025-10-25 09:53:08.844 | INFO     | oto.adapter.oto:run:513 - 
[4/5] ImageOverlay: Rendering overlay + saving...
2025-10-25 09:53:08.852 | DEBUG    | image_utils.adapter.overlay:__init__:88 - ImageOverlay initialized with dual logging
2025-10-25 09:53:08.854 | INFO     | image_utils.adapter.overlay:run:206 - Overlaying 12 items on image (1500, 2322)...
2025-10-25 09:53:08.908 | DEBUG    | image_utils.adapter.overlay:run:253 - Compositing layers...
2025-10-25 09:53:08.952 | SUCCESS  | image_utils.adapter.overlay:run:274 - Overlay completed: 12 items rendered
2025-10-25 09:53:09.028 | ERROR    | image_utils.adapter.overlay:_log_both:117 - Failed to save overlaid image: unknown file extension: 
2025-10-25 09:53:09.032 | INFO     | image_utils.adapter.overlay:_log_both:117 - Overlay metadata saved: M:\CALife\CAShop - 구매대행\_code\scripts\xloto\test\images\01_overlay_meta.json
2025-10-25 09:53:09.035 | SUCCESS  | oto.adapter.oto:run:548 - ✅ Overlay completed (Adapter handled save/meta)
2025-10-25 09:53:09.036 | INFO     | oto.adapter.oto:run:552 - 
================================================================================
2025-10-25 09:53:09.037 | SUCCESS  | oto.adapter.oto:run:553 - ✅ Oto Pipeline Completed: 01.jpg
2025-10-25 09:53:09.037 | INFO     | oto.adapter.oto:run:554 - ================================================================================

2025-10-25 09:53:09.039 | SUCCESS  | scripts.xloto.adapter.xloto:run:414 -       Saved to: M:\CALife\CAShop - 구매대행\_code\scripts\xloto\test\images\CAPEA-001\output\01.jpg
2025-10-25 09:53:09.040 | INFO     | scripts.xloto.adapter.xloto:run:402 -     [2/4] 02.jpg
2025-10-25 09:53:09.040 | DEBUG    | scripts.xloto.adapter.xloto:run:406 -       Override: directory=M:\CALife\CAShop - 구매대행\_code\scripts\xloto\test\images\CAPEA-001\output, filename=02.jpg
2025-10-25 09:53:09.041 | INFO     | oto.adapter.oto:run:375 - ================================================================================
2025-10-25 09:53:09.041 | INFO     | oto.adapter.oto:run:376 - 🖼️  Oto Pipeline: 02.jpg
2025-10-25 09:53:09.042 | INFO     | oto.adapter.oto:run:377 - ================================================================================

2025-10-25 09:53:09.042 | INFO     | oto.adapter.oto:run:382 - [0/5] ImageLoad: Loading image...
2025-10-25 09:53:09.043 | INFO     | image_utils.adapter.load:_log_both:88 - Loading from: M:\CALife\CAShop - 구매대행\_code\scripts\xloto\test\images\CAPEA-001\input\02.jpg
2025-10-25 09:53:09.068 | SUCCESS  | image_utils.adapter.load:_log_both:88 - Completed: (1500, 2322) -> (1500, 2322)
2025-10-25 09:53:09.071 | SUCCESS  | oto.adapter.oto:run:408 - ✅ Image loaded: (1500, 2322) RGB
2025-10-25 09:53:09.072 | INFO     | oto.adapter.oto:run:413 - 
[1/5] ImageTextRecognize: Running OCR...
2025-10-25 09:53:09.073 | INFO     | image_utils.adapter.text_recognize:run:226 - Running OCR on image: (1500, 2322) RGB
2025-10-25 09:53:19.056 | INFO     | image_utils.adapter.text_recognize:run:254 - OCR detected 13 items
2025-10-25 09:53:19.057 | DEBUG    | image_utils.adapter.text_recognize:_postprocess_items:464 - Stripped special chars: '200W/PD快充新高度' -> '200W PD快充新高度'
2025-10-25 09:53:19.058 | INFO     | image_utils.adapter.text_recognize:_postprocess_items:474 - Filtered alphanumeric-only items: 13 -> 12
2025-10-25 09:53:19.060 | SUCCESS  | image_utils.adapter.text_recognize:run:259 - OCR completed: 12 items after postprocessing
2025-10-25 09:53:19.061 | SUCCESS  | oto.adapter.oto:run:434 - ✅ OCR completed: 12 items
2025-10-25 09:53:19.061 | INFO     | oto.adapter.oto:run:444 - 
[2/5] Translate: Translating texts...
2025-10-25 09:53:19.062 | INFO     | oto.adapter.oto:run:454 -   Original texts: 12
2025-10-25 09:53:19.062 | INFO     | translate_utils.adapter.translate:run:251 - [Translate] Translating 12 texts
2025-10-25 09:53:19.063 | INFO     | translate_utils.services.pipeline:run:89 - [Pipeline] Translating 9 uncached segments (bulk)
2025-10-25 09:53:19.855 | SUCCESS  | translate_utils.adapter.translate:run:302 - [Translate] Completed: 9 translations
2025-10-25 09:53:19.856 | SUCCESS  | oto.adapter.oto:run:487 - ✅ Translation completed: 9 texts
2025-10-25 09:53:19.856 | INFO     | oto.adapter.oto:run:492 - 
[3/5] Conversion: OCRItem → OverlayItem...
2025-10-25 09:53:19.857 | SUCCESS  | oto.adapter.oto:run:508 - ✅ Converted: 12 overlay items
2025-10-25 09:53:19.860 | INFO     | oto.adapter.oto:run:513 - 
[4/5] ImageOverlay: Rendering overlay + saving...
2025-10-25 09:53:19.862 | INFO     | image_utils.adapter.overlay:run:206 - Overlaying 12 items on image (1500, 2322)...
2025-10-25 09:53:19.929 | DEBUG    | image_utils.adapter.overlay:run:253 - Compositing layers...
2025-10-25 09:53:19.977 | SUCCESS  | image_utils.adapter.overlay:run:274 - Overlay completed: 12 items rendered
2025-10-25 09:53:19.979 | ERROR    | image_utils.adapter.overlay:_log_both:117 - Failed to save overlaid image: unknown file extension: 
2025-10-25 09:53:19.983 | INFO     | image_utils.adapter.overlay:_log_both:117 - Overlay metadata saved: M:\CALife\CAShop - 구매대행\_code\scripts\xloto\test\images\02_overlay_meta.json
2025-10-25 09:53:19.989 | SUCCESS  | oto.adapter.oto:run:548 - ✅ Overlay completed (Adapter handled save/meta)
2025-10-25 09:53:19.990 | INFO     | oto.adapter.oto:run:552 - 
================================================================================
2025-10-25 09:53:19.990 | SUCCESS  | oto.adapter.oto:run:553 - ✅ Oto Pipeline Completed: 02.jpg
2025-10-25 09:53:19.991 | INFO     | oto.adapter.oto:run:554 - ================================================================================

2025-10-25 09:53:19.994 | SUCCESS  | scripts.xloto.adapter.xloto:run:414 -       Saved to: M:\CALife\CAShop - 구매대행\_code\scripts\xloto\test\images\CAPEA-001\output\02.jpg
2025-10-25 09:53:19.995 | INFO     | scripts.xloto.adapter.xloto:run:402 -     [3/4] 01.jpg
2025-10-25 09:53:19.995 | DEBUG    | scripts.xloto.adapter.xloto:run:406 -       Override: directory=M:\CALife\CAShop - 구매대행\_code\scripts\xloto\test\images\CAPEA-001\output, filename=01.jpg
2025-10-25 09:53:19.995 | INFO     | oto.adapter.oto:run:375 - ================================================================================
2025-10-25 09:53:19.996 | INFO     | oto.adapter.oto:run:376 - 🖼️  Oto Pipeline: 01.jpg
2025-10-25 09:53:19.996 | INFO     | oto.adapter.oto:run:377 - ================================================================================

2025-10-25 09:53:19.996 | INFO     | oto.adapter.oto:run:382 - [0/5] ImageLoad: Loading image...
2025-10-25 09:53:19.998 | INFO     | image_utils.adapter.load:_log_both:88 - Loading from: M:\CALife\CAShop - 구매대행\_code\scripts\xloto\test\images\CAPEA-001\input\01.jpg
2025-10-25 09:53:20.024 | SUCCESS  | image_utils.adapter.load:_log_both:88 - Completed: (1500, 2322) -> (1500, 2322)
2025-10-25 09:53:20.027 | SUCCESS  | oto.adapter.oto:run:408 - ✅ Image loaded: (1500, 2322) RGB
2025-10-25 09:53:20.029 | INFO     | oto.adapter.oto:run:413 - 
[1/5] ImageTextRecognize: Running OCR...
2025-10-25 09:53:20.030 | INFO     | image_utils.adapter.text_recognize:run:226 - Running OCR on image: (1500, 2322) RGB
2025-10-25 09:53:30.113 | INFO     | image_utils.adapter.text_recognize:run:254 - OCR detected 13 items
2025-10-25 09:53:30.114 | DEBUG    | image_utils.adapter.text_recognize:_postprocess_items:464 - Stripped special chars: '200W/PD快充新高度' -> '200W PD快充新高度'
2025-10-25 09:53:30.114 | INFO     | image_utils.adapter.text_recognize:_postprocess_items:474 - Filtered alphanumeric-only items: 13 -> 12
2025-10-25 09:53:30.115 | SUCCESS  | image_utils.adapter.text_recognize:run:259 - OCR completed: 12 items after postprocessing
2025-10-25 09:53:30.116 | SUCCESS  | oto.adapter.oto:run:434 - ✅ OCR completed: 12 items
2025-10-25 09:53:30.116 | INFO     | oto.adapter.oto:run:444 - 
[2/5] Translate: Translating texts...
2025-10-25 09:53:30.118 | INFO     | oto.adapter.oto:run:454 -   Original texts: 12
2025-10-25 09:53:30.118 | INFO     | translate_utils.adapter.translate:run:251 - [Translate] Translating 12 texts
2025-10-25 09:53:30.119 | INFO     | translate_utils.services.pipeline:run:89 - [Pipeline] Translating 9 uncached segments (bulk)
2025-10-25 09:53:30.429 | SUCCESS  | translate_utils.adapter.translate:run:302 - [Translate] Completed: 9 translations
2025-10-25 09:53:30.431 | SUCCESS  | oto.adapter.oto:run:487 - ✅ Translation completed: 9 texts
2025-10-25 09:53:30.432 | INFO     | oto.adapter.oto:run:492 - 
[3/5] Conversion: OCRItem → OverlayItem...
2025-10-25 09:53:30.434 | SUCCESS  | oto.adapter.oto:run:508 - ✅ Converted: 12 overlay items
2025-10-25 09:53:30.436 | INFO     | oto.adapter.oto:run:513 - 
[4/5] ImageOverlay: Rendering overlay + saving...
2025-10-25 09:53:30.439 | INFO     | image_utils.adapter.overlay:run:206 - Overlaying 12 items on image (1500, 2322)...
2025-10-25 09:53:30.493 | DEBUG    | image_utils.adapter.overlay:run:253 - Compositing layers...
2025-10-25 09:53:30.532 | SUCCESS  | image_utils.adapter.overlay:run:274 - Overlay completed: 12 items rendered
2025-10-25 09:53:30.535 | ERROR    | image_utils.adapter.overlay:_log_both:117 - Failed to save overlaid image: unknown file extension: 
2025-10-25 09:53:30.538 | INFO     | image_utils.adapter.overlay:_log_both:117 - Overlay metadata saved: M:\CALife\CAShop - 구매대행\_code\scripts\xloto\test\images\01_overlay_meta.json
2025-10-25 09:53:30.542 | SUCCESS  | oto.adapter.oto:run:548 - ✅ Overlay completed (Adapter handled save/meta)
2025-10-25 09:53:30.543 | INFO     | oto.adapter.oto:run:552 - 
================================================================================
2025-10-25 09:53:30.544 | SUCCESS  | oto.adapter.oto:run:553 - ✅ Oto Pipeline Completed: 01.jpg
2025-10-25 09:53:30.545 | INFO     | oto.adapter.oto:run:554 - ================================================================================

2025-10-25 09:53:30.548 | SUCCESS  | scripts.xloto.adapter.xloto:run:414 -       Saved to: M:\CALife\CAShop - 구매대행\_code\scripts\xloto\test\images\CAPEA-001\output\01.jpg
2025-10-25 09:53:30.549 | INFO     | scripts.xloto.adapter.xloto:run:402 -     [4/4] 02.jpg
2025-10-25 09:53:30.550 | DEBUG    | scripts.xloto.adapter.xloto:run:406 -       Override: directory=M:\CALife\CAShop - 구매대행\_code\scripts\xloto\test\images\CAPEA-001\output, filename=02.jpg
2025-10-25 09:53:30.551 | INFO     | oto.adapter.oto:run:375 - ================================================================================
2025-10-25 09:53:30.551 | INFO     | oto.adapter.oto:run:376 - 🖼️  Oto Pipeline: 02.jpg
2025-10-25 09:53:30.552 | INFO     | oto.adapter.oto:run:377 - ================================================================================

2025-10-25 09:53:30.552 | INFO     | oto.adapter.oto:run:382 - [0/5] ImageLoad: Loading image...
2025-10-25 09:53:30.553 | INFO     | image_utils.adapter.load:_log_both:88 - Loading from: M:\CALife\CAShop - 구매대행\_code\scripts\xloto\test\images\CAPEA-001\input\02.jpg
2025-10-25 09:53:30.577 | SUCCESS  | image_utils.adapter.load:_log_both:88 - Completed: (1500, 2322) -> (1500, 2322)
2025-10-25 09:53:30.578 | SUCCESS  | oto.adapter.oto:run:408 - ✅ Image loaded: (1500, 2322) RGB
2025-10-25 09:53:30.580 | INFO     | oto.adapter.oto:run:413 - 
[1/5] ImageTextRecognize: Running OCR...
2025-10-25 09:53:30.580 | INFO     | image_utils.adapter.text_recognize:run:226 - Running OCR on image: (1500, 2322) RGB
2025-10-25 09:53:42.358 | INFO     | image_utils.adapter.text_recognize:run:254 - OCR detected 13 items
2025-10-25 09:53:42.358 | DEBUG    | image_utils.adapter.text_recognize:_postprocess_items:464 - Stripped special chars: '200W/PD快充新高度' -> '200W PD快充新高度'
2025-10-25 09:53:42.359 | INFO     | image_utils.adapter.text_recognize:_postprocess_items:474 - Filtered alphanumeric-only items: 13 -> 12
2025-10-25 09:53:42.360 | SUCCESS  | image_utils.adapter.text_recognize:run:259 - OCR completed: 12 items after postprocessing
2025-10-25 09:53:42.360 | SUCCESS  | oto.adapter.oto:run:434 - ✅ OCR completed: 12 items
2025-10-25 09:53:42.361 | INFO     | oto.adapter.oto:run:444 - 
[2/5] Translate: Translating texts...
2025-10-25 09:53:42.361 | INFO     | oto.adapter.oto:run:454 -   Original texts: 12
2025-10-25 09:53:42.362 | INFO     | translate_utils.adapter.translate:run:251 - [Translate] Translating 12 texts
2025-10-25 09:53:42.362 | INFO     | translate_utils.services.pipeline:run:89 - [Pipeline] Translating 9 uncached segments (bulk)
2025-10-25 09:53:42.671 | SUCCESS  | translate_utils.adapter.translate:run:302 - [Translate] Completed: 9 translations
2025-10-25 09:53:42.673 | SUCCESS  | oto.adapter.oto:run:487 - ✅ Translation completed: 9 texts
2025-10-25 09:53:42.674 | INFO     | oto.adapter.oto:run:492 - 
[3/5] Conversion: OCRItem → OverlayItem...
2025-10-25 09:53:42.676 | SUCCESS  | oto.adapter.oto:run:508 - ✅ Converted: 12 overlay items
2025-10-25 09:53:42.677 | INFO     | oto.adapter.oto:run:513 - 
[4/5] ImageOverlay: Rendering overlay + saving...
2025-10-25 09:53:42.679 | INFO     | image_utils.adapter.overlay:run:206 - Overlaying 12 items on image (1500, 2322)...
2025-10-25 09:53:42.737 | DEBUG    | image_utils.adapter.overlay:run:253 - Compositing layers...
2025-10-25 09:53:42.778 | SUCCESS  | image_utils.adapter.overlay:run:274 - Overlay completed: 12 items rendered
2025-10-25 09:53:42.780 | ERROR    | image_utils.adapter.overlay:_log_both:117 - Failed to save overlaid image: unknown file extension: 
2025-10-25 09:53:42.785 | INFO     | image_utils.adapter.overlay:_log_both:117 - Overlay metadata saved: M:\CALife\CAShop - 구매대행\_code\scripts\xloto\test\images\02_overlay_meta.json
2025-10-25 09:53:42.790 | SUCCESS  | oto.adapter.oto:run:548 - ✅ Overlay completed (Adapter handled save/meta)
2025-10-25 09:53:42.791 | INFO     | oto.adapter.oto:run:552 - 
================================================================================
2025-10-25 09:53:42.792 | SUCCESS  | oto.adapter.oto:run:553 - ✅ Oto Pipeline Completed: 02.jpg
2025-10-25 09:53:42.793 | INFO     | oto.adapter.oto:run:554 - ================================================================================

2025-10-25 09:53:42.796 | SUCCESS  | scripts.xloto.adapter.xloto:run:414 -       Saved to: M:\CALife\CAShop - 구매대행\_code\scripts\xloto\test\images\CAPEA-001\output\02.jpg
2025-10-25 09:53:42.797 | SUCCESS  | scripts.xloto.adapter.xloto:run:422 -     Processed: 4/4
2025-10-25 09:53:42.799 | INFO     | scripts.xloto.adapter.xloto:run:441 - [4/4] Updating Excel...
2025-10-25 09:53:42.800 | DEBUG    | scripts.xloto.adapter.xloto:excel_updater:266 - ExcelUpdater created
2025-10-25 09:53:42.848 | SUCCESS  | scripts.xloto.adapter.xloto:run:449 -   Updated 0 cells
2025-10-25 09:53:43.282 | DEBUG    | xl_utils.adapter.excel_load:close:330 - Excel file closed
2025-10-25 09:53:43.282 | INFO     | scripts.xloto.adapter.xloto:run:453 - ================================================================================
2025-10-25 09:53:43.283 | SUCCESS  | scripts.xloto.adapter.xloto:run:454 - XLOTO Pipeline Completed
2025-10-25 09:53:43.284 | INFO     | scripts.xloto.adapter.xloto:run:455 -    Total: 1
2025-10-25 09:53:43.284 | INFO     | scripts.xloto.adapter.xloto:run:456 -    Processed: 1
2025-10-25 09:53:43.285 | INFO     | scripts.xloto.adapter.xloto:run:457 - ================================================================================
2025-10-25 09:53:43.326 | DEBUG    | translate_utils.adapter.translate:close:315 - Provider closed
2025-10-25 09:56:56.608 | DEBUG    | scripts.xloto.adapter.xloto:__init__:209 - XLOTO adapter initialized
2025-10-25 09:56:56.608 | INFO     | scripts.xloto.adapter.xloto:run:314 - ================================================================================
2025-10-25 09:56:56.609 | INFO     | scripts.xloto.adapter.xloto:run:315 - XLOTO Pipeline Starting
2025-10-25 09:56:56.610 | INFO     | scripts.xloto.adapter.xloto:run:316 - ================================================================================
2025-10-25 09:56:56.611 | INFO     | scripts.xloto.adapter.xloto:run:321 - [1/4] Loading Excel file...
2025-10-25 09:56:56.611 | DEBUG    | scripts.xloto.adapter.xloto:run:325 -   Excel path from policy: M:/CALife/CAShop - 구매대행/_code/scripts/xloto/test/01.All Product List.xlsx
2025-10-25 09:56:56.624 | INFO     | xl_utils.adapter.excel_load:__init__:118 - ExcelLoad initialized (app mode)
2025-10-25 09:56:56.625 | DEBUG    | xl_utils.adapter.excel_load:open:172 - Opening Excel App (app mode)
2025-10-25 09:56:57.777 | INFO     | xl_utils.adapter.excel_load:open:198 - Excel App opened (app mode)
2025-10-25 09:56:57.779 | DEBUG    | xl_utils.adapter.excel_load:open_workbook:230 - Opening workbook: 01.All Product List.xlsx
2025-10-25 09:56:58.244 | INFO     | xl_utils.adapter.excel_load:open_workbook:240 - Workbook opened: 01.All Product List.xlsx
2025-10-25 09:56:58.245 | DEBUG    | xl_utils.adapter.excel_load:get_worksheet:298 - Accessing worksheet: Purchase
2025-10-25 09:56:58.485 | INFO     | xl_utils.adapter.excel_load:get_worksheet:312 - Worksheet accessed: Purchase
2025-10-25 09:56:58.527 | SUCCESS  | scripts.xloto.adapter.xloto:run:346 -   Loaded DataFrame: 4 rows
2025-10-25 09:56:58.527 | INFO     | scripts.xloto.adapter.xloto:run:351 - [2/4] Extracting CAS No...
2025-10-25 09:56:58.528 | DEBUG    | scripts.xloto.adapter.xloto:cas_extractor:258 - CasExtractor created
2025-10-25 09:56:58.533 | SUCCESS  | scripts.xloto.adapter.xloto:run:359 -   Extracted 1 CAS No
2025-10-25 09:56:58.533 | DEBUG    | scripts.xloto.adapter.xloto:run:360 -   CAS List: [{'cas_no': 'CAPEA-001', 'translation_row': 3, 'translation_col': None}]
2025-10-25 09:56:58.534 | INFO     | scripts.xloto.adapter.xloto:run:371 - [3/4] Processing 1 CAS No...
2025-10-25 09:56:58.535 | INFO     | scripts.xloto.adapter.xloto:run:378 -   [1/1] Processing: CAPEA-001
2025-10-25 09:56:58.537 | DEBUG    | scripts.xloto.adapter.xloto:image_manager:247 - ImageFileManager created
2025-10-25 09:56:58.541 | INFO     | scripts.xloto.adapter.xloto:run:393 -     Found 4 images
2025-10-25 09:56:58.542 | INFO     | scripts.xloto.adapter.xloto:run:402 -     [1/4] 01.jpg
2025-10-25 09:56:58.543 | DEBUG    | scripts.xloto.adapter.xloto:run:406 -       Override: directory=M:\CALife\CAShop - 구매대행\_code\scripts\xloto\test\images\CAPEA-001\output, filename=01.jpg
2025-10-25 09:56:58.544 | DEBUG    | oto.adapter.oto:__init__:238 - Oto adapter initialized (parent logger only)
2025-10-25 09:56:58.545 | DEBUG    | scripts.xloto.adapter.xloto:OTO:235 - OTO adapter created
2025-10-25 09:56:58.545 | INFO     | oto.adapter.oto:run:375 - ================================================================================
2025-10-25 09:56:58.546 | INFO     | oto.adapter.oto:run:376 - 🖼️  Oto Pipeline: 01.jpg
2025-10-25 09:56:58.546 | INFO     | oto.adapter.oto:run:377 - ================================================================================

2025-10-25 09:56:58.547 | INFO     | oto.adapter.oto:run:382 - [0/5] ImageLoad: Loading image...
2025-10-25 09:56:58.550 | DEBUG    | image_utils.adapter.load:__init__:63 - ImageLoad initialized with dual logging
2025-10-25 09:56:58.551 | INFO     | image_utils.adapter.load:_log_both:88 - Loading from: M:\CALife\CAShop - 구매대행\_code\scripts\xloto\test\images\CAPEA-001\input\01.jpg
2025-10-25 09:56:58.596 | SUCCESS  | image_utils.adapter.load:_log_both:88 - Completed: (1500, 2322) -> (1500, 2322)
2025-10-25 09:56:58.598 | SUCCESS  | oto.adapter.oto:run:408 - ✅ Image loaded: (1500, 2322) RGB
2025-10-25 09:56:58.599 | INFO     | oto.adapter.oto:run:413 - 
[1/5] ImageTextRecognize: Running OCR...
2025-10-25 09:56:58.605 | DEBUG    | image_utils.adapter.text_recognize:__init__:96 - ImageTextRecognize initialized with dual logging
2025-10-25 09:56:58.607 | INFO     | image_utils.adapter.text_recognize:run:226 - Running OCR on image: (1500, 2322) RGB
2025-10-25 09:57:06.489 | INFO     | image_utils.adapter.text_recognize:_load_ocr_engine:150 - Initializing PaddleOCR: langs=['ch', 'en']
2025-10-25 09:57:06.490 | INFO     | image_utils.adapter.text_recognize:_load_ocr_engine:161 -   use_doc_orientation_classify: False
2025-10-25 09:57:06.491 | INFO     | image_utils.adapter.text_recognize:_load_ocr_engine:162 -   use_doc_unwarping: False
2025-10-25 09:57:20.363 | SUCCESS  | image_utils.adapter.text_recognize:_load_ocr_engine:165 - PaddleOCR initialized successfully
2025-10-25 09:57:30.446 | INFO     | image_utils.adapter.text_recognize:run:254 - OCR detected 13 items
2025-10-25 09:57:30.448 | DEBUG    | image_utils.adapter.text_recognize:_postprocess_items:464 - Stripped special chars: '200W/PD快充新高度' -> '200W PD快充新高度'
2025-10-25 09:57:30.451 | INFO     | image_utils.adapter.text_recognize:_postprocess_items:474 - Filtered alphanumeric-only items: 13 -> 12
2025-10-25 09:57:30.452 | SUCCESS  | image_utils.adapter.text_recognize:run:259 - OCR completed: 12 items after postprocessing
2025-10-25 09:57:30.453 | SUCCESS  | oto.adapter.oto:run:434 - ✅ OCR completed: 12 items
2025-10-25 09:57:30.454 | INFO     | oto.adapter.oto:run:444 - 
[2/5] Translate: Translating texts...
2025-10-25 09:57:30.455 | INFO     | oto.adapter.oto:run:454 -   Original texts: 12
2025-10-25 09:57:30.463 | DEBUG    | translate_utils.adapter.translate:__init__:106 - Translate initialized with dual logging
2025-10-25 09:57:30.464 | INFO     | translate_utils.adapter.translate:run:251 - [Translate] Translating 12 texts
2025-10-25 09:57:30.465 | DEBUG    | translate_utils.adapter.translate:pipeline:177 - Creating translation pipeline
2025-10-25 09:57:30.469 | DEBUG    | translate_utils.adapter.translate:provider:161 - Creating provider: deepl
2025-10-25 09:57:30.472 | SUCCESS  | translate_utils.adapter.translate:run:302 - [Translate] Completed: 9 translations
2025-10-25 09:57:30.472 | SUCCESS  | oto.adapter.oto:run:487 - ✅ Translation completed: 9 texts
2025-10-25 09:57:30.473 | INFO     | oto.adapter.oto:run:492 - 
[3/5] Conversion: OCRItem → OverlayItem...
2025-10-25 09:57:30.474 | SUCCESS  | oto.adapter.oto:run:508 - ✅ Converted: 12 overlay items
2025-10-25 09:57:30.475 | INFO     | oto.adapter.oto:run:513 - 
[4/5] ImageOverlay: Rendering overlay + saving...
2025-10-25 09:57:30.482 | DEBUG    | image_utils.adapter.overlay:__init__:88 - ImageOverlay initialized with dual logging
2025-10-25 09:57:30.484 | INFO     | image_utils.adapter.overlay:run:206 - Overlaying 12 items on image (1500, 2322)...
2025-10-25 09:57:30.537 | DEBUG    | image_utils.adapter.overlay:run:253 - Compositing layers...
2025-10-25 09:57:30.573 | SUCCESS  | image_utils.adapter.overlay:run:274 - Overlay completed: 12 items rendered
2025-10-25 09:57:30.652 | ERROR    | image_utils.adapter.overlay:_log_both:117 - Failed to save overlaid image: unknown file extension: 
2025-10-25 09:57:30.656 | INFO     | image_utils.adapter.overlay:_log_both:117 - Overlay metadata saved: M:\CALife\CAShop - 구매대행\_code\scripts\xloto\test\images\01_overlay_meta.json
2025-10-25 09:57:30.660 | SUCCESS  | oto.adapter.oto:run:543 - ✅ Overlay completed (Adapter handled save/meta)
2025-10-25 09:57:30.660 | INFO     | oto.adapter.oto:run:547 - 
================================================================================
2025-10-25 09:57:30.662 | SUCCESS  | oto.adapter.oto:run:548 - ✅ Oto Pipeline Completed: 01.jpg
2025-10-25 09:57:30.663 | INFO     | oto.adapter.oto:run:549 - ================================================================================

2025-10-25 09:57:30.665 | SUCCESS  | scripts.xloto.adapter.xloto:run:414 -       Saved to: M:\CALife\CAShop - 구매대행\_code\scripts\xloto\test\images\CAPEA-001\output\01.jpg
2025-10-25 09:57:30.665 | INFO     | scripts.xloto.adapter.xloto:run:402 -     [2/4] 02.jpg
2025-10-25 09:57:30.666 | DEBUG    | scripts.xloto.adapter.xloto:run:406 -       Override: directory=M:\CALife\CAShop - 구매대행\_code\scripts\xloto\test\images\CAPEA-001\output, filename=02.jpg
2025-10-25 09:57:30.666 | INFO     | oto.adapter.oto:run:375 - ================================================================================
2025-10-25 09:57:30.666 | INFO     | oto.adapter.oto:run:376 - 🖼️  Oto Pipeline: 02.jpg
2025-10-25 09:57:30.667 | INFO     | oto.adapter.oto:run:377 - ================================================================================

2025-10-25 09:57:30.667 | INFO     | oto.adapter.oto:run:382 - [0/5] ImageLoad: Loading image...
2025-10-25 09:57:30.669 | INFO     | image_utils.adapter.load:_log_both:88 - Loading from: M:\CALife\CAShop - 구매대행\_code\scripts\xloto\test\images\CAPEA-001\input\02.jpg
2025-10-25 09:57:30.690 | SUCCESS  | image_utils.adapter.load:_log_both:88 - Completed: (1500, 2322) -> (1500, 2322)
2025-10-25 09:57:30.693 | SUCCESS  | oto.adapter.oto:run:408 - ✅ Image loaded: (1500, 2322) RGB
2025-10-25 09:57:30.695 | INFO     | oto.adapter.oto:run:413 - 
[1/5] ImageTextRecognize: Running OCR...
2025-10-25 09:57:30.696 | INFO     | image_utils.adapter.text_recognize:run:226 - Running OCR on image: (1500, 2322) RGB
2025-10-25 09:57:41.202 | INFO     | image_utils.adapter.text_recognize:run:254 - OCR detected 13 items
2025-10-25 09:57:41.204 | DEBUG    | image_utils.adapter.text_recognize:_postprocess_items:464 - Stripped special chars: '200W/PD快充新高度' -> '200W PD快充新高度'
2025-10-25 09:57:41.205 | INFO     | image_utils.adapter.text_recognize:_postprocess_items:474 - Filtered alphanumeric-only items: 13 -> 12
2025-10-25 09:57:41.206 | SUCCESS  | image_utils.adapter.text_recognize:run:259 - OCR completed: 12 items after postprocessing
2025-10-25 09:57:41.207 | SUCCESS  | oto.adapter.oto:run:434 - ✅ OCR completed: 12 items
2025-10-25 09:57:41.207 | INFO     | oto.adapter.oto:run:444 - 
[2/5] Translate: Translating texts...
2025-10-25 09:57:41.209 | INFO     | oto.adapter.oto:run:454 -   Original texts: 12
2025-10-25 09:57:41.210 | INFO     | translate_utils.adapter.translate:run:251 - [Translate] Translating 12 texts
2025-10-25 09:57:41.210 | INFO     | translate_utils.services.pipeline:run:89 - [Pipeline] Translating 9 uncached segments (bulk)
2025-10-25 09:57:42.015 | SUCCESS  | translate_utils.adapter.translate:run:302 - [Translate] Completed: 9 translations
2025-10-25 09:57:42.016 | SUCCESS  | oto.adapter.oto:run:487 - ✅ Translation completed: 9 texts
2025-10-25 09:57:42.018 | INFO     | oto.adapter.oto:run:492 - 
[3/5] Conversion: OCRItem → OverlayItem...
2025-10-25 09:57:42.019 | SUCCESS  | oto.adapter.oto:run:508 - ✅ Converted: 12 overlay items
2025-10-25 09:57:42.021 | INFO     | oto.adapter.oto:run:513 - 
[4/5] ImageOverlay: Rendering overlay + saving...
2025-10-25 09:57:42.023 | INFO     | image_utils.adapter.overlay:run:206 - Overlaying 12 items on image (1500, 2322)...
2025-10-25 09:57:42.077 | DEBUG    | image_utils.adapter.overlay:run:253 - Compositing layers...
2025-10-25 09:57:42.115 | SUCCESS  | image_utils.adapter.overlay:run:274 - Overlay completed: 12 items rendered
2025-10-25 09:57:42.119 | ERROR    | image_utils.adapter.overlay:_log_both:117 - Failed to save overlaid image: unknown file extension: 
2025-10-25 09:57:42.123 | INFO     | image_utils.adapter.overlay:_log_both:117 - Overlay metadata saved: M:\CALife\CAShop - 구매대행\_code\scripts\xloto\test\images\02_overlay_meta.json
2025-10-25 09:57:42.126 | SUCCESS  | oto.adapter.oto:run:543 - ✅ Overlay completed (Adapter handled save/meta)
2025-10-25 09:57:42.127 | INFO     | oto.adapter.oto:run:547 - 
================================================================================
2025-10-25 09:57:42.128 | SUCCESS  | oto.adapter.oto:run:548 - ✅ Oto Pipeline Completed: 02.jpg
2025-10-25 09:57:42.128 | INFO     | oto.adapter.oto:run:549 - ================================================================================

2025-10-25 09:57:42.131 | SUCCESS  | scripts.xloto.adapter.xloto:run:414 -       Saved to: M:\CALife\CAShop - 구매대행\_code\scripts\xloto\test\images\CAPEA-001\output\02.jpg
2025-10-25 09:57:42.131 | INFO     | scripts.xloto.adapter.xloto:run:402 -     [3/4] 01.jpg
2025-10-25 09:57:42.132 | DEBUG    | scripts.xloto.adapter.xloto:run:406 -       Override: directory=M:\CALife\CAShop - 구매대행\_code\scripts\xloto\test\images\CAPEA-001\output, filename=01.jpg
2025-10-25 09:57:42.132 | INFO     | oto.adapter.oto:run:375 - ================================================================================
2025-10-25 09:57:42.132 | INFO     | oto.adapter.oto:run:376 - 🖼️  Oto Pipeline: 01.jpg
2025-10-25 09:57:42.133 | INFO     | oto.adapter.oto:run:377 - ================================================================================

2025-10-25 09:57:42.134 | INFO     | oto.adapter.oto:run:382 - [0/5] ImageLoad: Loading image...
2025-10-25 09:57:42.136 | INFO     | image_utils.adapter.load:_log_both:88 - Loading from: M:\CALife\CAShop - 구매대행\_code\scripts\xloto\test\images\CAPEA-001\input\01.jpg
2025-10-25 09:57:42.157 | SUCCESS  | image_utils.adapter.load:_log_both:88 - Completed: (1500, 2322) -> (1500, 2322)
2025-10-25 09:57:42.160 | SUCCESS  | oto.adapter.oto:run:408 - ✅ Image loaded: (1500, 2322) RGB
2025-10-25 09:57:42.161 | INFO     | oto.adapter.oto:run:413 - 
[1/5] ImageTextRecognize: Running OCR...
2025-10-25 09:57:42.162 | INFO     | image_utils.adapter.text_recognize:run:226 - Running OCR on image: (1500, 2322) RGB
2025-10-25 09:57:53.182 | INFO     | image_utils.adapter.text_recognize:run:254 - OCR detected 13 items
2025-10-25 09:57:53.183 | DEBUG    | image_utils.adapter.text_recognize:_postprocess_items:464 - Stripped special chars: '200W/PD快充新高度' -> '200W PD快充新高度'
2025-10-25 09:57:53.184 | INFO     | image_utils.adapter.text_recognize:_postprocess_items:474 - Filtered alphanumeric-only items: 13 -> 12
2025-10-25 09:57:53.185 | SUCCESS  | image_utils.adapter.text_recognize:run:259 - OCR completed: 12 items after postprocessing
2025-10-25 09:57:53.187 | SUCCESS  | oto.adapter.oto:run:434 - ✅ OCR completed: 12 items
2025-10-25 09:57:53.188 | INFO     | oto.adapter.oto:run:444 - 
[2/5] Translate: Translating texts...
2025-10-25 09:57:53.189 | INFO     | oto.adapter.oto:run:454 -   Original texts: 12
2025-10-25 09:57:53.190 | INFO     | translate_utils.adapter.translate:run:251 - [Translate] Translating 12 texts
2025-10-25 09:57:53.191 | INFO     | translate_utils.services.pipeline:run:89 - [Pipeline] Translating 9 uncached segments (bulk)
2025-10-25 09:57:53.492 | SUCCESS  | translate_utils.adapter.translate:run:302 - [Translate] Completed: 9 translations
2025-10-25 09:57:53.493 | SUCCESS  | oto.adapter.oto:run:487 - ✅ Translation completed: 9 texts
2025-10-25 09:57:53.495 | INFO     | oto.adapter.oto:run:492 - 
[3/5] Conversion: OCRItem → OverlayItem...
2025-10-25 09:57:53.496 | SUCCESS  | oto.adapter.oto:run:508 - ✅ Converted: 12 overlay items
2025-10-25 09:57:53.497 | INFO     | oto.adapter.oto:run:513 - 
[4/5] ImageOverlay: Rendering overlay + saving...
2025-10-25 09:57:53.499 | INFO     | image_utils.adapter.overlay:run:206 - Overlaying 12 items on image (1500, 2322)...
2025-10-25 09:57:53.556 | DEBUG    | image_utils.adapter.overlay:run:253 - Compositing layers...
2025-10-25 09:57:53.592 | SUCCESS  | image_utils.adapter.overlay:run:274 - Overlay completed: 12 items rendered
2025-10-25 09:57:53.595 | ERROR    | image_utils.adapter.overlay:_log_both:117 - Failed to save overlaid image: unknown file extension: 
2025-10-25 09:57:53.600 | INFO     | image_utils.adapter.overlay:_log_both:117 - Overlay metadata saved: M:\CALife\CAShop - 구매대행\_code\scripts\xloto\test\images\01_overlay_meta.json
2025-10-25 09:57:53.605 | SUCCESS  | oto.adapter.oto:run:543 - ✅ Overlay completed (Adapter handled save/meta)
2025-10-25 09:57:53.606 | INFO     | oto.adapter.oto:run:547 - 
================================================================================
2025-10-25 09:57:53.607 | SUCCESS  | oto.adapter.oto:run:548 - ✅ Oto Pipeline Completed: 01.jpg
2025-10-25 09:57:53.608 | INFO     | oto.adapter.oto:run:549 - ================================================================================

2025-10-25 09:57:53.610 | SUCCESS  | scripts.xloto.adapter.xloto:run:414 -       Saved to: M:\CALife\CAShop - 구매대행\_code\scripts\xloto\test\images\CAPEA-001\output\01.jpg
2025-10-25 09:57:53.611 | INFO     | scripts.xloto.adapter.xloto:run:402 -     [4/4] 02.jpg
2025-10-25 09:57:53.611 | DEBUG    | scripts.xloto.adapter.xloto:run:406 -       Override: directory=M:\CALife\CAShop - 구매대행\_code\scripts\xloto\test\images\CAPEA-001\output, filename=02.jpg
2025-10-25 09:57:53.612 | INFO     | oto.adapter.oto:run:375 - ================================================================================
2025-10-25 09:57:53.613 | INFO     | oto.adapter.oto:run:376 - 🖼️  Oto Pipeline: 02.jpg
2025-10-25 09:57:53.613 | INFO     | oto.adapter.oto:run:377 - ================================================================================

2025-10-25 09:57:53.614 | INFO     | oto.adapter.oto:run:382 - [0/5] ImageLoad: Loading image...
2025-10-25 09:57:53.615 | INFO     | image_utils.adapter.load:_log_both:88 - Loading from: M:\CALife\CAShop - 구매대행\_code\scripts\xloto\test\images\CAPEA-001\input\02.jpg
2025-10-25 09:57:53.640 | SUCCESS  | image_utils.adapter.load:_log_both:88 - Completed: (1500, 2322) -> (1500, 2322)
2025-10-25 09:57:53.643 | SUCCESS  | oto.adapter.oto:run:408 - ✅ Image loaded: (1500, 2322) RGB
2025-10-25 09:57:53.644 | INFO     | oto.adapter.oto:run:413 - 
[1/5] ImageTextRecognize: Running OCR...
2025-10-25 09:57:53.644 | INFO     | image_utils.adapter.text_recognize:run:226 - Running OCR on image: (1500, 2322) RGB
2025-10-25 09:58:07.428 | INFO     | image_utils.adapter.text_recognize:run:254 - OCR detected 13 items
2025-10-25 09:58:07.431 | DEBUG    | image_utils.adapter.text_recognize:_postprocess_items:464 - Stripped special chars: '200W/PD快充新高度' -> '200W PD快充新高度'
2025-10-25 09:58:07.431 | INFO     | image_utils.adapter.text_recognize:_postprocess_items:474 - Filtered alphanumeric-only items: 13 -> 12
2025-10-25 09:58:07.433 | SUCCESS  | image_utils.adapter.text_recognize:run:259 - OCR completed: 12 items after postprocessing
2025-10-25 09:58:07.435 | SUCCESS  | oto.adapter.oto:run:434 - ✅ OCR completed: 12 items
2025-10-25 09:58:07.436 | INFO     | oto.adapter.oto:run:444 - 
[2/5] Translate: Translating texts...
2025-10-25 09:58:07.436 | INFO     | oto.adapter.oto:run:454 -   Original texts: 12
2025-10-25 09:58:07.437 | INFO     | translate_utils.adapter.translate:run:251 - [Translate] Translating 12 texts
2025-10-25 09:58:07.438 | INFO     | translate_utils.services.pipeline:run:89 - [Pipeline] Translating 9 uncached segments (bulk)
2025-10-25 09:58:07.751 | SUCCESS  | translate_utils.adapter.translate:run:302 - [Translate] Completed: 9 translations
2025-10-25 09:58:07.752 | SUCCESS  | oto.adapter.oto:run:487 - ✅ Translation completed: 9 texts
2025-10-25 09:58:07.753 | INFO     | oto.adapter.oto:run:492 - 
[3/5] Conversion: OCRItem → OverlayItem...
2025-10-25 09:58:07.754 | SUCCESS  | oto.adapter.oto:run:508 - ✅ Converted: 12 overlay items
2025-10-25 09:58:07.755 | INFO     | oto.adapter.oto:run:513 - 
[4/5] ImageOverlay: Rendering overlay + saving...
2025-10-25 09:58:07.757 | INFO     | image_utils.adapter.overlay:run:206 - Overlaying 12 items on image (1500, 2322)...
2025-10-25 09:58:07.850 | DEBUG    | image_utils.adapter.overlay:run:253 - Compositing layers...
2025-10-25 09:58:07.909 | SUCCESS  | image_utils.adapter.overlay:run:274 - Overlay completed: 12 items rendered
2025-10-25 09:58:07.913 | ERROR    | image_utils.adapter.overlay:_log_both:117 - Failed to save overlaid image: unknown file extension: 
2025-10-25 09:58:07.919 | INFO     | image_utils.adapter.overlay:_log_both:117 - Overlay metadata saved: M:\CALife\CAShop - 구매대행\_code\scripts\xloto\test\images\02_overlay_meta.json
2025-10-25 09:58:07.923 | SUCCESS  | oto.adapter.oto:run:543 - ✅ Overlay completed (Adapter handled save/meta)
2025-10-25 09:58:07.925 | INFO     | oto.adapter.oto:run:547 - 
================================================================================
2025-10-25 09:58:07.926 | SUCCESS  | oto.adapter.oto:run:548 - ✅ Oto Pipeline Completed: 02.jpg
2025-10-25 09:58:07.926 | INFO     | oto.adapter.oto:run:549 - ================================================================================

2025-10-25 09:58:07.930 | SUCCESS  | scripts.xloto.adapter.xloto:run:414 -       Saved to: M:\CALife\CAShop - 구매대행\_code\scripts\xloto\test\images\CAPEA-001\output\02.jpg
2025-10-25 09:58:07.931 | SUCCESS  | scripts.xloto.adapter.xloto:run:422 -     Processed: 4/4
2025-10-25 09:58:07.932 | INFO     | scripts.xloto.adapter.xloto:run:441 - [4/4] Updating Excel...
2025-10-25 09:58:07.932 | DEBUG    | scripts.xloto.adapter.xloto:excel_updater:266 - ExcelUpdater created
2025-10-25 09:58:07.986 | SUCCESS  | scripts.xloto.adapter.xloto:run:449 -   Updated 0 cells
2025-10-25 09:58:08.484 | DEBUG    | xl_utils.adapter.excel_load:close:330 - Excel file closed
2025-10-25 09:58:08.485 | INFO     | scripts.xloto.adapter.xloto:run:453 - ================================================================================
2025-10-25 09:58:08.486 | SUCCESS  | scripts.xloto.adapter.xloto:run:454 - XLOTO Pipeline Completed
2025-10-25 09:58:08.487 | INFO     | scripts.xloto.adapter.xloto:run:455 -    Total: 1
2025-10-25 09:58:08.488 | INFO     | scripts.xloto.adapter.xloto:run:456 -    Processed: 1
2025-10-25 09:58:08.489 | INFO     | scripts.xloto.adapter.xloto:run:457 - ================================================================================
2025-10-25 09:58:08.530 | DEBUG    | translate_utils.adapter.translate:close:315 - Provider closed
2025-10-25 10:01:23.274 | DEBUG    | scripts.xloto.adapter.xloto:__init__:209 - XLOTO adapter initialized
2025-10-25 10:01:23.274 | INFO     | scripts.xloto.adapter.xloto:run:314 - ================================================================================
2025-10-25 10:01:23.275 | INFO     | scripts.xloto.adapter.xloto:run:315 - XLOTO Pipeline Starting
2025-10-25 10:01:23.276 | INFO     | scripts.xloto.adapter.xloto:run:316 - ================================================================================
2025-10-25 10:01:23.276 | INFO     | scripts.xloto.adapter.xloto:run:321 - [1/4] Loading Excel file...
2025-10-25 10:01:23.277 | DEBUG    | scripts.xloto.adapter.xloto:run:325 -   Excel path from policy: M:/CALife/CAShop - 구매대행/_code/scripts/xloto/test/01.All Product List.xlsx
2025-10-25 10:01:23.290 | INFO     | xl_utils.adapter.excel_load:__init__:118 - ExcelLoad initialized (app mode)
2025-10-25 10:01:23.290 | DEBUG    | xl_utils.adapter.excel_load:open:172 - Opening Excel App (app mode)
2025-10-25 10:01:24.704 | INFO     | xl_utils.adapter.excel_load:open:198 - Excel App opened (app mode)
2025-10-25 10:01:24.706 | DEBUG    | xl_utils.adapter.excel_load:open_workbook:230 - Opening workbook: 01.All Product List.xlsx
2025-10-25 10:01:25.167 | INFO     | xl_utils.adapter.excel_load:open_workbook:240 - Workbook opened: 01.All Product List.xlsx
2025-10-25 10:01:25.169 | DEBUG    | xl_utils.adapter.excel_load:get_worksheet:298 - Accessing worksheet: Purchase
2025-10-25 10:01:25.411 | INFO     | xl_utils.adapter.excel_load:get_worksheet:312 - Worksheet accessed: Purchase
2025-10-25 10:01:25.452 | SUCCESS  | scripts.xloto.adapter.xloto:run:346 -   Loaded DataFrame: 4 rows
2025-10-25 10:01:25.453 | INFO     | scripts.xloto.adapter.xloto:run:351 - [2/4] Extracting CAS No...
2025-10-25 10:01:25.454 | DEBUG    | scripts.xloto.adapter.xloto:cas_extractor:258 - CasExtractor created
2025-10-25 10:01:25.460 | SUCCESS  | scripts.xloto.adapter.xloto:run:359 -   Extracted 1 CAS No
2025-10-25 10:01:25.461 | DEBUG    | scripts.xloto.adapter.xloto:run:360 -   CAS List: [{'cas_no': 'CAPEA-001', 'translation_row': 3, 'translation_col': None}]
2025-10-25 10:01:25.461 | INFO     | scripts.xloto.adapter.xloto:run:371 - [3/4] Processing 1 CAS No...
2025-10-25 10:01:25.463 | INFO     | scripts.xloto.adapter.xloto:run:378 -   [1/1] Processing: CAPEA-001
2025-10-25 10:01:25.464 | DEBUG    | scripts.xloto.adapter.xloto:image_manager:247 - ImageFileManager created
2025-10-25 10:01:25.467 | INFO     | scripts.xloto.adapter.xloto:run:393 -     Found 4 images
2025-10-25 10:01:25.468 | INFO     | scripts.xloto.adapter.xloto:run:402 -     [1/4] 01.jpg
2025-10-25 10:01:25.469 | DEBUG    | scripts.xloto.adapter.xloto:run:406 -       Override: directory=M:\CALife\CAShop - 구매대행\_code\scripts\xloto\test\images\CAPEA-001\output, filename=01.jpg
2025-10-25 10:01:25.470 | DEBUG    | oto.adapter.oto:__init__:238 - Oto adapter initialized (parent logger only)
2025-10-25 10:01:25.471 | DEBUG    | scripts.xloto.adapter.xloto:OTO:235 - OTO adapter created
2025-10-25 10:01:25.471 | INFO     | oto.adapter.oto:run:375 - ================================================================================
2025-10-25 10:01:25.472 | INFO     | oto.adapter.oto:run:376 - 🖼️  Oto Pipeline: 01.jpg
2025-10-25 10:01:25.473 | INFO     | oto.adapter.oto:run:377 - ================================================================================

2025-10-25 10:01:25.474 | INFO     | oto.adapter.oto:run:382 - [0/5] ImageLoad: Loading image...
2025-10-25 10:01:25.480 | DEBUG    | image_utils.adapter.load:__init__:63 - ImageLoad initialized with dual logging
2025-10-25 10:01:25.482 | INFO     | image_utils.adapter.load:_log_both:88 - Loading from: M:\CALife\CAShop - 구매대행\_code\scripts\xloto\test\images\CAPEA-001\input\01.jpg
2025-10-25 10:01:25.529 | SUCCESS  | image_utils.adapter.load:_log_both:88 - Completed: (1500, 2322) -> (1500, 2322)
2025-10-25 10:01:25.532 | SUCCESS  | oto.adapter.oto:run:408 - ✅ Image loaded: (1500, 2322) RGB
2025-10-25 10:01:25.533 | INFO     | oto.adapter.oto:run:413 - 
[1/5] ImageTextRecognize: Running OCR...
2025-10-25 10:01:25.544 | DEBUG    | image_utils.adapter.text_recognize:__init__:96 - ImageTextRecognize initialized with dual logging
2025-10-25 10:01:25.546 | INFO     | image_utils.adapter.text_recognize:run:226 - Running OCR on image: (1500, 2322) RGB
2025-10-25 10:01:33.575 | INFO     | image_utils.adapter.text_recognize:_load_ocr_engine:150 - Initializing PaddleOCR: langs=['ch', 'en']
2025-10-25 10:01:33.575 | INFO     | image_utils.adapter.text_recognize:_load_ocr_engine:161 -   use_doc_orientation_classify: False
2025-10-25 10:01:33.577 | INFO     | image_utils.adapter.text_recognize:_load_ocr_engine:162 -   use_doc_unwarping: False
2025-10-25 10:01:48.643 | SUCCESS  | image_utils.adapter.text_recognize:_load_ocr_engine:165 - PaddleOCR initialized successfully
2025-10-25 10:02:03.869 | INFO     | image_utils.adapter.text_recognize:run:254 - OCR detected 13 items
2025-10-25 10:02:03.873 | DEBUG    | image_utils.adapter.text_recognize:_postprocess_items:464 - Stripped special chars: '200W/PD快充新高度' -> '200W PD快充新高度'
2025-10-25 10:02:03.876 | INFO     | image_utils.adapter.text_recognize:_postprocess_items:474 - Filtered alphanumeric-only items: 13 -> 12
2025-10-25 10:02:03.878 | SUCCESS  | image_utils.adapter.text_recognize:run:259 - OCR completed: 12 items after postprocessing
2025-10-25 10:02:03.880 | SUCCESS  | oto.adapter.oto:run:434 - ✅ OCR completed: 12 items
2025-10-25 10:02:03.881 | INFO     | oto.adapter.oto:run:444 - 
[2/5] Translate: Translating texts...
2025-10-25 10:02:03.882 | INFO     | oto.adapter.oto:run:454 -   Original texts: 12
2025-10-25 10:02:03.891 | DEBUG    | translate_utils.adapter.translate:__init__:106 - Translate initialized with dual logging
2025-10-25 10:02:03.892 | INFO     | translate_utils.adapter.translate:run:251 - [Translate] Translating 12 texts
2025-10-25 10:02:03.892 | DEBUG    | translate_utils.adapter.translate:pipeline:177 - Creating translation pipeline
2025-10-25 10:02:03.895 | DEBUG    | translate_utils.adapter.translate:provider:161 - Creating provider: deepl
2025-10-25 10:02:03.899 | SUCCESS  | translate_utils.adapter.translate:run:302 - [Translate] Completed: 9 translations
2025-10-25 10:02:03.900 | SUCCESS  | oto.adapter.oto:run:487 - ✅ Translation completed: 9 texts
2025-10-25 10:02:03.901 | INFO     | oto.adapter.oto:run:492 - 
[3/5] Conversion: OCRItem → OverlayItem...
2025-10-25 10:02:03.902 | SUCCESS  | oto.adapter.oto:run:508 - ✅ Converted: 12 overlay items
2025-10-25 10:02:03.903 | INFO     | oto.adapter.oto:run:513 - 
[4/5] ImageOverlay: Rendering overlay + saving...
2025-10-25 10:02:03.913 | DEBUG    | image_utils.adapter.overlay:__init__:88 - ImageOverlay initialized with dual logging
2025-10-25 10:02:03.918 | INFO     | image_utils.adapter.overlay:run:213 - Overlaying 12 items on image (1500, 2322)...
2025-10-25 10:02:03.983 | DEBUG    | image_utils.adapter.overlay:run:260 - Compositing layers...
2025-10-25 10:02:04.017 | SUCCESS  | image_utils.adapter.overlay:run:281 - Overlay completed: 12 items rendered
2025-10-25 10:02:04.099 | ERROR    | image_utils.adapter.overlay:_log_both:117 - Failed to save overlaid image: unknown file extension: 
2025-10-25 10:02:04.103 | INFO     | image_utils.adapter.overlay:_log_both:117 - Overlay metadata saved: M:\CALife\CAShop - 구매대행\_code\scripts\xloto\test\images\01_overlay_meta.json
2025-10-25 10:02:04.108 | SUCCESS  | oto.adapter.oto:run:543 - ✅ Overlay completed (Adapter handled save/meta)
2025-10-25 10:02:04.109 | INFO     | oto.adapter.oto:run:547 - 
================================================================================
2025-10-25 10:02:04.110 | SUCCESS  | oto.adapter.oto:run:548 - ✅ Oto Pipeline Completed: 01.jpg
2025-10-25 10:02:04.111 | INFO     | oto.adapter.oto:run:549 - ================================================================================

2025-10-25 10:02:04.113 | SUCCESS  | scripts.xloto.adapter.xloto:run:414 -       Saved to: M:\CALife\CAShop - 구매대행\_code\scripts\xloto\test\images\CAPEA-001\output\01.jpg
2025-10-25 10:02:04.114 | INFO     | scripts.xloto.adapter.xloto:run:402 -     [2/4] 02.jpg
2025-10-25 10:02:04.115 | DEBUG    | scripts.xloto.adapter.xloto:run:406 -       Override: directory=M:\CALife\CAShop - 구매대행\_code\scripts\xloto\test\images\CAPEA-001\output, filename=02.jpg
2025-10-25 10:02:04.116 | INFO     | oto.adapter.oto:run:375 - ================================================================================
2025-10-25 10:02:04.116 | INFO     | oto.adapter.oto:run:376 - 🖼️  Oto Pipeline: 02.jpg
2025-10-25 10:02:04.118 | INFO     | oto.adapter.oto:run:377 - ================================================================================

2025-10-25 10:02:04.119 | INFO     | oto.adapter.oto:run:382 - [0/5] ImageLoad: Loading image...
2025-10-25 10:02:04.121 | INFO     | image_utils.adapter.load:_log_both:88 - Loading from: M:\CALife\CAShop - 구매대행\_code\scripts\xloto\test\images\CAPEA-001\input\02.jpg
2025-10-25 10:02:04.148 | SUCCESS  | image_utils.adapter.load:_log_both:88 - Completed: (1500, 2322) -> (1500, 2322)
2025-10-25 10:02:04.150 | SUCCESS  | oto.adapter.oto:run:408 - ✅ Image loaded: (1500, 2322) RGB
2025-10-25 10:02:04.152 | INFO     | oto.adapter.oto:run:413 - 
[1/5] ImageTextRecognize: Running OCR...
2025-10-25 10:02:04.154 | INFO     | image_utils.adapter.text_recognize:run:226 - Running OCR on image: (1500, 2322) RGB
2025-10-25 10:02:20.307 | INFO     | image_utils.adapter.text_recognize:run:254 - OCR detected 13 items
2025-10-25 10:02:20.308 | DEBUG    | image_utils.adapter.text_recognize:_postprocess_items:464 - Stripped special chars: '200W/PD快充新高度' -> '200W PD快充新高度'
2025-10-25 10:02:20.309 | INFO     | image_utils.adapter.text_recognize:_postprocess_items:474 - Filtered alphanumeric-only items: 13 -> 12
2025-10-25 10:02:20.310 | SUCCESS  | image_utils.adapter.text_recognize:run:259 - OCR completed: 12 items after postprocessing
2025-10-25 10:02:20.311 | SUCCESS  | oto.adapter.oto:run:434 - ✅ OCR completed: 12 items
2025-10-25 10:02:20.311 | INFO     | oto.adapter.oto:run:444 - 
[2/5] Translate: Translating texts...
2025-10-25 10:02:20.312 | INFO     | oto.adapter.oto:run:454 -   Original texts: 12
2025-10-25 10:02:20.313 | INFO     | translate_utils.adapter.translate:run:251 - [Translate] Translating 12 texts
2025-10-25 10:02:20.314 | INFO     | translate_utils.services.pipeline:run:89 - [Pipeline] Translating 9 uncached segments (bulk)
2025-10-25 10:02:21.184 | SUCCESS  | translate_utils.adapter.translate:run:302 - [Translate] Completed: 9 translations
2025-10-25 10:02:21.186 | SUCCESS  | oto.adapter.oto:run:487 - ✅ Translation completed: 9 texts
2025-10-25 10:02:21.188 | INFO     | oto.adapter.oto:run:492 - 
[3/5] Conversion: OCRItem → OverlayItem...
2025-10-25 10:02:21.189 | SUCCESS  | oto.adapter.oto:run:508 - ✅ Converted: 12 overlay items
2025-10-25 10:02:21.191 | INFO     | oto.adapter.oto:run:513 - 
[4/5] ImageOverlay: Rendering overlay + saving...
2025-10-25 10:02:21.196 | INFO     | image_utils.adapter.overlay:run:213 - Overlaying 12 items on image (1500, 2322)...
2025-10-25 10:02:21.251 | DEBUG    | image_utils.adapter.overlay:run:260 - Compositing layers...
2025-10-25 10:02:21.285 | SUCCESS  | image_utils.adapter.overlay:run:281 - Overlay completed: 12 items rendered
2025-10-25 10:02:21.289 | ERROR    | image_utils.adapter.overlay:_log_both:117 - Failed to save overlaid image: unknown file extension: 
2025-10-25 10:02:21.294 | INFO     | image_utils.adapter.overlay:_log_both:117 - Overlay metadata saved: M:\CALife\CAShop - 구매대행\_code\scripts\xloto\test\images\02_overlay_meta.json
2025-10-25 10:02:21.297 | SUCCESS  | oto.adapter.oto:run:543 - ✅ Overlay completed (Adapter handled save/meta)
2025-10-25 10:02:21.299 | INFO     | oto.adapter.oto:run:547 - 
================================================================================
2025-10-25 10:02:21.300 | SUCCESS  | oto.adapter.oto:run:548 - ✅ Oto Pipeline Completed: 02.jpg
2025-10-25 10:02:21.300 | INFO     | oto.adapter.oto:run:549 - ================================================================================

2025-10-25 10:02:21.303 | SUCCESS  | scripts.xloto.adapter.xloto:run:414 -       Saved to: M:\CALife\CAShop - 구매대행\_code\scripts\xloto\test\images\CAPEA-001\output\02.jpg
2025-10-25 10:02:21.304 | INFO     | scripts.xloto.adapter.xloto:run:402 -     [3/4] 01.jpg
2025-10-25 10:02:21.304 | DEBUG    | scripts.xloto.adapter.xloto:run:406 -       Override: directory=M:\CALife\CAShop - 구매대행\_code\scripts\xloto\test\images\CAPEA-001\output, filename=01.jpg
2025-10-25 10:02:21.305 | INFO     | oto.adapter.oto:run:375 - ================================================================================
2025-10-25 10:02:21.305 | INFO     | oto.adapter.oto:run:376 - 🖼️  Oto Pipeline: 01.jpg
2025-10-25 10:02:21.306 | INFO     | oto.adapter.oto:run:377 - ================================================================================

2025-10-25 10:02:21.306 | INFO     | oto.adapter.oto:run:382 - [0/5] ImageLoad: Loading image...
2025-10-25 10:02:21.307 | INFO     | image_utils.adapter.load:_log_both:88 - Loading from: M:\CALife\CAShop - 구매대행\_code\scripts\xloto\test\images\CAPEA-001\input\01.jpg
2025-10-25 10:02:21.333 | SUCCESS  | image_utils.adapter.load:_log_both:88 - Completed: (1500, 2322) -> (1500, 2322)
2025-10-25 10:02:21.336 | SUCCESS  | oto.adapter.oto:run:408 - ✅ Image loaded: (1500, 2322) RGB
2025-10-25 10:02:21.337 | INFO     | oto.adapter.oto:run:413 - 
[1/5] ImageTextRecognize: Running OCR...
2025-10-25 10:02:21.337 | INFO     | image_utils.adapter.text_recognize:run:226 - Running OCR on image: (1500, 2322) RGB
2025-10-25 10:02:38.922 | INFO     | image_utils.adapter.text_recognize:run:254 - OCR detected 13 items
2025-10-25 10:02:38.923 | DEBUG    | image_utils.adapter.text_recognize:_postprocess_items:464 - Stripped special chars: '200W/PD快充新高度' -> '200W PD快充新高度'
2025-10-25 10:02:38.925 | INFO     | image_utils.adapter.text_recognize:_postprocess_items:474 - Filtered alphanumeric-only items: 13 -> 12
2025-10-25 10:02:38.926 | SUCCESS  | image_utils.adapter.text_recognize:run:259 - OCR completed: 12 items after postprocessing
2025-10-25 10:02:38.926 | SUCCESS  | oto.adapter.oto:run:434 - ✅ OCR completed: 12 items
2025-10-25 10:02:38.927 | INFO     | oto.adapter.oto:run:444 - 
[2/5] Translate: Translating texts...
2025-10-25 10:02:38.927 | INFO     | oto.adapter.oto:run:454 -   Original texts: 12
2025-10-25 10:02:38.927 | INFO     | translate_utils.adapter.translate:run:251 - [Translate] Translating 12 texts
2025-10-25 10:02:38.928 | INFO     | translate_utils.services.pipeline:run:89 - [Pipeline] Translating 9 uncached segments (bulk)
2025-10-25 10:02:39.258 | SUCCESS  | translate_utils.adapter.translate:run:302 - [Translate] Completed: 9 translations
2025-10-25 10:02:39.259 | SUCCESS  | oto.adapter.oto:run:487 - ✅ Translation completed: 9 texts
2025-10-25 10:02:39.261 | INFO     | oto.adapter.oto:run:492 - 
[3/5] Conversion: OCRItem → OverlayItem...
2025-10-25 10:02:39.263 | SUCCESS  | oto.adapter.oto:run:508 - ✅ Converted: 12 overlay items
2025-10-25 10:02:39.264 | INFO     | oto.adapter.oto:run:513 - 
[4/5] ImageOverlay: Rendering overlay + saving...
2025-10-25 10:02:39.270 | INFO     | image_utils.adapter.overlay:run:213 - Overlaying 12 items on image (1500, 2322)...
2025-10-25 10:02:39.330 | DEBUG    | image_utils.adapter.overlay:run:260 - Compositing layers...
2025-10-25 10:02:39.364 | SUCCESS  | image_utils.adapter.overlay:run:281 - Overlay completed: 12 items rendered
2025-10-25 10:02:39.368 | ERROR    | image_utils.adapter.overlay:_log_both:117 - Failed to save overlaid image: unknown file extension: 
2025-10-25 10:02:39.373 | INFO     | image_utils.adapter.overlay:_log_both:117 - Overlay metadata saved: M:\CALife\CAShop - 구매대행\_code\scripts\xloto\test\images\01_overlay_meta.json
2025-10-25 10:02:39.376 | SUCCESS  | oto.adapter.oto:run:543 - ✅ Overlay completed (Adapter handled save/meta)
2025-10-25 10:02:39.379 | INFO     | oto.adapter.oto:run:547 - 
================================================================================
2025-10-25 10:02:39.380 | SUCCESS  | oto.adapter.oto:run:548 - ✅ Oto Pipeline Completed: 01.jpg
2025-10-25 10:02:39.381 | INFO     | oto.adapter.oto:run:549 - ================================================================================

2025-10-25 10:02:39.384 | SUCCESS  | scripts.xloto.adapter.xloto:run:414 -       Saved to: M:\CALife\CAShop - 구매대행\_code\scripts\xloto\test\images\CAPEA-001\output\01.jpg
2025-10-25 10:02:39.385 | INFO     | scripts.xloto.adapter.xloto:run:402 -     [4/4] 02.jpg
2025-10-25 10:02:39.386 | DEBUG    | scripts.xloto.adapter.xloto:run:406 -       Override: directory=M:\CALife\CAShop - 구매대행\_code\scripts\xloto\test\images\CAPEA-001\output, filename=02.jpg
2025-10-25 10:02:39.386 | INFO     | oto.adapter.oto:run:375 - ================================================================================
2025-10-25 10:02:39.387 | INFO     | oto.adapter.oto:run:376 - 🖼️  Oto Pipeline: 02.jpg
2025-10-25 10:02:39.389 | INFO     | oto.adapter.oto:run:377 - ================================================================================

2025-10-25 10:02:39.390 | INFO     | oto.adapter.oto:run:382 - [0/5] ImageLoad: Loading image...
2025-10-25 10:02:39.391 | INFO     | image_utils.adapter.load:_log_both:88 - Loading from: M:\CALife\CAShop - 구매대행\_code\scripts\xloto\test\images\CAPEA-001\input\02.jpg
2025-10-25 10:02:39.417 | SUCCESS  | image_utils.adapter.load:_log_both:88 - Completed: (1500, 2322) -> (1500, 2322)
2025-10-25 10:02:39.420 | SUCCESS  | oto.adapter.oto:run:408 - ✅ Image loaded: (1500, 2322) RGB
2025-10-25 10:02:39.422 | INFO     | oto.adapter.oto:run:413 - 
[1/5] ImageTextRecognize: Running OCR...
2025-10-25 10:02:39.422 | INFO     | image_utils.adapter.text_recognize:run:226 - Running OCR on image: (1500, 2322) RGB
2025-10-25 10:03:02.337 | DEBUG    | xl_utils.adapter.excel_load:close:330 - Excel file closed
2025-10-25 10:03:07.975 | DEBUG    | scripts.xloto.adapter.xloto:__init__:209 - XLOTO adapter initialized
2025-10-25 10:03:07.976 | INFO     | scripts.xloto.adapter.xloto:run:314 - ================================================================================
2025-10-25 10:03:07.977 | INFO     | scripts.xloto.adapter.xloto:run:315 - XLOTO Pipeline Starting
2025-10-25 10:03:07.978 | INFO     | scripts.xloto.adapter.xloto:run:316 - ================================================================================
2025-10-25 10:03:07.979 | INFO     | scripts.xloto.adapter.xloto:run:321 - [1/4] Loading Excel file...
2025-10-25 10:03:07.980 | DEBUG    | scripts.xloto.adapter.xloto:run:325 -   Excel path from policy: M:/CALife/CAShop - 구매대행/_code/scripts/xloto/test/01.All Product List.xlsx
2025-10-25 10:03:07.992 | INFO     | xl_utils.adapter.excel_load:__init__:118 - ExcelLoad initialized (app mode)
2025-10-25 10:03:07.993 | DEBUG    | xl_utils.adapter.excel_load:open:172 - Opening Excel App (app mode)
2025-10-25 10:03:09.339 | INFO     | xl_utils.adapter.excel_load:open:198 - Excel App opened (app mode)
2025-10-25 10:03:09.341 | DEBUG    | xl_utils.adapter.excel_load:open_workbook:230 - Opening workbook: 01.All Product List.xlsx
2025-10-25 10:03:09.807 | INFO     | xl_utils.adapter.excel_load:open_workbook:240 - Workbook opened: 01.All Product List.xlsx
2025-10-25 10:03:09.808 | DEBUG    | xl_utils.adapter.excel_load:get_worksheet:298 - Accessing worksheet: Purchase
2025-10-25 10:03:10.024 | INFO     | xl_utils.adapter.excel_load:get_worksheet:312 - Worksheet accessed: Purchase
2025-10-25 10:03:10.061 | SUCCESS  | scripts.xloto.adapter.xloto:run:346 -   Loaded DataFrame: 4 rows
2025-10-25 10:03:10.062 | INFO     | scripts.xloto.adapter.xloto:run:351 - [2/4] Extracting CAS No...
2025-10-25 10:03:10.063 | DEBUG    | scripts.xloto.adapter.xloto:cas_extractor:258 - CasExtractor created
2025-10-25 10:03:10.069 | SUCCESS  | scripts.xloto.adapter.xloto:run:359 -   Extracted 1 CAS No
2025-10-25 10:03:10.069 | DEBUG    | scripts.xloto.adapter.xloto:run:360 -   CAS List: [{'cas_no': 'CAPEA-001', 'translation_row': 3, 'translation_col': None}]
2025-10-25 10:03:10.070 | INFO     | scripts.xloto.adapter.xloto:run:371 - [3/4] Processing 1 CAS No...
2025-10-25 10:03:10.071 | INFO     | scripts.xloto.adapter.xloto:run:378 -   [1/1] Processing: CAPEA-001
2025-10-25 10:03:10.072 | DEBUG    | scripts.xloto.adapter.xloto:image_manager:247 - ImageFileManager created
2025-10-25 10:03:10.076 | INFO     | scripts.xloto.adapter.xloto:run:393 -     Found 4 images
2025-10-25 10:03:10.076 | INFO     | scripts.xloto.adapter.xloto:run:402 -     [1/4] 01.jpg
2025-10-25 10:03:10.077 | DEBUG    | scripts.xloto.adapter.xloto:run:406 -       Override: directory=M:\CALife\CAShop - 구매대행\_code\scripts\xloto\test\images\CAPEA-001\output, filename=01.jpg
2025-10-25 10:03:10.078 | DEBUG    | oto.adapter.oto:__init__:238 - Oto adapter initialized (parent logger only)
2025-10-25 10:03:10.079 | DEBUG    | scripts.xloto.adapter.xloto:OTO:235 - OTO adapter created
2025-10-25 10:03:10.079 | INFO     | oto.adapter.oto:run:375 - ================================================================================
2025-10-25 10:03:10.080 | INFO     | oto.adapter.oto:run:376 - 🖼️  Oto Pipeline: 01.jpg
2025-10-25 10:03:10.081 | INFO     | oto.adapter.oto:run:377 - ================================================================================

2025-10-25 10:03:10.082 | INFO     | oto.adapter.oto:run:382 - [0/5] ImageLoad: Loading image...
2025-10-25 10:03:10.088 | DEBUG    | image_utils.adapter.load:__init__:63 - ImageLoad initialized with dual logging
2025-10-25 10:03:10.090 | INFO     | image_utils.adapter.load:_log_both:88 - Loading from: M:\CALife\CAShop - 구매대행\_code\scripts\xloto\test\images\CAPEA-001\input\01.jpg
2025-10-25 10:03:10.137 | SUCCESS  | image_utils.adapter.load:_log_both:88 - Completed: (1500, 2322) -> (1500, 2322)
2025-10-25 10:03:10.139 | SUCCESS  | oto.adapter.oto:run:408 - ✅ Image loaded: (1500, 2322) RGB
2025-10-25 10:03:10.140 | INFO     | oto.adapter.oto:run:413 - 
[1/5] ImageTextRecognize: Running OCR...
2025-10-25 10:03:10.150 | DEBUG    | image_utils.adapter.text_recognize:__init__:96 - ImageTextRecognize initialized with dual logging
2025-10-25 10:03:10.151 | INFO     | image_utils.adapter.text_recognize:run:226 - Running OCR on image: (1500, 2322) RGB
2025-10-25 10:03:18.344 | INFO     | image_utils.adapter.text_recognize:_load_ocr_engine:150 - Initializing PaddleOCR: langs=['ch', 'en']
2025-10-25 10:03:18.345 | INFO     | image_utils.adapter.text_recognize:_load_ocr_engine:161 -   use_doc_orientation_classify: False
2025-10-25 10:03:18.346 | INFO     | image_utils.adapter.text_recognize:_load_ocr_engine:162 -   use_doc_unwarping: False
2025-10-25 10:03:33.296 | SUCCESS  | image_utils.adapter.text_recognize:_load_ocr_engine:165 - PaddleOCR initialized successfully
2025-10-25 10:03:47.881 | INFO     | image_utils.adapter.text_recognize:run:254 - OCR detected 13 items
2025-10-25 10:03:47.885 | DEBUG    | image_utils.adapter.text_recognize:_postprocess_items:464 - Stripped special chars: '200W/PD快充新高度' -> '200W PD快充新高度'
2025-10-25 10:03:47.887 | INFO     | image_utils.adapter.text_recognize:_postprocess_items:474 - Filtered alphanumeric-only items: 13 -> 12
2025-10-25 10:03:47.890 | SUCCESS  | image_utils.adapter.text_recognize:run:259 - OCR completed: 12 items after postprocessing
2025-10-25 10:03:47.892 | SUCCESS  | oto.adapter.oto:run:434 - ✅ OCR completed: 12 items
2025-10-25 10:03:47.893 | INFO     | oto.adapter.oto:run:444 - 
[2/5] Translate: Translating texts...
2025-10-25 10:03:47.894 | INFO     | oto.adapter.oto:run:454 -   Original texts: 12
2025-10-25 10:03:47.902 | DEBUG    | translate_utils.adapter.translate:__init__:106 - Translate initialized with dual logging
2025-10-25 10:03:47.903 | INFO     | translate_utils.adapter.translate:run:251 - [Translate] Translating 12 texts
2025-10-25 10:03:47.904 | DEBUG    | translate_utils.adapter.translate:pipeline:177 - Creating translation pipeline
2025-10-25 10:03:47.906 | DEBUG    | translate_utils.adapter.translate:provider:161 - Creating provider: deepl
2025-10-25 10:03:47.909 | SUCCESS  | translate_utils.adapter.translate:run:302 - [Translate] Completed: 9 translations
2025-10-25 10:03:47.910 | SUCCESS  | oto.adapter.oto:run:487 - ✅ Translation completed: 9 texts
2025-10-25 10:03:47.910 | INFO     | oto.adapter.oto:run:492 - 
[3/5] Conversion: OCRItem → OverlayItem...
2025-10-25 10:03:47.911 | SUCCESS  | oto.adapter.oto:run:508 - ✅ Converted: 12 overlay items
2025-10-25 10:03:47.912 | INFO     | oto.adapter.oto:run:513 - 
[4/5] ImageOverlay: Rendering overlay + saving...
2025-10-25 10:03:47.920 | DEBUG    | image_utils.adapter.overlay:__init__:88 - ImageOverlay initialized with dual logging
2025-10-25 10:03:47.925 | INFO     | image_utils.adapter.overlay:run:213 - Overlaying 12 items on image (1500, 2322)...
2025-10-25 10:03:47.983 | DEBUG    | image_utils.adapter.overlay:run:260 - Compositing layers...
2025-10-25 10:03:48.017 | SUCCESS  | image_utils.adapter.overlay:run:281 - Overlay completed: 12 items rendered
2025-10-25 10:03:48.104 | ERROR    | image_utils.adapter.overlay:_log_both:117 - Failed to save overlaid image: unknown file extension: 
2025-10-25 10:03:48.109 | INFO     | image_utils.adapter.overlay:_log_both:117 - Overlay metadata saved: M:\CALife\CAShop - 구매대행\_code\scripts\xloto\test\images\01_overlay_meta.json
2025-10-25 10:03:48.113 | SUCCESS  | oto.adapter.oto:run:543 - ✅ Overlay completed (Adapter handled save/meta)
2025-10-25 10:03:48.115 | INFO     | oto.adapter.oto:run:547 - 
================================================================================
2025-10-25 10:03:48.115 | SUCCESS  | oto.adapter.oto:run:548 - ✅ Oto Pipeline Completed: 01.jpg
2025-10-25 10:03:48.116 | INFO     | oto.adapter.oto:run:549 - ================================================================================

2025-10-25 10:03:48.117 | SUCCESS  | scripts.xloto.adapter.xloto:run:414 -       Saved to: M:\CALife\CAShop - 구매대행\_code\scripts\xloto\test\images\CAPEA-001\output\01.jpg
2025-10-25 10:03:48.118 | INFO     | scripts.xloto.adapter.xloto:run:402 -     [2/4] 02.jpg
2025-10-25 10:03:48.119 | DEBUG    | scripts.xloto.adapter.xloto:run:406 -       Override: directory=M:\CALife\CAShop - 구매대행\_code\scripts\xloto\test\images\CAPEA-001\output, filename=02.jpg
2025-10-25 10:03:48.119 | INFO     | oto.adapter.oto:run:375 - ================================================================================
2025-10-25 10:03:48.120 | INFO     | oto.adapter.oto:run:376 - 🖼️  Oto Pipeline: 02.jpg
2025-10-25 10:03:48.120 | INFO     | oto.adapter.oto:run:377 - ================================================================================

2025-10-25 10:03:48.121 | INFO     | oto.adapter.oto:run:382 - [0/5] ImageLoad: Loading image...
2025-10-25 10:03:48.122 | INFO     | image_utils.adapter.load:_log_both:88 - Loading from: M:\CALife\CAShop - 구매대행\_code\scripts\xloto\test\images\CAPEA-001\input\02.jpg
2025-10-25 10:03:48.147 | SUCCESS  | image_utils.adapter.load:_log_both:88 - Completed: (1500, 2322) -> (1500, 2322)
2025-10-25 10:03:48.150 | SUCCESS  | oto.adapter.oto:run:408 - ✅ Image loaded: (1500, 2322) RGB
2025-10-25 10:03:48.151 | INFO     | oto.adapter.oto:run:413 - 
[1/5] ImageTextRecognize: Running OCR...
2025-10-25 10:03:48.152 | INFO     | image_utils.adapter.text_recognize:run:226 - Running OCR on image: (1500, 2322) RGB
2025-10-25 10:04:04.363 | INFO     | image_utils.adapter.text_recognize:run:254 - OCR detected 13 items
2025-10-25 10:04:04.364 | DEBUG    | image_utils.adapter.text_recognize:_postprocess_items:464 - Stripped special chars: '200W/PD快充新高度' -> '200W PD快充新高度'
2025-10-25 10:04:04.365 | INFO     | image_utils.adapter.text_recognize:_postprocess_items:474 - Filtered alphanumeric-only items: 13 -> 12
2025-10-25 10:04:04.366 | SUCCESS  | image_utils.adapter.text_recognize:run:259 - OCR completed: 12 items after postprocessing
2025-10-25 10:04:04.368 | SUCCESS  | oto.adapter.oto:run:434 - ✅ OCR completed: 12 items
2025-10-25 10:04:04.368 | INFO     | oto.adapter.oto:run:444 - 
[2/5] Translate: Translating texts...
2025-10-25 10:04:04.368 | INFO     | oto.adapter.oto:run:454 -   Original texts: 12
2025-10-25 10:04:04.370 | INFO     | translate_utils.adapter.translate:run:251 - [Translate] Translating 12 texts
2025-10-25 10:04:04.370 | INFO     | translate_utils.services.pipeline:run:89 - [Pipeline] Translating 9 uncached segments (bulk)
2025-10-25 10:04:05.266 | SUCCESS  | translate_utils.adapter.translate:run:302 - [Translate] Completed: 9 translations
2025-10-25 10:04:05.268 | SUCCESS  | oto.adapter.oto:run:487 - ✅ Translation completed: 9 texts
2025-10-25 10:04:05.268 | INFO     | oto.adapter.oto:run:492 - 
[3/5] Conversion: OCRItem → OverlayItem...
2025-10-25 10:04:05.269 | SUCCESS  | oto.adapter.oto:run:508 - ✅ Converted: 12 overlay items
2025-10-25 10:04:05.271 | INFO     | oto.adapter.oto:run:513 - 
[4/5] ImageOverlay: Rendering overlay + saving...
2025-10-25 10:04:05.274 | INFO     | image_utils.adapter.overlay:run:213 - Overlaying 12 items on image (1500, 2322)...
2025-10-25 10:04:05.329 | DEBUG    | image_utils.adapter.overlay:run:260 - Compositing layers...
2025-10-25 10:04:05.366 | SUCCESS  | image_utils.adapter.overlay:run:281 - Overlay completed: 12 items rendered
2025-10-25 10:04:05.369 | ERROR    | image_utils.adapter.overlay:_log_both:117 - Failed to save overlaid image: unknown file extension: 
2025-10-25 10:04:05.374 | INFO     | image_utils.adapter.overlay:_log_both:117 - Overlay metadata saved: M:\CALife\CAShop - 구매대행\_code\scripts\xloto\test\images\02_overlay_meta.json
2025-10-25 10:04:05.378 | SUCCESS  | oto.adapter.oto:run:543 - ✅ Overlay completed (Adapter handled save/meta)
2025-10-25 10:04:05.379 | INFO     | oto.adapter.oto:run:547 - 
================================================================================
2025-10-25 10:04:05.380 | SUCCESS  | oto.adapter.oto:run:548 - ✅ Oto Pipeline Completed: 02.jpg
2025-10-25 10:04:05.381 | INFO     | oto.adapter.oto:run:549 - ================================================================================

2025-10-25 10:04:05.383 | SUCCESS  | scripts.xloto.adapter.xloto:run:414 -       Saved to: M:\CALife\CAShop - 구매대행\_code\scripts\xloto\test\images\CAPEA-001\output\02.jpg
2025-10-25 10:04:05.384 | INFO     | scripts.xloto.adapter.xloto:run:402 -     [3/4] 01.jpg
2025-10-25 10:04:05.385 | DEBUG    | scripts.xloto.adapter.xloto:run:406 -       Override: directory=M:\CALife\CAShop - 구매대행\_code\scripts\xloto\test\images\CAPEA-001\output, filename=01.jpg
2025-10-25 10:04:05.385 | INFO     | oto.adapter.oto:run:375 - ================================================================================
2025-10-25 10:04:05.386 | INFO     | oto.adapter.oto:run:376 - 🖼️  Oto Pipeline: 01.jpg
2025-10-25 10:04:05.386 | INFO     | oto.adapter.oto:run:377 - ================================================================================

2025-10-25 10:04:05.387 | INFO     | oto.adapter.oto:run:382 - [0/5] ImageLoad: Loading image...
2025-10-25 10:04:05.389 | INFO     | image_utils.adapter.load:_log_both:88 - Loading from: M:\CALife\CAShop - 구매대행\_code\scripts\xloto\test\images\CAPEA-001\input\01.jpg
2025-10-25 10:04:05.416 | SUCCESS  | image_utils.adapter.load:_log_both:88 - Completed: (1500, 2322) -> (1500, 2322)
2025-10-25 10:04:05.419 | SUCCESS  | oto.adapter.oto:run:408 - ✅ Image loaded: (1500, 2322) RGB
2025-10-25 10:04:05.420 | INFO     | oto.adapter.oto:run:413 - 
[1/5] ImageTextRecognize: Running OCR...
2025-10-25 10:04:05.421 | INFO     | image_utils.adapter.text_recognize:run:226 - Running OCR on image: (1500, 2322) RGB
2025-10-25 10:04:23.015 | INFO     | image_utils.adapter.text_recognize:run:254 - OCR detected 13 items
2025-10-25 10:04:23.016 | DEBUG    | image_utils.adapter.text_recognize:_postprocess_items:464 - Stripped special chars: '200W/PD快充新高度' -> '200W PD快充新高度'
2025-10-25 10:04:23.017 | INFO     | image_utils.adapter.text_recognize:_postprocess_items:474 - Filtered alphanumeric-only items: 13 -> 12
2025-10-25 10:04:23.017 | SUCCESS  | image_utils.adapter.text_recognize:run:259 - OCR completed: 12 items after postprocessing
2025-10-25 10:04:23.018 | SUCCESS  | oto.adapter.oto:run:434 - ✅ OCR completed: 12 items
2025-10-25 10:04:23.019 | INFO     | oto.adapter.oto:run:444 - 
[2/5] Translate: Translating texts...
2025-10-25 10:04:23.021 | INFO     | oto.adapter.oto:run:454 -   Original texts: 12
2025-10-25 10:04:23.021 | INFO     | translate_utils.adapter.translate:run:251 - [Translate] Translating 12 texts
2025-10-25 10:04:23.022 | INFO     | translate_utils.services.pipeline:run:89 - [Pipeline] Translating 9 uncached segments (bulk)
2025-10-25 10:04:23.328 | SUCCESS  | translate_utils.adapter.translate:run:302 - [Translate] Completed: 9 translations
2025-10-25 10:04:23.329 | SUCCESS  | oto.adapter.oto:run:487 - ✅ Translation completed: 9 texts
2025-10-25 10:04:23.331 | INFO     | oto.adapter.oto:run:492 - 
[3/5] Conversion: OCRItem → OverlayItem...
2025-10-25 10:04:23.332 | SUCCESS  | oto.adapter.oto:run:508 - ✅ Converted: 12 overlay items
2025-10-25 10:04:23.333 | INFO     | oto.adapter.oto:run:513 - 
[4/5] ImageOverlay: Rendering overlay + saving...
2025-10-25 10:04:23.337 | INFO     | image_utils.adapter.overlay:run:213 - Overlaying 12 items on image (1500, 2322)...
2025-10-25 10:04:23.392 | DEBUG    | image_utils.adapter.overlay:run:260 - Compositing layers...
2025-10-25 10:04:23.427 | SUCCESS  | image_utils.adapter.overlay:run:281 - Overlay completed: 12 items rendered
2025-10-25 10:04:23.431 | ERROR    | image_utils.adapter.overlay:_log_both:117 - Failed to save overlaid image: unknown file extension: 
2025-10-25 10:04:23.435 | INFO     | image_utils.adapter.overlay:_log_both:117 - Overlay metadata saved: M:\CALife\CAShop - 구매대행\_code\scripts\xloto\test\images\01_overlay_meta.json
2025-10-25 10:04:23.439 | SUCCESS  | oto.adapter.oto:run:543 - ✅ Overlay completed (Adapter handled save/meta)
2025-10-25 10:04:23.440 | INFO     | oto.adapter.oto:run:547 - 
================================================================================
2025-10-25 10:04:23.441 | SUCCESS  | oto.adapter.oto:run:548 - ✅ Oto Pipeline Completed: 01.jpg
2025-10-25 10:04:23.441 | INFO     | oto.adapter.oto:run:549 - ================================================================================

2025-10-25 10:04:23.444 | SUCCESS  | scripts.xloto.adapter.xloto:run:414 -       Saved to: M:\CALife\CAShop - 구매대행\_code\scripts\xloto\test\images\CAPEA-001\output\01.jpg
2025-10-25 10:04:23.444 | INFO     | scripts.xloto.adapter.xloto:run:402 -     [4/4] 02.jpg
2025-10-25 10:04:23.445 | DEBUG    | scripts.xloto.adapter.xloto:run:406 -       Override: directory=M:\CALife\CAShop - 구매대행\_code\scripts\xloto\test\images\CAPEA-001\output, filename=02.jpg
2025-10-25 10:04:23.445 | INFO     | oto.adapter.oto:run:375 - ================================================================================
2025-10-25 10:04:23.446 | INFO     | oto.adapter.oto:run:376 - 🖼️  Oto Pipeline: 02.jpg
2025-10-25 10:04:23.447 | INFO     | oto.adapter.oto:run:377 - ================================================================================

2025-10-25 10:04:23.448 | INFO     | oto.adapter.oto:run:382 - [0/5] ImageLoad: Loading image...
2025-10-25 10:04:23.449 | INFO     | image_utils.adapter.load:_log_both:88 - Loading from: M:\CALife\CAShop - 구매대행\_code\scripts\xloto\test\images\CAPEA-001\input\02.jpg
2025-10-25 10:04:23.475 | SUCCESS  | image_utils.adapter.load:_log_both:88 - Completed: (1500, 2322) -> (1500, 2322)
2025-10-25 10:04:23.478 | SUCCESS  | oto.adapter.oto:run:408 - ✅ Image loaded: (1500, 2322) RGB
2025-10-25 10:04:23.480 | INFO     | oto.adapter.oto:run:413 - 
[1/5] ImageTextRecognize: Running OCR...
2025-10-25 10:04:23.480 | INFO     | image_utils.adapter.text_recognize:run:226 - Running OCR on image: (1500, 2322) RGB
2025-10-25 10:04:44.166 | INFO     | image_utils.adapter.text_recognize:run:254 - OCR detected 13 items
2025-10-25 10:04:44.168 | DEBUG    | image_utils.adapter.text_recognize:_postprocess_items:464 - Stripped special chars: '200W/PD快充新高度' -> '200W PD快充新高度'
2025-10-25 10:04:44.168 | INFO     | image_utils.adapter.text_recognize:_postprocess_items:474 - Filtered alphanumeric-only items: 13 -> 12
2025-10-25 10:04:44.169 | SUCCESS  | image_utils.adapter.text_recognize:run:259 - OCR completed: 12 items after postprocessing
2025-10-25 10:04:44.170 | SUCCESS  | oto.adapter.oto:run:434 - ✅ OCR completed: 12 items
2025-10-25 10:04:44.171 | INFO     | oto.adapter.oto:run:444 - 
[2/5] Translate: Translating texts...
2025-10-25 10:04:44.172 | INFO     | oto.adapter.oto:run:454 -   Original texts: 12
2025-10-25 10:04:44.173 | INFO     | translate_utils.adapter.translate:run:251 - [Translate] Translating 12 texts
2025-10-25 10:04:44.173 | INFO     | translate_utils.services.pipeline:run:89 - [Pipeline] Translating 9 uncached segments (bulk)
2025-10-25 10:04:44.546 | SUCCESS  | translate_utils.adapter.translate:run:302 - [Translate] Completed: 9 translations
2025-10-25 10:04:44.546 | SUCCESS  | oto.adapter.oto:run:487 - ✅ Translation completed: 9 texts
2025-10-25 10:04:44.547 | INFO     | oto.adapter.oto:run:492 - 
[3/5] Conversion: OCRItem → OverlayItem...
2025-10-25 10:04:44.548 | SUCCESS  | oto.adapter.oto:run:508 - ✅ Converted: 12 overlay items
2025-10-25 10:04:44.549 | INFO     | oto.adapter.oto:run:513 - 
[4/5] ImageOverlay: Rendering overlay + saving...
2025-10-25 10:04:44.552 | INFO     | image_utils.adapter.overlay:run:213 - Overlaying 12 items on image (1500, 2322)...
2025-10-25 10:04:44.616 | DEBUG    | image_utils.adapter.overlay:run:260 - Compositing layers...
2025-10-25 10:04:44.653 | SUCCESS  | image_utils.adapter.overlay:run:281 - Overlay completed: 12 items rendered
2025-10-25 10:04:44.656 | ERROR    | image_utils.adapter.overlay:_log_both:117 - Failed to save overlaid image: unknown file extension: 
2025-10-25 10:04:44.662 | INFO     | image_utils.adapter.overlay:_log_both:117 - Overlay metadata saved: M:\CALife\CAShop - 구매대행\_code\scripts\xloto\test\images\02_overlay_meta.json
2025-10-25 10:04:44.666 | SUCCESS  | oto.adapter.oto:run:543 - ✅ Overlay completed (Adapter handled save/meta)
2025-10-25 10:04:44.667 | INFO     | oto.adapter.oto:run:547 - 
================================================================================
2025-10-25 10:04:44.668 | SUCCESS  | oto.adapter.oto:run:548 - ✅ Oto Pipeline Completed: 02.jpg
2025-10-25 10:04:44.668 | INFO     | oto.adapter.oto:run:549 - ================================================================================

2025-10-25 10:04:44.672 | SUCCESS  | scripts.xloto.adapter.xloto:run:414 -       Saved to: M:\CALife\CAShop - 구매대행\_code\scripts\xloto\test\images\CAPEA-001\output\02.jpg
2025-10-25 10:04:44.672 | SUCCESS  | scripts.xloto.adapter.xloto:run:422 -     Processed: 4/4
2025-10-25 10:04:44.673 | INFO     | scripts.xloto.adapter.xloto:run:441 - [4/4] Updating Excel...
2025-10-25 10:04:44.673 | DEBUG    | scripts.xloto.adapter.xloto:excel_updater:266 - ExcelUpdater created
2025-10-25 10:04:44.727 | SUCCESS  | scripts.xloto.adapter.xloto:run:449 -   Updated 0 cells
2025-10-25 10:04:45.134 | DEBUG    | xl_utils.adapter.excel_load:close:330 - Excel file closed
2025-10-25 10:04:45.134 | INFO     | scripts.xloto.adapter.xloto:run:453 - ================================================================================
2025-10-25 10:04:45.135 | SUCCESS  | scripts.xloto.adapter.xloto:run:454 - XLOTO Pipeline Completed
2025-10-25 10:04:45.136 | INFO     | scripts.xloto.adapter.xloto:run:455 -    Total: 1
2025-10-25 10:04:45.137 | INFO     | scripts.xloto.adapter.xloto:run:456 -    Processed: 1
2025-10-25 10:04:45.138 | INFO     | scripts.xloto.adapter.xloto:run:457 - ================================================================================
2025-10-25 10:04:45.182 | DEBUG    | translate_utils.adapter.translate:close:315 - Provider closed
2025-10-25 10:06:09.156 | DEBUG    | scripts.xloto.adapter.xloto:__init__:209 - XLOTO adapter initialized
2025-10-25 10:06:09.156 | INFO     | scripts.xloto.adapter.xloto:run:314 - ================================================================================
2025-10-25 10:06:09.157 | INFO     | scripts.xloto.adapter.xloto:run:315 - XLOTO Pipeline Starting
2025-10-25 10:06:09.158 | INFO     | scripts.xloto.adapter.xloto:run:316 - ================================================================================
2025-10-25 10:06:09.159 | INFO     | scripts.xloto.adapter.xloto:run:321 - [1/4] Loading Excel file...
2025-10-25 10:06:09.160 | DEBUG    | scripts.xloto.adapter.xloto:run:325 -   Excel path from policy: M:/CALife/CAShop - 구매대행/_code/scripts/xloto/test/01.All Product List.xlsx
2025-10-25 10:06:09.171 | INFO     | xl_utils.adapter.excel_load:__init__:118 - ExcelLoad initialized (app mode)
2025-10-25 10:06:09.172 | DEBUG    | xl_utils.adapter.excel_load:open:172 - Opening Excel App (app mode)
2025-10-25 10:06:10.432 | INFO     | xl_utils.adapter.excel_load:open:198 - Excel App opened (app mode)
2025-10-25 10:06:10.433 | DEBUG    | xl_utils.adapter.excel_load:open_workbook:230 - Opening workbook: 01.All Product List.xlsx
2025-10-25 10:06:10.913 | INFO     | xl_utils.adapter.excel_load:open_workbook:240 - Workbook opened: 01.All Product List.xlsx
2025-10-25 10:06:10.915 | DEBUG    | xl_utils.adapter.excel_load:get_worksheet:298 - Accessing worksheet: Purchase
2025-10-25 10:06:11.155 | INFO     | xl_utils.adapter.excel_load:get_worksheet:312 - Worksheet accessed: Purchase
2025-10-25 10:06:11.209 | SUCCESS  | scripts.xloto.adapter.xloto:run:346 -   Loaded DataFrame: 4 rows
2025-10-25 10:06:11.210 | INFO     | scripts.xloto.adapter.xloto:run:351 - [2/4] Extracting CAS No...
2025-10-25 10:06:11.212 | DEBUG    | scripts.xloto.adapter.xloto:cas_extractor:258 - CasExtractor created
2025-10-25 10:06:11.217 | SUCCESS  | scripts.xloto.adapter.xloto:run:359 -   Extracted 1 CAS No
2025-10-25 10:06:11.217 | DEBUG    | scripts.xloto.adapter.xloto:run:360 -   CAS List: [{'cas_no': 'CAPEA-001', 'translation_row': 3, 'translation_col': None}]
2025-10-25 10:06:11.218 | INFO     | scripts.xloto.adapter.xloto:run:371 - [3/4] Processing 1 CAS No...
2025-10-25 10:06:11.219 | INFO     | scripts.xloto.adapter.xloto:run:378 -   [1/1] Processing: CAPEA-001
2025-10-25 10:06:11.220 | DEBUG    | scripts.xloto.adapter.xloto:image_manager:247 - ImageFileManager created
2025-10-25 10:06:11.224 | INFO     | scripts.xloto.adapter.xloto:run:393 -     Found 4 images
2025-10-25 10:06:11.226 | INFO     | scripts.xloto.adapter.xloto:run:402 -     [1/4] 01.jpg
2025-10-25 10:06:11.227 | DEBUG    | scripts.xloto.adapter.xloto:run:406 -       Override: directory=M:\CALife\CAShop - 구매대행\_code\scripts\xloto\test\images\CAPEA-001\output, filename=01.jpg
2025-10-25 10:06:11.228 | DEBUG    | oto.adapter.oto:__init__:238 - Oto adapter initialized (parent logger only)
2025-10-25 10:06:11.229 | DEBUG    | scripts.xloto.adapter.xloto:OTO:235 - OTO adapter created
2025-10-25 10:06:11.230 | INFO     | oto.adapter.oto:run:375 - ================================================================================
2025-10-25 10:06:11.230 | INFO     | oto.adapter.oto:run:376 - 🖼️  Oto Pipeline: 01.jpg
2025-10-25 10:06:11.231 | INFO     | oto.adapter.oto:run:377 - ================================================================================

2025-10-25 10:06:11.232 | INFO     | oto.adapter.oto:run:382 - [0/5] ImageLoad: Loading image...
2025-10-25 10:06:11.237 | DEBUG    | image_utils.adapter.load:__init__:63 - ImageLoad initialized with dual logging
2025-10-25 10:06:11.239 | INFO     | image_utils.adapter.load:_log_both:88 - Loading from: M:\CALife\CAShop - 구매대행\_code\scripts\xloto\test\images\CAPEA-001\input\01.jpg
2025-10-25 10:06:11.295 | SUCCESS  | image_utils.adapter.load:_log_both:88 - Completed: (1500, 2322) -> (1500, 2322)
2025-10-25 10:06:11.297 | SUCCESS  | oto.adapter.oto:run:408 - ✅ Image loaded: (1500, 2322) RGB
2025-10-25 10:06:11.298 | INFO     | oto.adapter.oto:run:413 - 
[1/5] ImageTextRecognize: Running OCR...
2025-10-25 10:06:11.308 | DEBUG    | image_utils.adapter.text_recognize:__init__:96 - ImageTextRecognize initialized with dual logging
2025-10-25 10:06:11.311 | INFO     | image_utils.adapter.text_recognize:run:226 - Running OCR on image: (1500, 2322) RGB
2025-10-25 10:06:19.913 | INFO     | image_utils.adapter.text_recognize:_load_ocr_engine:150 - Initializing PaddleOCR: langs=['ch', 'en']
2025-10-25 10:06:19.914 | INFO     | image_utils.adapter.text_recognize:_load_ocr_engine:161 -   use_doc_orientation_classify: False
2025-10-25 10:06:19.915 | INFO     | image_utils.adapter.text_recognize:_load_ocr_engine:162 -   use_doc_unwarping: False
2025-10-25 10:06:35.060 | SUCCESS  | image_utils.adapter.text_recognize:_load_ocr_engine:165 - PaddleOCR initialized successfully
2025-10-25 10:07:00.153 | INFO     | image_utils.adapter.text_recognize:run:254 - OCR detected 13 items
2025-10-25 10:07:00.155 | DEBUG    | image_utils.adapter.text_recognize:_postprocess_items:464 - Stripped special chars: '200W/PD快充新高度' -> '200W PD快充新高度'
2025-10-25 10:07:00.158 | INFO     | image_utils.adapter.text_recognize:_postprocess_items:474 - Filtered alphanumeric-only items: 13 -> 12
2025-10-25 10:07:00.159 | SUCCESS  | image_utils.adapter.text_recognize:run:259 - OCR completed: 12 items after postprocessing
2025-10-25 10:07:00.160 | SUCCESS  | oto.adapter.oto:run:434 - ✅ OCR completed: 12 items
2025-10-25 10:07:00.161 | INFO     | oto.adapter.oto:run:444 - 
[2/5] Translate: Translating texts...
2025-10-25 10:07:00.162 | INFO     | oto.adapter.oto:run:454 -   Original texts: 12
2025-10-25 10:07:00.171 | DEBUG    | translate_utils.adapter.translate:__init__:106 - Translate initialized with dual logging
2025-10-25 10:07:00.172 | INFO     | translate_utils.adapter.translate:run:251 - [Translate] Translating 12 texts
2025-10-25 10:07:00.173 | DEBUG    | translate_utils.adapter.translate:pipeline:177 - Creating translation pipeline
2025-10-25 10:07:00.175 | DEBUG    | translate_utils.adapter.translate:provider:161 - Creating provider: deepl
2025-10-25 10:07:00.177 | SUCCESS  | translate_utils.adapter.translate:run:302 - [Translate] Completed: 9 translations
2025-10-25 10:07:00.179 | SUCCESS  | oto.adapter.oto:run:487 - ✅ Translation completed: 9 texts
2025-10-25 10:07:00.180 | INFO     | oto.adapter.oto:run:492 - 
[3/5] Conversion: OCRItem → OverlayItem...
2025-10-25 10:07:00.181 | SUCCESS  | oto.adapter.oto:run:508 - ✅ Converted: 12 overlay items
2025-10-25 10:07:00.181 | INFO     | oto.adapter.oto:run:513 - 
[4/5] ImageOverlay: Rendering overlay + saving...
2025-10-25 10:07:00.187 | DEBUG    | image_utils.adapter.overlay:__init__:88 - ImageOverlay initialized with dual logging
2025-10-25 10:07:00.191 | INFO     | image_utils.adapter.overlay:run:215 - Overlaying 12 items on image (1500, 2322)...
2025-10-25 10:07:00.252 | DEBUG    | image_utils.adapter.overlay:run:262 - Compositing layers...
2025-10-25 10:07:00.295 | SUCCESS  | image_utils.adapter.overlay:run:283 - Overlay completed: 12 items rendered
2025-10-25 10:07:00.383 | ERROR    | image_utils.adapter.overlay:_log_both:117 - Failed to save overlaid image: unknown file extension: 
2025-10-25 10:07:00.388 | INFO     | image_utils.adapter.overlay:_log_both:117 - Overlay metadata saved: M:\CALife\CAShop - 구매대행\_code\scripts\xloto\test\images\01_overlay_meta.json
2025-10-25 10:07:00.392 | SUCCESS  | oto.adapter.oto:run:543 - ✅ Overlay completed (Adapter handled save/meta)
2025-10-25 10:07:00.393 | INFO     | oto.adapter.oto:run:547 - 
================================================================================
2025-10-25 10:07:00.394 | SUCCESS  | oto.adapter.oto:run:548 - ✅ Oto Pipeline Completed: 01.jpg
2025-10-25 10:07:00.395 | INFO     | oto.adapter.oto:run:549 - ================================================================================

2025-10-25 10:07:00.396 | SUCCESS  | scripts.xloto.adapter.xloto:run:414 -       Saved to: M:\CALife\CAShop - 구매대행\_code\scripts\xloto\test\images\CAPEA-001\output\01.jpg
2025-10-25 10:07:00.397 | INFO     | scripts.xloto.adapter.xloto:run:402 -     [2/4] 02.jpg
2025-10-25 10:07:00.397 | DEBUG    | scripts.xloto.adapter.xloto:run:406 -       Override: directory=M:\CALife\CAShop - 구매대행\_code\scripts\xloto\test\images\CAPEA-001\output, filename=02.jpg
2025-10-25 10:07:00.398 | INFO     | oto.adapter.oto:run:375 - ================================================================================
2025-10-25 10:07:00.398 | INFO     | oto.adapter.oto:run:376 - 🖼️  Oto Pipeline: 02.jpg
2025-10-25 10:07:00.399 | INFO     | oto.adapter.oto:run:377 - ================================================================================

2025-10-25 10:07:00.399 | INFO     | oto.adapter.oto:run:382 - [0/5] ImageLoad: Loading image...
2025-10-25 10:07:00.400 | INFO     | image_utils.adapter.load:_log_both:88 - Loading from: M:\CALife\CAShop - 구매대행\_code\scripts\xloto\test\images\CAPEA-001\input\02.jpg
2025-10-25 10:07:00.428 | SUCCESS  | image_utils.adapter.load:_log_both:88 - Completed: (1500, 2322) -> (1500, 2322)
2025-10-25 10:07:00.431 | SUCCESS  | oto.adapter.oto:run:408 - ✅ Image loaded: (1500, 2322) RGB
2025-10-25 10:07:00.431 | INFO     | oto.adapter.oto:run:413 - 
[1/5] ImageTextRecognize: Running OCR...
2025-10-25 10:07:00.433 | INFO     | image_utils.adapter.text_recognize:run:226 - Running OCR on image: (1500, 2322) RGB
2025-10-25 10:07:22.013 | INFO     | image_utils.adapter.text_recognize:run:254 - OCR detected 13 items
2025-10-25 10:07:22.014 | DEBUG    | image_utils.adapter.text_recognize:_postprocess_items:464 - Stripped special chars: '200W/PD快充新高度' -> '200W PD快充新高度'
2025-10-25 10:07:22.015 | INFO     | image_utils.adapter.text_recognize:_postprocess_items:474 - Filtered alphanumeric-only items: 13 -> 12
2025-10-25 10:07:22.016 | SUCCESS  | image_utils.adapter.text_recognize:run:259 - OCR completed: 12 items after postprocessing
2025-10-25 10:07:22.017 | SUCCESS  | oto.adapter.oto:run:434 - ✅ OCR completed: 12 items
2025-10-25 10:07:22.019 | INFO     | oto.adapter.oto:run:444 - 
[2/5] Translate: Translating texts...
2025-10-25 10:07:22.020 | INFO     | oto.adapter.oto:run:454 -   Original texts: 12
2025-10-25 10:07:22.021 | INFO     | translate_utils.adapter.translate:run:251 - [Translate] Translating 12 texts
2025-10-25 10:07:22.022 | INFO     | translate_utils.services.pipeline:run:89 - [Pipeline] Translating 9 uncached segments (bulk)
2025-10-25 10:07:22.823 | SUCCESS  | translate_utils.adapter.translate:run:302 - [Translate] Completed: 9 translations
2025-10-25 10:07:22.823 | SUCCESS  | oto.adapter.oto:run:487 - ✅ Translation completed: 9 texts
2025-10-25 10:07:22.824 | INFO     | oto.adapter.oto:run:492 - 
[3/5] Conversion: OCRItem → OverlayItem...
2025-10-25 10:07:22.825 | SUCCESS  | oto.adapter.oto:run:508 - ✅ Converted: 12 overlay items
2025-10-25 10:07:22.826 | INFO     | oto.adapter.oto:run:513 - 
[4/5] ImageOverlay: Rendering overlay + saving...
2025-10-25 10:07:22.829 | INFO     | image_utils.adapter.overlay:run:215 - Overlaying 12 items on image (1500, 2322)...
2025-10-25 10:07:22.887 | DEBUG    | image_utils.adapter.overlay:run:262 - Compositing layers...
2025-10-25 10:07:22.923 | SUCCESS  | image_utils.adapter.overlay:run:283 - Overlay completed: 12 items rendered
2025-10-25 10:07:22.926 | ERROR    | image_utils.adapter.overlay:_log_both:117 - Failed to save overlaid image: unknown file extension: 
2025-10-25 10:07:22.931 | INFO     | image_utils.adapter.overlay:_log_both:117 - Overlay metadata saved: M:\CALife\CAShop - 구매대행\_code\scripts\xloto\test\images\02_overlay_meta.json
2025-10-25 10:07:22.946 | SUCCESS  | oto.adapter.oto:run:543 - ✅ Overlay completed (Adapter handled save/meta)
2025-10-25 10:07:22.947 | INFO     | oto.adapter.oto:run:547 - 
================================================================================
2025-10-25 10:07:22.949 | SUCCESS  | oto.adapter.oto:run:548 - ✅ Oto Pipeline Completed: 02.jpg
2025-10-25 10:07:22.950 | INFO     | oto.adapter.oto:run:549 - ================================================================================

2025-10-25 10:07:22.956 | SUCCESS  | scripts.xloto.adapter.xloto:run:414 -       Saved to: M:\CALife\CAShop - 구매대행\_code\scripts\xloto\test\images\CAPEA-001\output\02.jpg
2025-10-25 10:07:22.957 | INFO     | scripts.xloto.adapter.xloto:run:402 -     [3/4] 01.jpg
2025-10-25 10:07:22.958 | DEBUG    | scripts.xloto.adapter.xloto:run:406 -       Override: directory=M:\CALife\CAShop - 구매대행\_code\scripts\xloto\test\images\CAPEA-001\output, filename=01.jpg
2025-10-25 10:07:22.958 | INFO     | oto.adapter.oto:run:375 - ================================================================================
2025-10-25 10:07:22.959 | INFO     | oto.adapter.oto:run:376 - 🖼️  Oto Pipeline: 01.jpg
2025-10-25 10:07:22.960 | INFO     | oto.adapter.oto:run:377 - ================================================================================

2025-10-25 10:07:22.960 | INFO     | oto.adapter.oto:run:382 - [0/5] ImageLoad: Loading image...
2025-10-25 10:07:22.962 | INFO     | image_utils.adapter.load:_log_both:88 - Loading from: M:\CALife\CAShop - 구매대행\_code\scripts\xloto\test\images\CAPEA-001\input\01.jpg
2025-10-25 10:07:22.994 | SUCCESS  | image_utils.adapter.load:_log_both:88 - Completed: (1500, 2322) -> (1500, 2322)
2025-10-25 10:07:22.997 | SUCCESS  | oto.adapter.oto:run:408 - ✅ Image loaded: (1500, 2322) RGB
2025-10-25 10:07:23.000 | INFO     | oto.adapter.oto:run:413 - 
[1/5] ImageTextRecognize: Running OCR...
2025-10-25 10:07:23.001 | INFO     | image_utils.adapter.text_recognize:run:226 - Running OCR on image: (1500, 2322) RGB
2025-10-25 10:07:36.482 | INFO     | image_utils.adapter.text_recognize:run:254 - OCR detected 13 items
2025-10-25 10:07:36.483 | DEBUG    | image_utils.adapter.text_recognize:_postprocess_items:464 - Stripped special chars: '200W/PD快充新高度' -> '200W PD快充新高度'
2025-10-25 10:07:36.483 | INFO     | image_utils.adapter.text_recognize:_postprocess_items:474 - Filtered alphanumeric-only items: 13 -> 12
2025-10-25 10:07:36.484 | SUCCESS  | image_utils.adapter.text_recognize:run:259 - OCR completed: 12 items after postprocessing
2025-10-25 10:07:36.485 | SUCCESS  | oto.adapter.oto:run:434 - ✅ OCR completed: 12 items
2025-10-25 10:07:36.485 | INFO     | oto.adapter.oto:run:444 - 
[2/5] Translate: Translating texts...
2025-10-25 10:07:36.487 | INFO     | oto.adapter.oto:run:454 -   Original texts: 12
2025-10-25 10:07:36.488 | INFO     | translate_utils.adapter.translate:run:251 - [Translate] Translating 12 texts
2025-10-25 10:07:36.489 | INFO     | translate_utils.services.pipeline:run:89 - [Pipeline] Translating 9 uncached segments (bulk)
2025-10-25 10:07:36.801 | SUCCESS  | translate_utils.adapter.translate:run:302 - [Translate] Completed: 9 translations
2025-10-25 10:07:36.802 | SUCCESS  | oto.adapter.oto:run:487 - ✅ Translation completed: 9 texts
2025-10-25 10:07:36.803 | INFO     | oto.adapter.oto:run:492 - 
[3/5] Conversion: OCRItem → OverlayItem...
2025-10-25 10:07:36.804 | SUCCESS  | oto.adapter.oto:run:508 - ✅ Converted: 12 overlay items
2025-10-25 10:07:36.805 | INFO     | oto.adapter.oto:run:513 - 
[4/5] ImageOverlay: Rendering overlay + saving...
2025-10-25 10:07:36.807 | INFO     | image_utils.adapter.overlay:run:215 - Overlaying 12 items on image (1500, 2322)...
2025-10-25 10:07:36.876 | DEBUG    | image_utils.adapter.overlay:run:262 - Compositing layers...
2025-10-25 10:07:36.915 | SUCCESS  | image_utils.adapter.overlay:run:283 - Overlay completed: 12 items rendered
2025-10-25 10:07:36.918 | ERROR    | image_utils.adapter.overlay:_log_both:117 - Failed to save overlaid image: unknown file extension: 
2025-10-25 10:07:36.922 | INFO     | image_utils.adapter.overlay:_log_both:117 - Overlay metadata saved: M:\CALife\CAShop - 구매대행\_code\scripts\xloto\test\images\01_overlay_meta.json
2025-10-25 10:07:36.927 | SUCCESS  | oto.adapter.oto:run:543 - ✅ Overlay completed (Adapter handled save/meta)
2025-10-25 10:07:36.928 | INFO     | oto.adapter.oto:run:547 - 
================================================================================
2025-10-25 10:07:36.929 | SUCCESS  | oto.adapter.oto:run:548 - ✅ Oto Pipeline Completed: 01.jpg
2025-10-25 10:07:36.930 | INFO     | oto.adapter.oto:run:549 - ================================================================================

2025-10-25 10:07:36.933 | SUCCESS  | scripts.xloto.adapter.xloto:run:414 -       Saved to: M:\CALife\CAShop - 구매대행\_code\scripts\xloto\test\images\CAPEA-001\output\01.jpg
2025-10-25 10:07:36.933 | INFO     | scripts.xloto.adapter.xloto:run:402 -     [4/4] 02.jpg
2025-10-25 10:07:36.934 | DEBUG    | scripts.xloto.adapter.xloto:run:406 -       Override: directory=M:\CALife\CAShop - 구매대행\_code\scripts\xloto\test\images\CAPEA-001\output, filename=02.jpg
2025-10-25 10:07:36.935 | INFO     | oto.adapter.oto:run:375 - ================================================================================
2025-10-25 10:07:36.935 | INFO     | oto.adapter.oto:run:376 - 🖼️  Oto Pipeline: 02.jpg
2025-10-25 10:07:36.937 | INFO     | oto.adapter.oto:run:377 - ================================================================================

2025-10-25 10:07:36.938 | INFO     | oto.adapter.oto:run:382 - [0/5] ImageLoad: Loading image...
2025-10-25 10:07:36.939 | INFO     | image_utils.adapter.load:_log_both:88 - Loading from: M:\CALife\CAShop - 구매대행\_code\scripts\xloto\test\images\CAPEA-001\input\02.jpg
2025-10-25 10:07:36.968 | SUCCESS  | image_utils.adapter.load:_log_both:88 - Completed: (1500, 2322) -> (1500, 2322)
2025-10-25 10:07:36.971 | SUCCESS  | oto.adapter.oto:run:408 - ✅ Image loaded: (1500, 2322) RGB
2025-10-25 10:07:36.972 | INFO     | oto.adapter.oto:run:413 - 
[1/5] ImageTextRecognize: Running OCR...
2025-10-25 10:07:36.973 | INFO     | image_utils.adapter.text_recognize:run:226 - Running OCR on image: (1500, 2322) RGB
2025-10-25 10:07:58.212 | INFO     | image_utils.adapter.text_recognize:run:254 - OCR detected 13 items
2025-10-25 10:07:58.213 | DEBUG    | image_utils.adapter.text_recognize:_postprocess_items:464 - Stripped special chars: '200W/PD快充新高度' -> '200W PD快充新高度'
2025-10-25 10:07:58.215 | INFO     | image_utils.adapter.text_recognize:_postprocess_items:474 - Filtered alphanumeric-only items: 13 -> 12
2025-10-25 10:07:58.215 | SUCCESS  | image_utils.adapter.text_recognize:run:259 - OCR completed: 12 items after postprocessing
2025-10-25 10:07:58.217 | SUCCESS  | oto.adapter.oto:run:434 - ✅ OCR completed: 12 items
2025-10-25 10:07:58.218 | INFO     | oto.adapter.oto:run:444 - 
[2/5] Translate: Translating texts...
2025-10-25 10:07:58.219 | INFO     | oto.adapter.oto:run:454 -   Original texts: 12
2025-10-25 10:07:58.220 | INFO     | translate_utils.adapter.translate:run:251 - [Translate] Translating 12 texts
2025-10-25 10:07:58.220 | INFO     | translate_utils.services.pipeline:run:89 - [Pipeline] Translating 9 uncached segments (bulk)
2025-10-25 10:07:58.539 | SUCCESS  | translate_utils.adapter.translate:run:302 - [Translate] Completed: 9 translations
2025-10-25 10:07:58.540 | SUCCESS  | oto.adapter.oto:run:487 - ✅ Translation completed: 9 texts
2025-10-25 10:07:58.541 | INFO     | oto.adapter.oto:run:492 - 
[3/5] Conversion: OCRItem → OverlayItem...
2025-10-25 10:07:58.542 | SUCCESS  | oto.adapter.oto:run:508 - ✅ Converted: 12 overlay items
2025-10-25 10:07:58.543 | INFO     | oto.adapter.oto:run:513 - 
[4/5] ImageOverlay: Rendering overlay + saving...
2025-10-25 10:07:58.546 | INFO     | image_utils.adapter.overlay:run:215 - Overlaying 12 items on image (1500, 2322)...
2025-10-25 10:07:58.613 | DEBUG    | image_utils.adapter.overlay:run:262 - Compositing layers...
2025-10-25 10:07:58.653 | SUCCESS  | image_utils.adapter.overlay:run:283 - Overlay completed: 12 items rendered
2025-10-25 10:07:58.657 | ERROR    | image_utils.adapter.overlay:_log_both:117 - Failed to save overlaid image: unknown file extension: 
2025-10-25 10:07:58.661 | INFO     | image_utils.adapter.overlay:_log_both:117 - Overlay metadata saved: M:\CALife\CAShop - 구매대행\_code\scripts\xloto\test\images\02_overlay_meta.json
2025-10-25 10:07:58.666 | SUCCESS  | oto.adapter.oto:run:543 - ✅ Overlay completed (Adapter handled save/meta)
2025-10-25 10:07:58.667 | INFO     | oto.adapter.oto:run:547 - 
================================================================================
2025-10-25 10:07:58.668 | SUCCESS  | oto.adapter.oto:run:548 - ✅ Oto Pipeline Completed: 02.jpg
2025-10-25 10:07:58.669 | INFO     | oto.adapter.oto:run:549 - ================================================================================

2025-10-25 10:07:58.673 | SUCCESS  | scripts.xloto.adapter.xloto:run:414 -       Saved to: M:\CALife\CAShop - 구매대행\_code\scripts\xloto\test\images\CAPEA-001\output\02.jpg
2025-10-25 10:07:58.674 | SUCCESS  | scripts.xloto.adapter.xloto:run:422 -     Processed: 4/4
2025-10-25 10:07:58.674 | INFO     | scripts.xloto.adapter.xloto:run:441 - [4/4] Updating Excel...
2025-10-25 10:07:58.675 | DEBUG    | scripts.xloto.adapter.xloto:excel_updater:266 - ExcelUpdater created
2025-10-25 10:07:58.729 | SUCCESS  | scripts.xloto.adapter.xloto:run:449 -   Updated 0 cells
2025-10-25 10:07:59.200 | DEBUG    | xl_utils.adapter.excel_load:close:330 - Excel file closed
2025-10-25 10:07:59.201 | INFO     | scripts.xloto.adapter.xloto:run:453 - ================================================================================
2025-10-25 10:07:59.202 | SUCCESS  | scripts.xloto.adapter.xloto:run:454 - XLOTO Pipeline Completed
2025-10-25 10:07:59.202 | INFO     | scripts.xloto.adapter.xloto:run:455 -    Total: 1
2025-10-25 10:07:59.203 | INFO     | scripts.xloto.adapter.xloto:run:456 -    Processed: 1
2025-10-25 10:07:59.204 | INFO     | scripts.xloto.adapter.xloto:run:457 - ================================================================================
2025-10-25 10:07:59.254 | DEBUG    | translate_utils.adapter.translate:close:315 - Provider closed
